0.000000000,1.69907e+7
0.005804989,8.9465e+6
0.011609977,8.2844e+6
0.017414966,4.81591e+6
0.023219955,4.39931e+6
0.029024943,7.90764e+6
0.034829932,7.38343e+6
0.040634921,3.74209e+6
0.046439909,3.29309e+6
0.052244898,5.5154e+6
0.058049887,1.27793e+7
0.063854875,1.35204e+7
0.069659864,9.53422e+6
0.075464853,1.01375e+7
0.081269841,1.26821e+7
0.087074830,9.69812e+6
0.092879819,8.19195e+6
0.098684807,8.29437e+6
0.104489796,1.11705e+7
0.110294785,5.86873e+6
0.116099773,1.15702e+7
0.121904762,1.34625e+7
0.127709751,1.67226e+7
0.133514739,1.7927e+7
0.139319728,1.05552e+7
0.145124717,5.03476e+6
0.150929705,4.54579e+6
0.156734694,5.14454e+6
0.162539683,6.89998e+6
0.168344671,4.44809e+6
0.174149660,3.88739e+6
0.179954649,5.87441e+6
0.185759637,1.47605e+7
0.191564626,1.80258e+7
0.197369615,3.87814e+6
0.203174603,2.3549e+6
0.208979592,1.67343e+6
0.214784580,146387
0.220589569,48042.2
0.226394558,34411.7
0.232199546,37293.4
0.238004535,41692.6
0.243809524,43471
0.249614512,33349.6
0.255419501,25098.4
0.261224490,22603.1
0.267029478,23243.8
0.272834467,22432.8
0.278639456,21027.9
0.284444444,21275.5
0.290249433,21307.6
0.296054422,20598
0.301859410,20025.6
0.307664399,19048.5
0.313469388,19591.4
0.319274376,21371.8
0.325079365,24098.1
0.330884354,26248
0.336689342,28633.1
0.342494331,28714.2
0.348299320,28200.1
0.354104308,27954.1
0.359909297,27388.5
0.365714286,32123.2
0.371519274,60735.7
0.377324263,125464
0.383129252,201310
0.388934240,445934
0.394739229,991427
0.400544218,2.20813e+6
0.406349206,2.66145e+6
0.412154195,2.81997e+6
0.417959184,1.40588e+6
0.423764172,384917
0.429569161,59516
0.435374150,41766
0.441179138,45742.8
0.446984127,33638.6
0.452789116,96133.9
0.458594104,70749
0.464399093,128636
0.470204082,584512
0.476009070,375113
0.481814059,379177
0.487619048,1.91921e+6
0.493424036,1.42631e+6
0.499229025,319183
0.505034014,49496.3
0.510839002,35582.8
0.516643991,36539.4
0.522448980,40242.9
0.528253968,37923.3
0.534058957,52192.1
0.539863946,106779
0.545668934,186611
0.551473923,504229
0.557278912,765779
0.563083900,1.23518e+6
0.568888889,1.11893e+6
0.574693878,1.46839e+6
0.580498866,2.15922e+6
0.586303855,2.16215e+6
0.592108844,5.10659e+6
0.597913832,1.29383e+6
0.603718821,818639
0.609523810,1.04434e+6
0.615328798,728661
0.621133787,688412
0.626938776,154433
0.632743764,34297
0.638548753,19952.8
0.644353741,20349.4
0.650158730,21626.6
0.655963719,19754.3
0.661768707,20298.6
0.667573696,20535.7
0.673378685,21972.2
0.679183673,23597.9
0.684988662,27852.7
0.690793651,25344.8
0.696598639,21942.7
0.702403628,20797.2
0.708208617,28804.3
0.714013605,49662
0.719818594,93954.3
0.725623583,119869
0.731428571,117846
0.737233560,124649
0.743038549,121999
0.748843537,100644
0.754648526,78871.6
0.760453515,56815.7
0.766258503,47910.8
0.772063492,43715.9
0.777868481,38662.2
0.783673469,34541.8
0.789478458,34692.2
0.795283447,41467.1
0.801088435,55980.8
0.806893424,86879
0.812698413,146753
0.818503401,289743
0.824308390,657729
0.830113379,1.51642e+6
0.835918367,3.8442e+6
0.841723356,4.99937e+6
0.847528345,5.53228e+6
0.853333333,6.14384e+6
0.859138322,6.4642e+6
0.864943311,6.47402e+6
0.870748299,5.66309e+6
0.876553288,5.15239e+6
0.882358277,4.85003e+6
0.888163265,5.50079e+6
0.893968254,5.60951e+6
0.899773243,3.85474e+6
0.905578231,4.17017e+6
0.911383220,2.42236e+6
0.917188209,163259
0.922993197,46082.1
0.928798186,33220.6
0.934603175,39782.4
0.940408163,42771.6
0.946213152,40469.8
0.952018141,41424.3
0.957823129,41920.7
0.963628118,40433.7
0.969433107,41876.3
0.975238095,45098.7
0.981043084,46939.6
0.986848073,46171
0.992653061,45953.7
0.998458050,43839.8
1.004263039,41840.4
1.010068027,40837.3
1.015873016,38227.5
1.021678005,34884
1.027482993,34998.6
1.033287982,34662.1
1.039092971,34230.3
1.044897959,34279.6
1.050702948,33112.7
1.056507937,33524.7
1.062312925,33698.6
1.068117914,34803.7
1.073922902,37260
1.079727891,37576
1.085532880,38441.5
1.091337868,38513.9
1.097142857,39638.8
1.102947846,38468.4
1.108752834,38176.3
1.114557823,37367.6
1.120362812,34947.7
1.126167800,32108.5
1.131972789,29996.7
1.137777778,28686.4
1.143582766,27531.4
1.149387755,27014.5
1.155192744,31451.2
1.160997732,35289.6
1.166802721,40306.7
1.172607710,52878
1.178412698,77974.5
1.184217687,136913
1.190022676,227323
1.195827664,292582
1.201632653,308275
1.207437642,279723
1.213242630,240585
1.219047619,179683
1.224852608,116077
1.230657596,71478
1.236462585,67179.7
1.242267574,57254.3
1.248072562,58509.9
1.253877551,53203.9
1.259682540,40541.8
1.265487528,35124.5
1.271292517,33202.6
1.277097506,29782.9
1.282902494,29761.9
1.288707483,33200.1
1.294512472,35336
1.300317460,35308.2
1.306122449,40321.9
1.311927438,50140.6
1.317732426,67094.8
1.323537415,68337.6
1.329342404,70376.3
1.335147392,69587.5
1.340952381,70745.6
1.346757370,86091
1.352562358,92288.9
1.358367347,110160
1.364172336,151088
1.369977324,166105
1.375782313,172845
1.381587302,183142
1.387392290,321325
1.393197279,630070
1.399002268,858472
1.404807256,626220
1.410612245,745611
1.416417234,592899
1.422222222,599871
1.428027211,687286
1.433832200,626576
1.439637188,1.08879e+6
1.445442177,976418
1.451247166,1.45326e+6
1.457052154,1.82676e+6
1.462857143,1.60146e+6
1.468662132,531833
1.474467120,138254
1.480272109,66764.3
1.486077098,66192.4
1.491882086,83251.8
1.497687075,73570.9
1.503492063,69781.1
1.509297052,55793.7
1.515102041,42522.5
1.520907029,36228.9
1.526712018,35460.9
1.532517007,38443
1.538321995,40251.5
1.544126984,37512.2
1.549931973,40073.8
1.555736961,39874.1
1.561541950,47815.9
1.567346939,55152.4
1.573151927,48289.9
1.578956916,60437.7
1.584761905,82648
1.590566893,64138.5
1.596371882,42333.7
1.602176871,48617.7
1.607981859,61631.8
1.613786848,38479.6
1.619591837,36885.2
1.625396825,49206.2
1.631201814,39816.7
1.637006803,73102.1
1.642811791,60328.3
1.648616780,49914.9
1.654421769,75312.3
1.660226757,80616.6
1.666031746,71149.2
1.671836735,73891.5
1.677641723,74703.3
1.683446712,68365.5
1.689251701,103666
1.695056689,105355
1.700861678,98096.6
1.706666667,112509
1.712471655,98789.6
1.718276644,84411.6
1.724081633,86512
1.729886621,85519.3
1.735691610,92282.8
1.741496599,110501
1.747301587,171494
1.753106576,161281
1.758911565,148081
1.764716553,152491
1.770521542,122474
1.776326531,111031
1.782131519,259463
1.787936508,678052
1.793741497,604532
1.799546485,324543
1.805351474,261058
1.811156463,484314
1.816961451,1.06659e+6
1.822766440,1.754e+6
1.828571429,2.18386e+6
1.834376417,2.49839e+6
1.840181406,1.93432e+6
1.845986395,1.17009e+6
1.851791383,797735
1.857596372,779714
1.863401361,888042
1.869206349,1.10517e+6
1.875011338,1.85463e+6
1.880816327,2.65345e+6
1.886621315,1.90339e+6
1.892426304,2.16922e+6
1.898231293,2.54305e+6
1.904036281,1.8783e+6
1.909841270,2.29556e+6
1.915646259,1.09058e+6
1.921451247,1.06279e+6
1.927256236,1.42219e+6
1.933061224,1.89544e+6
1.938866213,2.15311e+6
1.944671202,1.29807e+6
1.950476190,1.03715e+6
1.956281179,1.38287e+6
1.962086168,2.05085e+6
1.967891156,2.75489e+6
1.973696145,3.38683e+6
1.979501134,3.01878e+6
1.985306122,1.33352e+6
1.991111111,557785
1.996916100,779530
2.002721088,1.45969e+6
2.008526077,1.61079e+6
2.014331066,3.07398e+6
2.020136054,2.33141e+6
2.025941043,1.79765e+6
2.031746032,1.87366e+6
2.037551020,1.28678e+6
2.043356009,1.07361e+6
2.049160998,332567
2.054965986,78207.1
2.060770975,30683.2
2.066575964,20432.1
2.072380952,27974.3
2.078185941,31946
2.083990930,93312.6
2.089795918,99487.3
2.095600907,132579
2.101405896,35603.1
2.107210884,20138.6
2.113015873,18343.8
2.118820862,17337.2
2.124625850,29644.3
2.130430839,25194.4
2.136235828,41360
2.142040816,52252
2.147845805,218968
2.153650794,353726
2.159455782,382511
2.165260771,852108
2.171065760,830914
2.176870748,1.43919e+6
2.182675737,4.60765e+6
2.188480726,4.32734e+6
2.194285714,8.55975e+6
2.200090703,8.79805e+6
2.205895692,5.91587e+6
2.211700680,6.37921e+6
2.217505669,5.65957e+6
2.223310658,6.86554e+6
2.229115646,1.56708e+7
2.234920635,1.3181e+7
2.240725624,5.11485e+6
2.246530612,4.3482e+6
2.252335601,7.9227e+6
2.258140590,7.33138e+6
2.263945578,3.46789e+6
2.269750567,3.08454e+6
2.275555556,4.25471e+6
2.281360544,4.42086e+6
2.287165533,3.40844e+6
2.292970522,3.48612e+6
2.298775510,5.00304e+6
2.304580499,5.29239e+6
2.310385488,5.14025e+6
2.316190476,6.85425e+6
2.321995465,1.10346e+7
2.327800454,9.18125e+6
2.333605442,1.23439e+7
2.339410431,1.38913e+7
2.345215420,7.11625e+6
2.351020408,3.43699e+6
2.356825397,4.11129e+6
2.362630385,5.2863e+6
2.368435374,7.35369e+6
2.374240363,5.93973e+6
2.380045351,1.21025e+7
2.385850340,3.04152e+7
2.391655329,1.92499e+7
2.397460317,1.13574e+7
2.403265306,8.54906e+6
2.409070295,5.01846e+6
2.414875283,4.67685e+6
2.420680272,3.47938e+6
2.426485261,1.29489e+6
2.432290249,1.30523e+6
2.438095238,914896
2.443900227,1.17685e+6
2.449705215,772833
2.455510204,445422
2.461315193,233835
2.467120181,115046
2.472925170,68747.5
2.478730159,56273.3
2.484535147,58612.6
2.490340136,81404
2.496145125,107910
2.501950113,69186
2.507755102,71431.3
2.513560091,82789.1
2.519365079,80602.2
2.525170068,66236.1
2.530975057,56344.3
2.536780045,37879.9
2.542585034,36881.7
2.548390023,41548.7
2.554195011,43647
2.560000000,40425.3
2.565804989,38126.3
2.571609977,32389.7
2.577414966,35256.7
2.583219955,37285
2.589024943,28027.6
2.594829932,27525.8
2.600634921,29383.9
2.606439909,28618.1
2.612244898,30447.2
2.618049887,27784.4
2.623854875,31560.2
2.629659864,38840.9
2.635464853,38012.9
2.641269841,38895.3
2.647074830,33564.6
2.652879819,43740.2
2.658684807,52174.5
2.664489796,58110.1
2.670294785,54865.2
2.676099773,55311.2
2.681904762,59455.4
2.687709751,58464.3
2.693514739,59523.1
2.699319728,60361.6
2.705124717,59605.7
2.710929705,58367.7
2.716734694,60017.4
2.722539683,64635.9
2.728344671,67300.7
2.734149660,66118.4
2.739954649,69027.6
2.745759637,69147.9
2.751564626,69476.8
2.757369615,70559
2.763174603,71716.3
2.768979592,73789.3
2.774784580,71863.9
2.780589569,70234
2.786394558,69262.9
2.792199546,68204.4
2.798004535,67459
2.803809524,64113.5
2.809614512,61434
2.815419501,60675.4
2.821224490,60409.9
2.827029478,59800.9
2.832834467,58698.7
2.838639456,57679.6
2.844444444,53826.7
2.850249433,45530.7
2.856054422,45729.7
2.861859410,33590.7
2.867664399,22131.2
2.873469388,23402
2.879274376,25176.7
2.885079365,21744.7
2.890884354,18032.1
2.896689342,17178.2
2.902494331,17010.5
2.908299320,16339
2.914104308,15117.3
2.919909297,15477.5
2.925714286,17416
2.931519274,16975.3
2.937324263,17461.6
2.943129252,16807.5
2.948934240,16160.9
2.954739229,15745.4
2.960544218,16168.2
2.966349206,17213
2.972154195,44775.8
2.977959184,47543.9
2.983764172,38958
2.989569161,41717.4
2.995374150,43618.8
3.001179138,49849.8
3.006984127,52071.7
3.012789116,48300.2
3.018594104,47212.1
3.024399093,47603.4
3.030204082,43874.6
3.036009070,41368.3
3.041814059,42697.1
3.047619048,43876.4
3.053424036,46350.8
3.059229025,48332.7
3.065034014,48997.5
3.070839002,51801.3
3.076643991,45529.1
3.082448980,41811.9
3.088253968,41353.2
3.094058957,38372.5
3.099863946,36722.9
3.105668934,33341.5
3.111473923,54196
3.117278912,214526
3.123083900,583303
3.128888889,1.5452e+6
3.134693878,1.57903e+6
3.140498866,1.02761e+6
3.146303855,809587
3.152108844,1.24146e+6
3.157913832,1.18493e+6
3.163718821,1.50568e+6
3.169523810,2.1088e+6
3.175328798,1.8115e+6
3.181133787,2.02364e+6
3.186938776,1.59952e+6
3.192743764,1.2419e+6
3.198548753,845321
3.204353741,912418
3.210158730,1.73151e+6
3.215963719,1.66459e+6
3.221768707,119445
3.227573696,63070.2
3.233378685,53972.9
3.239183673,53958.4
3.244988662,51479.1
3.250793651,51754.5
3.256598639,53284.7
3.262403628,52178.7
3.268208617,47408.2
3.274013605,44562.9
3.279818594,40589.4
3.285623583,38216.5
3.291428571,40062.7
3.297233560,40208.1
3.303038549,36637.2
3.308843537,38972.1
3.314648526,60130.3
3.320453515,120475
3.326258503,270165
3.332063492,608913
3.337868481,322005
3.343673469,198214
3.349478458,145639
3.355283447,225447
3.361088435,277527
3.366893424,271798
3.372698413,331917
3.378503401,393899
3.384308390,230360
3.390113379,312631
3.395918367,551312
3.401723356,707222
3.407528345,755834
3.413333333,542556
3.419138322,100307
3.424943311,48595.9
3.430748299,61677.4
3.436553288,68063.6
3.442358277,74619.2
3.448163265,86528.3
3.453968254,90607.9
3.459773243,84455.2
3.465578231,79448.8
3.471383220,79563.3
3.477188209,78711.3
3.482993197,66174.2
3.488798186,57295.8
3.494603175,53000.5
3.500408163,43393.1
3.506213152,43085.5
3.512018141,49926.6
3.517823129,52929.3
3.523628118,48529.4
3.529433107,46017.9
3.535238095,64879.2
3.541043084,161249
3.546848073,570783
3.552653061,1.48744e+6
3.558458050,1.55107e+6
3.564263039,1.66529e+6
3.570068027,2.48001e+6
3.575873016,4.0107e+6
3.581678005,5.71869e+6
3.587482993,4.71847e+6
3.593287982,4.47007e+6
3.599092971,866617
3.604897959,469183
3.610702948,379651
3.616507937,641097
3.622312925,769007
3.628117914,492141
3.633922902,563022
3.639727891,926075
3.645532880,755463
3.651337868,1.02145e+6
3.657142857,1.70164e+6
3.662947846,1.69571e+6
3.668752834,350772
3.674557823,64725.5
3.680362812,35452
3.686167800,46829.8
3.691972789,54842.1
3.697777778,53819.3
3.703582766,56829.8
3.709387755,56684.6
3.715192744,52397.5
3.720997732,45981.2
3.726802721,44303.5
3.732607710,45115.8
3.738412698,44334
3.744217687,42048.8
3.750022676,48460.3
3.755827664,70366.5
3.761632653,131324
3.767437642,149239
3.773242630,139098
3.779047619,134161
3.784852608,110969
3.790657596,101031
3.796462585,95120.4
3.802267574,74539.9
3.808072562,65564.6
3.813877551,62369
3.819682540,57264.5
3.825487528,46228.6
3.831292517,36319.2
3.837097506,32885.6
3.842902494,33850.9
3.848707483,47310.2
3.854512472,46137.5
3.860317460,52156.9
3.866122449,40406.5
3.871927438,45240.4
3.877732426,85350.9
3.883537415,106102
3.889342404,289336
3.895147392,322554
3.900952381,124306
3.906757370,153988
3.912562358,84761.3
3.918367347,122944
3.924172336,443010
3.929977324,905915
3.935782313,1.81576e+6
3.941587302,3.29878e+6
3.947392290,5.9463e+6
3.953197279,4.89387e+6
3.959002268,1.38908e+6
3.964807256,167206
3.970612245,57300.7
3.976417234,58382.2
3.982222222,61874.1
3.988027211,61308
3.993832200,64820.2
3.999637188,76144.3
4.005442177,69765.4
4.011247166,36999.9
4.017052154,31250.2
4.022857143,35477.9
4.028662132,32477.2
4.034467120,28376.9
4.040272109,27547.6
4.046077098,26182.8
4.051882086,24818.2
4.057687075,23891.4
4.063492063,23727.3
4.069297052,22980.8
4.075102041,21556.2
4.080907029,23099.7
4.086712018,23603.7
4.092517007,22119.6
4.098321995,21767.5
4.104126984,21854
4.109931973,21262.1
4.115736961,20709
4.121541950,18978
4.127346939,18764.8
4.133151927,16965
4.138956916,17004.1
4.144761905,16376.5
4.150566893,15451.3
4.156371882,14245.8
4.162176871,14905.7
4.167981859,15016.8
4.173786848,14209.8
4.179591837,13658.2
4.185396825,13896.7
4.191201814,14601.8
4.197006803,16488.5
4.202811791,40170.3
4.208616780,47568
4.214421769,49475
4.220226757,47295
4.226031746,41562.5
4.231836735,40077.8
4.237641723,41764.1
4.243446712,41634.5
4.249251701,38677.5
4.255056689,36782.9
4.260861678,37724.2
4.266666667,38521.3
4.272471655,37476.6
4.278276644,35553.7
4.284081633,29696.4
4.289886621,28297.4
4.295691610,30259.4
4.301496599,29057.4
4.307301587,27542.2
4.313106576,27886.6
4.318911565,35583.2
4.324716553,41142.5
4.330521542,41119.7
4.336326531,37641.8
4.342131519,38925
4.347936508,45741.7
4.353741497,77940.7
4.359546485,82816.8
4.365351474,78814.7
4.371156463,138496
4.376961451,127377
4.382766440,88993.6
4.388571429,99343.3
4.394376417,96961.3
4.400181406,53903.8
4.405986395,49802.4
4.411791383,50929.2
4.417596372,38210.2
4.423401361,32377.2
4.429206349,34650.9
4.435011338,40693.5
4.440816327,42851.9
4.446621315,38805
4.452426304,47182.9
4.458231293,51911
4.464036281,43478
4.469841270,37896.8
4.475646259,33354.8
4.481451247,33316.1
4.487256236,32334.6
4.493061224,34310.2
4.498866213,39179.3
4.504671202,43470.9
4.510476190,44026.3
4.516281179,42921.8
4.522086168,41525.6
4.527891156,39440.7
4.533696145,36198.9
4.539501134,32255.4
4.545306122,35285.8
4.551111111,53114.1
4.556916100,54787.8
4.562721088,57196.8
4.568526077,105846
4.574331066,401833
4.580136054,869443
4.585941043,1.49896e+6
4.591746032,3.33571e+6
4.597551020,6.26856e+6
4.603356009,7.12753e+6
4.609160998,6.89682e+6
4.614965986,4.43253e+6
4.620770975,5.78692e+6
4.626575964,6.24124e+6
4.632380952,5.89602e+6
4.638185941,4.66629e+6
4.643990930,5.00029e+6
4.649795918,2.64387e+6
4.655600907,1.7206e+6
4.661405896,1.01127e+6
4.667210884,239086
4.673015873,84498.3
4.678820862,76789
4.684625850,77660.6
4.690430839,80749.4
4.696235828,84899.3
4.702040816,93219.7
4.707845805,88359.4
4.713650794,83078.8
4.719455782,78996
4.725260771,75232.6
4.731065760,77542.6
4.736870748,80608.6
4.742675737,79617.4
4.748480726,69203.4
4.754285714,64037.4
4.760090703,65880.7
4.765895692,63674.5
4.771700680,82633.5
4.777505669,149604
4.783310658,334652
4.789115646,852984
4.794920635,2.37911e+6
4.800725624,2.02033e+6
4.806530612,2.12858e+6
4.812335601,1.95724e+6
4.818140590,1.95425e+6
4.823945578,2.18083e+6
4.829750567,2.74688e+6
4.835555556,2.90419e+6
4.841360544,3.39023e+6
4.847165533,3.4509e+6
4.852970522,5.09473e+6
4.858775510,4.8339e+6
4.864580499,9.52431e+6
4.870385488,1.21888e+7
4.876190476,1.65266e+7
4.881995465,5.64069e+6
4.887800454,637758
4.893605442,245825
4.899410431,189087
4.905215420,171371
4.911020408,140430
4.916825397,114322
4.922630385,100071
4.928435374,94598.6
4.934240363,83951.6
4.940045351,74597.8
4.945850340,64169.6
4.951655329,56397.3
4.957460317,52861.9
4.963265306,54697
4.969070295,56756.1
4.974875283,61230.9
4.980680272,69082.2
4.986485261,78167.1
4.992290249,74427
4.998095238,82017.9
5.003900227,91536.7
5.009705215,149638
5.015510204,268551
5.021315193,553406
5.027120181,942649
5.032925170,1.1536e+6
5.038730159,2.03102e+6
5.044535147,3.22378e+6
5.050340136,4.35079e+6
5.056145125,5.50826e+6
5.061950113,7.39605e+6
5.067755102,8.94892e+6
5.073560091,8.15891e+6
5.079365079,9.13608e+6
5.085170068,1.51936e+7
5.090975057,1.39241e+7
5.096780045,7.00746e+6
5.102585034,4.7583e+6
5.108390023,5.4927e+6
5.114195011,3.10039e+6
5.120000000,3.47677e+6
5.125804989,3.91849e+6
5.131609977,7.16357e+6
5.137414966,8.83176e+6
5.143219955,8.82828e+6
5.149024943,3.1779e+6
5.154829932,1.53476e+6
5.160634921,946477
5.166439909,995240
5.172244898,1.10635e+6
5.178049887,1.31852e+6
5.183854875,601993
5.189659864,80448.9
5.195464853,35247.7
5.201269841,39543
5.207074830,48928.3
5.212879819,48236.8
5.218684807,45566.1
5.224489796,39598.7
5.230294785,38058.8
5.236099773,38554.3
5.241904762,39963.5
5.247709751,39975.8
5.253514739,39976.1
5.259319728,44139.5
5.265124717,48765.9
5.270929705,50475.2
5.276734694,48534.4
5.282539683,47406.8
5.288344671,48400
5.294149660,50649.5
5.299954649,62025.8
5.305759637,69536.2
5.311564626,70181.9
5.317369615,75682
5.323174603,73905.6
5.328979592,68600.9
5.334784580,72384
5.340589569,74137.3
5.346394558,72766.8
5.352199546,64321.7
5.358004535,95583.7
5.363809524,109915
5.369614512,104044
5.375419501,63808.5
5.381224490,78955.7
5.387029478,96631.1
5.392834467,78929.3
5.398639456,80970
5.404444444,75351.9
5.410249433,70745.2
5.416054422,81638.6
5.421859410,80680.5
5.427664399,98094.7
5.433469388,77679.5
5.439274376,79979.5
5.445079365,66316.6
5.450884354,71711.9
5.456689342,67452
5.462494331,63383.9
5.468299320,57374
5.474104308,58268.3
5.479909297,52846
5.485714286,45984.3
5.491519274,43670
5.497324263,42568
5.503129252,62165.5
5.508934240,151273
5.514739229,311021
5.520544218,479336
5.526349206,971086
5.532154195,1.20516e+6
5.537959184,3.51685e+6
5.543764172,2.82922e+6
5.549569161,1.495e+6
5.555374150,1.13114e+6
5.561179138,781041
5.566984127,635178
5.572789116,429324
5.578594104,849714
5.584399093,1.5883e+6
5.590204082,4.87003e+6
5.596009070,3.23227e+6
5.601814059,1.75727e+6
5.607619048,1.41945e+6
5.613424036,543653
5.619229025,225401
5.625034014,100897
5.630839002,115879
5.636643991,119930
5.642448980,96127.7
5.648253968,127691
5.654058957,98048.3
5.659863946,74592.6
5.665668934,50972.1
5.671473923,46633.7
5.677278912,57254.3
5.683083900,64308.4
5.688888889,69678
5.694693878,67763.7
5.700498866,59056.9
5.706303855,68303.4
5.712108844,62456.5
5.717913832,53653.8
5.723718821,46834.4
5.729523810,49520.5
5.735328798,53834.3
5.741133787,62475.8
5.746938776,107531
5.752743764,78748.7
5.758548753,91726.9
5.764353741,122307
5.770158730,133844
5.775963719,150568
5.781768707,286925
5.787573696,359555
5.793378685,271893
5.799183673,711764
5.804988662,2.76056e+6
5.810793651,2.95393e+6
5.816598639,3.41007e+6
5.822403628,3.18713e+6
5.828208617,2.77524e+6
5.834013605,3.32628e+6
5.839818594,3.25229e+6
5.845623583,2.82139e+6
5.851428571,2.26425e+6
5.857233560,2.22578e+6
5.863038549,2.08067e+6
5.868843537,3.13997e+6
5.874648526,4.15667e+6
5.880453515,3.45868e+6
5.886258503,5.27337e+6
5.892063492,4.24499e+6
5.897868481,884515
5.903673469,118438
5.909478458,26249.6
5.915283447,30551.2
5.921088435,67883.9
5.926893424,83536.1
5.932698413,163873
5.938503401,766644
5.944308390,2.88319e+6
5.950113379,2.29544e+6
5.955918367,2.36169e+6
5.961723356,3.02298e+6
5.967528345,4.24903e+6
5.973333333,1.99496e+6
5.979138322,1.93491e+6
5.984943311,2.44473e+6
5.990748299,1.65395e+6
5.996553288,1.54375e+6
6.002358277,1.72735e+6
6.008163265,1.18645e+6
6.013968254,1.09741e+6
6.019773243,1.95554e+6
6.025578231,2.20627e+6
6.031383220,1.74236e+6
6.037188209,1.68382e+6
6.042993197,2.45408e+6
6.048798186,2.14792e+6
6.054603175,1.59034e+6
6.060408163,1.98635e+6
6.066213152,2.90621e+6
6.072018141,1.85604e+6
6.077823129,1.54003e+6
6.083628118,2.05872e+6
6.089433107,1.64911e+6
6.095238095,1.74438e+6
6.101043084,2.41617e+6
6.106848073,2.61308e+6
6.112653061,2.57382e+6
6.118458050,3.02283e+6
6.124263039,2.72526e+6
6.130068027,2.41836e+6
6.135873016,1.76469e+6
6.141678005,2.71442e+6
6.147482993,3.11245e+6
6.153287982,2.555e+6
6.159092971,2.7174e+6
6.164897959,2.43446e+6
6.170702948,2.94601e+6
6.176507937,2.32314e+6
6.182312925,3.28067e+6
6.188117914,6.13476e+6
6.193922902,1.12293e+7
6.199727891,7.92237e+6
6.205532880,3.53604e+6
6.211337868,3.22085e+6
6.217142857,3.76103e+6
6.222947846,3.48753e+6
6.228752834,3.42442e+6
6.234557823,5.91482e+6
6.240362812,1.06755e+7
6.246167800,1.24388e+7
6.251972789,9.62588e+6
6.257777778,6.52097e+6
6.263582766,5.85509e+6
6.269387755,5.11272e+6
6.275192744,4.94318e+6
6.280997732,3.37141e+6
6.286802721,2.58387e+6
6.292607710,2.59738e+6
6.298412698,2.77202e+6
6.304217687,3.78632e+6
6.310022676,4.65119e+6
6.315827664,3.47083e+6
6.321632653,5.02268e+6
6.327437642,4.81696e+6
6.333242630,4.22718e+6
6.339047619,3.42784e+6
6.344852608,3.35864e+6
6.350657596,2.06471e+6
6.356462585,1.6756e+6
6.362267574,3.23736e+6
6.368072562,2.32343e+6
6.373877551,213159
6.379682540,56432.2
6.385487528,37416.2
6.391292517,39584.2
6.397097506,37119.2
6.402902494,40880.7
6.408707483,44519.9
6.414512472,41623.4
6.420317460,39456.9
6.426122449,35908.4
6.431927438,40640.7
6.437732426,47758.7
6.443537415,52638.5
6.449342404,54931
6.455147392,60015.7
6.460952381,67086.5
6.466757370,80387.3
6.472562358,120258
6.478367347,165025
6.484172336,211283
6.489977324,236921
6.495782313,246545
6.501587302,392656
6.507392290,626442
6.513197279,886665
6.519002268,881065
6.524807256,630081
6.530612245,204262
6.536417234,70362.4
6.542222222,36406.5
6.548027211,28217.9
6.553832200,27258.8
6.559637188,26680.1
6.565442177,25249.4
6.571247166,22288.1
6.577052154,19588.7
6.582857143,18930.8
6.588662132,18601.5
6.594467120,21834.6
6.600272109,30585.4
6.606077098,33022.8
6.611882086,45794.3
6.617687075,83468.3
6.623492063,164850
6.629297052,224690
6.635102041,82693.4
6.640907029,15148.4
6.646712018,7541.53
6.652517007,9749.35
6.658321995,11327.2
6.664126984,13315.4
6.669931973,10383
6.675736961,17542.1
6.681541950,29046.3
6.687346939,81394.3
6.693151927,98594.5
6.698956916,73457.4
6.704761905,53375.2
6.710566893,92400.6
6.716371882,671632
6.722176871,259645
6.727981859,622860
6.733786848,851808
6.739591837,698339
6.745396825,99786.5
6.751201814,47165.5
6.757006803,33316.1
6.762811791,35106
6.768616780,34999.8
6.774421769,36019.3
6.780226757,32025.2
6.786031746,28342.2
6.791836735,31750
6.797641723,30620.4
6.803446712,29631.9
6.809251701,26485.6
6.815056689,24912.2
6.820861678,29388.7
6.826666667,20909.9
6.832471655,16750
6.838276644,17362.9
6.844081633,19678.9
6.849886621,20879.6
6.855691610,20489.2
6.861496599,20417.8
6.867301587,19273
6.873106576,17393.5
6.878911565,20168.8
6.884716553,29714.9
6.890521542,65186.5
6.896326531,141762
6.902131519,294556
6.907936508,544007
6.913741497,1.57655e+6
6.919546485,2.65086e+6
6.925351474,1.58582e+6
6.931156463,1.35035e+6
6.936961451,1.28948e+6
6.942766440,1.0188e+6
6.948571429,1.25211e+6
6.954376417,1.18595e+6
6.960181406,1.84058e+6
6.965986395,2.4682e+6
6.971791383,609707
6.977596372,79289.7
6.983401361,49452.7
6.989206349,68050.4
6.995011338,74924.4
7.000816327,71157.2
7.006621315,84157.6
7.012426304,80783.3
7.018231293,74138.6
7.024036281,78305.5
7.029841270,87588.2
7.035646259,62929.3
7.041451247,51619.8
7.047256236,49800.9
7.053061224,70620.3
7.058866213,52046
7.064671202,45973.4
7.070476190,39594.3
7.076281179,45922.4
7.082086168,60775
7.087891156,106081
7.093696145,172064
7.099501134,339786
7.105306122,232576
7.111111111,240519
7.116916100,539127
7.122721088,1.0727e+6
7.128526077,2.31473e+6
7.134331066,3.78403e+6
7.140136054,4.8395e+6
7.145941043,2.93624e+6
7.151746032,2.74348e+6
7.157551020,3.82613e+6
7.163356009,3.89718e+6
7.169160998,4.34636e+6
7.174965986,6.0708e+6
7.180770975,9.86292e+6
7.186575964,8.36994e+6
7.192380952,5.14304e+6
7.198185941,4.68835e+6
7.203990930,3.80457e+6
7.209795918,4.49452e+6
7.215600907,795340
7.221405896,146061
7.227210884,59406.8
7.233015873,51270
7.238820862,40880.7
7.244625850,39512.1
7.250430839,37842.1
7.256235828,27496.2
7.262040816,21200.1
7.267845805,17777.8
7.273650794,17423.6
7.279455782,15684.8
7.285260771,11824
7.291065760,11595.9
7.296870748,13599.2
7.302675737,15576.1
7.308480726,17121.2
7.314285714,20296.9
7.320090703,24787.7
7.325895692,26985.2
7.331700680,29726.4
7.337505669,33669.6
7.343310658,36164.3
7.349115646,37709.6
7.354920635,38408.4
7.360725624,40477.6
7.366530612,41925.7
7.372335601,41514.3
7.378140590,48312.3
7.383945578,61203.7
7.389750567,84017
7.395555556,114822
7.401360544,136830
7.407165533,199537
7.412970522,306974
7.418775510,980801
7.424580499,1.35503e+6
7.430385488,966334
7.436190476,1.69281e+6
7.441995465,3.94204e+6
7.447800454,436231
7.453605442,78369.4
7.459410431,47611
7.465215420,55804.6
7.471020408,61578.5
7.476825397,52806
7.482630385,62552.5
7.488435374,65591.6
7.494240363,57363.4
7.500045351,54393.6
7.505850340,57924.7
7.511655329,64695.8
7.517460317,66545.3
7.523265306,59449
7.529070295,61197.1
7.534875283,81893
7.540680272,96378.3
7.546485261,89680.3
7.552290249,101484
7.558095238,108150
7.563900227,93312.7
7.569705215,111002
7.575510204,157171
7.581315193,266277
7.587120181,241223
7.592925170,174389
7.598730159,129885
7.604535147,259706
7.610340136,703036
7.616145125,2.07743e+6
7.621950113,2.80601e+6
7.627755102,2.91748e+6
7.633560091,2.43201e+6
7.639365079,2.89024e+6
7.645170068,3.50127e+6
7.650975057,3.75261e+6
7.656780045,5.24832e+6
7.662585034,542653
7.668390023,249194
7.674195011,270127
7.680000000,436484
7.685804989,455188
7.691609977,769563
7.697414966,1.13838e+6
7.703219955,1.57204e+6
7.709024943,614783
7.714829932,514166
7.720634921,481885
7.726439909,453037
7.732244898,539124
7.738049887,663877
7.743854875,696590
7.749659864,610854
7.755464853,842931
7.761269841,572620
7.767074830,76294.7
7.772879819,35215.5
7.778684807,33187
7.784489796,43606.8
7.790294785,42126.8
7.796099773,48027.1
7.801904762,46220.5
7.807709751,41727.5
7.813514739,41791.7
7.819319728,41851.1
7.825124717,44358.6
7.830929705,48995.1
7.836734694,50725.6
7.842539683,54909.6
7.848344671,58827
7.854149660,59169
7.859954649,57016.9
7.865759637,57604
7.871564626,57329.1
7.877369615,51443.2
7.883174603,47001.5
7.888979592,45060.9
7.894784580,43328
7.900589569,41716.4
7.906394558,40380.4
7.912199546,40466.8
7.918004535,39853.5
7.923809524,44918.8
7.929614512,46701.8
7.935419501,46251.6
7.941224490,47517.6
7.947029478,50089.5
7.952834467,49921.6
7.958639456,60996.1
7.964444444,69709.1
7.970249433,85035.6
7.976054422,91695.4
7.981859410,98287
7.987664399,107303
7.993469388,106443
7.999274376,108400
8.005079365,110497
8.010884354,99814.6
8.016689342,75911.9
8.022494331,50477.3
8.028299320,44445
8.034104308,47068.3
8.039909297,43160.3
8.045714286,39743.2
8.051519274,43672.7
8.057324263,43585.4
8.063129252,42486.5
8.068934240,41234.7
8.074739229,45938.2
8.080544218,58364.5
8.086349206,63912.2
8.092154195,73916.6
8.097959184,87243.4
8.103764172,107493
8.109569161,198789
8.115374150,534891
8.121179138,1.54022e+6
8.126984127,2.70472e+6
8.132789116,4.49257e+6
8.138594104,4.43456e+6
8.144399093,986716
8.150204082,785245
8.156009070,837531
8.161814059,946146
8.167619048,402623
8.173424036,97047.9
8.179229025,53726
8.185034014,37532.7
8.190839002,38652.1
8.196643991,45089
8.202448980,48711.7
8.208253968,51992
8.214058957,44923.5
8.219863946,43786.6
8.225668934,46239.6
8.231473923,47355.5
8.237278912,42179.5
8.243083900,43683.8
8.248888889,45178.8
8.254693878,41650.2
8.260498866,38482.9
8.266303855,36737.3
8.272108844,35329
8.277913832,35140.9
8.283718821,31890.7
8.289523810,29272.2
8.295328798,30825.7
8.301133787,48649.6
8.306938776,83140.9
8.312743764,137874
8.318548753,172259
8.324353741,237194
8.330158730,294967
8.335963719,294630
8.341768707,319892
8.347573696,336618
8.353378685,242533
8.359183673,152983
8.364988662,93615.5
8.370793651,70844.5
8.376598639,46091.1
8.382403628,32992.3
8.388208617,25891.6
8.394013605,24040.6
8.399818594,34211.6
8.405623583,42184.2
8.411428571,46849.4
8.417233560,57796.1
8.423038549,76367.7
8.428843537,74195.2
8.434648526,70619
8.440453515,92078.4
8.446258503,120424
8.452063492,135285
8.457868481,116113
8.463673469,118449
8.469478458,127270
8.475283447,111778
8.481088435,119121
8.486893424,117904
8.492698413,191674
8.498503401,145372
8.504308390,124425
8.510113379,268052
8.515918367,207139
8.521723356,122224
8.527528345,151959
8.533333333,365106
8.539138322,1.14455e+6
8.544943311,3.89577e+6
8.550748299,1.12952e+6
8.556553288,148684
8.562358277,89583.5
8.568163265,107310
8.573968254,83892.7
8.579773243,282003
8.585578231,180331
8.591383220,64074
8.597188209,31019.7
8.602993197,38851.7
8.608798186,46846.1
8.614603175,49376.7
8.620408163,65254.5
8.626213152,99915.3
8.632018141,185744
8.637823129,466433
8.643628118,718045
8.649433107,684047
8.655238095,1.22737e+6
8.661043084,916721
8.666848073,862422
8.672653061,661887
8.678458050,505943
8.684263039,502400
8.690068027,323190
8.695873016,313610
8.701678005,429345
8.707482993,695763
8.713287982,902154
8.719092971,1.12748e+6
8.724897959,1.03944e+6
8.730702948,208684
8.736507937,53847.7
8.742312925,40561.3
8.748117914,46279.4
8.753922902,49327.9
8.759727891,48957.5
8.765532880,47889.7
8.771337868,45447.8
8.777142857,42539.9
8.782947846,39355.5
8.788752834,38817.6
8.794557823,39218.6
8.800362812,41027.7
8.806167800,46066
8.811972789,53091.3
8.817777778,81362.8
8.823582766,121860
8.829387755,131605
8.835192744,117156
8.840997732,120985
8.846802721,282050
8.852607710,838807
8.858412698,899570
8.864217687,1.35103e+6
8.870022676,1.65148e+6
8.875827664,2.78975e+6
8.881632653,3.71749e+6
8.887437642,3.86465e+6
8.893242630,4.17729e+6
8.899047619,4.62265e+6
8.904852608,5.09636e+6
8.910657596,2.10939e+6
8.916462585,365820
8.922267574,75176.9
8.928072562,44795.4
8.933877551,71553.5
8.939682540,85388.5
8.945487528,55167.3
8.951292517,45807
8.957097506,39952.9
8.962902494,35792
8.968707483,34244.4
8.974512472,34693.1
8.980317460,31116.1
8.986122449,31411.7
8.991927438,31932.6
8.997732426,31770.7
9.003537415,31078.7
9.009342404,31251.6
9.015147392,34975.1
9.020952381,39831.3
9.026757370,44665
9.032562358,47229
9.038367347,54090
9.044172336,72119.5
9.049977324,113435
9.055782313,197882
9.061587302,429979
9.067392290,1.08018e+6
9.073197279,2.97558e+6
9.079002268,4.8961e+6
9.084807256,6.34479e+6
9.090612245,9.38701e+6
9.096417234,1.16708e+7
9.102222222,8.05085e+6
9.108027211,7.04095e+6
9.113832200,5.09576e+6
9.119637188,4.55793e+6
9.125442177,5.11184e+6
9.131247166,1.54131e+6
9.137052154,514748
9.142857143,444070
9.148662132,592279
9.154467120,369118
9.160272109,76950.6
9.166077098,37431.8
9.171882086,35759.8
9.177687075,25336.5
9.183492063,21712
9.189297052,21734.1
9.195102041,20610.5
9.200907029,20426.9
9.206712018,19614.5
9.212517007,18633
9.218321995,19487.8
9.224126984,18604
9.229931973,23332.8
9.235736961,36575.1
9.241541950,40893.6
9.247346939,40906.9
9.253151927,40398.3
9.258956916,42587.3
9.264761905,45863
9.270566893,46830.7
9.276371882,49303.1
9.282176871,52594.2
9.287981859,55279.6
9.293786848,55748.9
9.299591837,55658.3
9.305396825,56800.8
9.311201814,57229.4
9.317006803,57579.4
9.322811791,60719.3
9.328616780,62820.4
9.334421769,61794.7
9.340226757,64251.9
9.346031746,62836.4
9.351836735,65744.4
9.357641723,66681.4
9.363446712,74237.6
9.369251701,97653.3
9.375056689,94149.6
9.380861678,78942.3
9.386666667,76705.5
9.392471655,76642.6
9.398276644,91300.4
9.404081633,96387.8
9.409886621,84728.9
9.415691610,131204
9.421496599,74285.7
9.427301587,99944.1
9.433106576,383619
9.438911565,1.04868e+6
9.444716553,1.58542e+6
9.450521542,1.85991e+6
9.456326531,2.36283e+6
9.462131519,3.24884e+6
9.467936508,4.59899e+6
9.473741497,3.81403e+6
9.479546485,3.34049e+6
9.485351474,6.50552e+6
9.491156463,8.57101e+6
9.496961451,2.15073e+6
9.502766440,968045
9.508571429,1.82277e+6
9.514376417,1.02973e+7
9.520181406,9.06975e+6
9.525986395,1.04885e+6
9.531791383,259505
9.537596372,202768
9.543401361,137854
9.549206349,133227
9.555011338,339119
9.560816327,122336
9.566621315,50207.3
9.572426304,43910.6
9.578231293,38348.6
9.584036281,39831.5
9.589841270,42386.5
9.595646259,43916.1
9.601451247,40106.1
9.607256236,39754
9.613061224,38854.5
9.618866213,36171.2
9.624671202,33775.8
9.630476190,35050.6
9.636281179,43216.2
9.642086168,47529.7
9.647891156,50834.3
9.653696145,45809.9
9.659501134,41371.7
9.665306122,39316
9.671111111,41825.8
9.676916100,52801.5
9.682721088,68100.9
9.688526077,75946.2
9.694331066,74465.6
9.700136054,53538.7
9.705941043,62432.4
9.711746032,73066.2
9.717551020,64041.8
9.723356009,53824.9
9.729160998,54127.1
9.734965986,75637.5
9.740770975,72779.9
9.746575964,59176.8
9.752380952,51657.8
9.758185941,41590.7
9.763990930,34737.1
9.769795918,40224.2
9.775600907,68111.7
9.781405896,142913
9.787210884,289676
9.793015873,634100
9.798820862,1.16024e+6
9.804625850,256605
9.810430839,33913.9
9.816235828,13186
9.822040816,8782.1
9.827845805,8593.22
9.833650794,12431.3
9.839455782,16684.1
9.845260771,27970.9
9.851065760,78466.2
9.856870748,76177.6
9.862675737,97454.9
9.868480726,154233
9.874285714,132851
9.880090703,269026
9.885895692,1.04185e+6
9.891700680,1.10615e+6
9.897505669,325094
9.903310658,85481.5
9.909115646,45547.2
9.914920635,45863.6
9.920725624,50062
9.926530612,67320.4
9.932335601,76027.4
9.938140590,83760.3
9.943945578,97852.5
9.949750567,106476
9.955555556,111439
9.961360544,122982
9.967165533,109538
9.972970522,98558.6
9.978775510,97160.4
9.984580499,99952.9
9.990385488,107299
9.996190476,111036
10.001995465,112467
10.007800454,111100
10.013605442,100096
10.019410431,90778.7
10.025215420,84865.9
10.031020408,83776.2
10.036825397,75791.5
10.042630385,72112.4
10.048435374,70923.1
10.054240363,70407.6
10.060045351,72920.1
10.065850340,96720.4
10.071655329,103265
10.077460317,103383
10.083265306,99046.4
10.089070295,167723
10.094875283,142246
10.100680272,125214
10.106485261,277046
10.112290249,156504
10.118095238,125394
10.123900227,303291
10.129705215,763281
10.135510204,484166
10.141315193,173527
10.147120181,133757
10.152925170,345472
10.158730159,381884
10.164535147,140511
10.170340136,119005
10.176145125,105495
10.181950113,96409.5
10.187755102,87080.3
10.193560091,67294.3
10.199365079,53121.9
10.205170068,49957.3
10.210975057,48791.6
10.216780045,53703.1
10.222585034,112715
10.228390023,375045
10.234195011,1.22028e+6
10.240000000,3.41416e+6
10.245804989,3.7058e+6
10.251609977,4.19039e+6
10.257414966,2.34994e+6
10.263219955,1.72281e+6
10.269024943,4.53721e+6
10.274829932,8.28489e+6
10.280634921,4.67014e+6
10.286439909,3.31979e+6
10.292244898,1.55862e+6
10.298049887,255449
10.303854875,64674.9
10.309659864,42497.7
10.315464853,56788
10.321269841,79739.6
10.327074830,101738
10.332879819,119729
10.338684807,119755
10.344489796,116455
10.350294785,103721
10.356099773,90644.4
10.361904762,79335.1
10.367709751,73183.5
10.373514739,71559.3
10.379319728,71500.6
10.385124717,64151.1
10.390929705,54213.7
10.396734694,41583.3
10.402539683,31905.2
10.408344671,27770.3
10.414149660,24640.1
10.419954649,22754.9
10.425759637,20817.7
10.431564626,19727.8
10.437369615,29422.9
10.443174603,63799.7
10.448979592,202072
10.454784580,768098
10.460589569,873685
10.466394558,1.46151e+6
10.472199546,461421
10.478004535,389717
10.483809524,312805
10.489614512,340065
10.495419501,318112
10.501224490,89977
10.507029478,77919.3
10.512834467,48064
10.518639456,37708.7
10.524444444,47004.6
10.530249433,60192.9
10.536054422,48772.6
10.541859410,53469.5
10.547664399,54327.4
10.553469388,55002.9
10.559274376,55307.6
10.565079365,53058.4
10.570884354,46088.3
10.576689342,45409.3
10.582494331,49464.4
10.588299320,45701.1
10.594104308,45352.7
10.599909297,46228.6
10.605714286,53947.9
10.611519274,52767.8
10.617324263,50879.6
10.623129252,53901.3
10.628934240,49993.9
10.634739229,46222.4
10.640544218,82760.3
10.646349206,382246
10.652154195,1.12528e+6
10.657959184,2.43696e+6
10.663764172,3.03057e+6
10.669569161,2.06831e+6
10.675374150,1.92019e+6
10.681179138,1.55024e+6
10.686984127,1.61504e+6
10.692789116,541307
10.698594104,543610
10.704399093,711882
10.710204082,356810
10.716009070,267389
10.721814059,147384
10.727619048,74212.6
10.733424036,52866.6
10.739229025,42920.9
10.745034014,33396
10.750839002,22105
10.756643991,33475.2
10.762448980,27706.4
10.768253968,37809.4
10.774058957,32204.3
10.779863946,36375.1
10.785668934,48433.2
10.791473923,62555.1
10.797278912,107676
10.803083900,126091
10.808888889,128226
10.814693878,126171
10.820498866,226537
10.826303855,523813
10.832108844,1.28025e+6
10.837913832,1.14478e+6
10.843718821,1.12562e+6
10.849523810,1.67156e+6
10.855328798,2.2462e+6
10.861133787,3.58911e+6
10.866938776,3.99639e+6
10.872743764,1.15287e+6
10.878548753,863944
10.884353741,1.06978e+6
10.890158730,1.3661e+6
10.895963719,1.01042e+6
10.901768707,431799
10.907573696,87873
10.913378685,68042.1
10.919183673,71059.7
10.924988662,65092.8
10.930793651,61505.9
10.936598639,52782.1
10.942403628,47189.4
10.948208617,48493.7
10.954013605,53232.6
10.959818594,63313.2
10.965623583,57987.1
10.971428571,57366.7
10.977233560,53986.8
10.983038549,55211
10.988843537,60939.1
10.994648526,65243.7
11.000453515,72508.9
11.006258503,77110.4
11.012063492,72590.5
11.017868481,67102
11.023673469,56513.7
11.029478458,51704.9
11.035283447,44451
11.041088435,40876.9
11.046893424,48352.3
11.052698413,60610.3
11.058503401,80626.8
11.064308390,81042.2
11.070113379,103094
11.075918367,88111.3
11.081723356,124335
11.087528345,251713
11.093333333,159113
11.099138322,171931
11.104943311,227576
11.110748299,303137
11.116553288,491856
11.122358277,936868
11.128163265,762906
11.133968254,435956
11.139773243,278963
11.145578231,217513
11.151383220,238904
11.157188209,333949
11.162993197,304739
11.168798186,639405
11.174603175,824561
11.180408163,1.03981e+6
11.186213152,2.68552e+6
11.192018141,3.96055e+6
11.197823129,3.13215e+6
11.203628118,1.74388e+6
11.209433107,2.22664e+6
11.215238095,4.14722e+6
11.221043084,2.79616e+6
11.226848073,2.272e+6
11.232653061,2.25182e+6
11.238458050,1.96538e+6
11.244263039,2.3996e+6
11.250068027,2.69976e+6
11.255873016,1.86286e+6
11.261678005,1.68701e+6
11.267482993,1.85687e+6
11.273287982,1.86129e+6
11.279092971,1.67988e+6
11.284897959,1.74394e+6
11.290702948,2.35241e+6
11.296507937,2.32549e+6
11.302312925,1.6398e+6
11.308117914,1.46437e+6
11.313922902,2.14352e+6
11.319727891,2.2876e+6
11.325532880,1.40353e+6
11.331337868,2.31104e+6
11.337142857,2.2076e+6
11.342947846,1.44972e+6
11.348752834,1.76413e+6
11.354557823,1.81096e+6
11.360362812,1.25868e+6
11.366167800,1.16287e+6
11.371972789,1.83144e+6
11.377777778,1.5236e+6
11.383582766,1.60104e+6
11.389387755,1.75313e+6
11.395192744,1.6663e+6
11.400997732,1.16001e+6
11.406802721,1.45287e+6
11.412607710,2.11595e+6
11.418412698,1.26381e+6
11.424217687,941231
11.430022676,970445
11.435827664,989601
11.441632653,1.32007e+6
11.447437642,1.94596e+6
11.453242630,1.50459e+6
11.459047619,2.876e+6
11.464852608,2.76912e+6
11.470657596,1.98458e+6
11.476462585,2.3223e+6
11.482267574,2.79924e+6
11.488072562,2.17068e+6
11.493877551,3.23139e+6
11.499682540,3.43255e+6
11.505487528,3.74716e+6
11.511292517,2.62381e+6
11.517097506,2.95368e+6
11.522902494,2.01309e+6
11.528707483,1.67189e+6
11.534512472,2.59692e+6
11.540317460,4.29709e+6
11.546122449,4.24558e+6
11.551927438,6.12279e+6
11.557732426,7.40752e+6
11.563537415,7.56839e+6
11.569342404,5.36362e+6
11.575147392,5.62099e+6
11.580952381,9.63052e+6
11.586757370,5.94179e+6
11.592562358,2.35547e+6
11.598367347,2.09979e+6
11.604172336,2.35925e+6
11.609977324,3.3748e+6
11.615782313,5.93662e+6
11.621587302,4.8039e+6
11.627392290,4.05045e+6
11.633197279,583653
11.639002268,47589.5
11.644807256,18765.3
11.650612245,19441.6
11.656417234,20591.6
11.662222222,22593.6
11.668027211,29007
11.673832200,28427.4
11.679637188,26548
11.685442177,26039.8
11.691247166,27243.7
11.697052154,28961.9
11.702857143,30762.3
11.708662132,31750.5
11.714467120,30407.5
11.720272109,30832.2
11.726077098,45821.1
11.731882086,79442.1
11.737687075,154643
11.743492063,277395
11.749297052,642050
11.755102041,1.59526e+6
11.760907029,1.68315e+6
11.766712018,1.3909e+6
11.772517007,2.03396e+6
11.778321995,2.71561e+6
11.784126984,2.83596e+6
11.789931973,1.32645e+6
11.795736961,498233
11.801541950,525207
11.807346939,1.20385e+6
11.813151927,2.42398e+6
11.818956916,1.37426e+6
11.824761905,1.05379e+6
11.830566893,746337
11.836371882,556598
11.842176871,611724
11.847981859,370520
11.853786848,34161.1
11.859591837,13274.9
11.865396825,13394.1
11.871201814,18749.8
11.877006803,6653.98
11.882811791,5003.55
11.888616780,6011.04
11.894421769,7502.19
11.900226757,9612.48
11.906031746,14462.9
11.911836735,21752
11.917641723,17613.7
11.923446712,33495.2
11.929251701,34633.4
11.935056689,32831.5
11.940861678,32317.8
11.946666667,33332.6
11.952471655,33383.4
11.958276644,30876.4
11.964081633,28549.3
11.969886621,28288.5
11.975691610,33548
11.981496599,35189.4
11.987301587,39633.8
11.993106576,41240
11.998911565,44724.6
12.004716553,41166.2
12.010521542,43946.4
12.016326531,60499.5
12.022131519,75839.1
12.027936508,103511
12.033741497,122024
12.039546485,112058
12.045351474,127282
12.051156463,137521
12.056961451,164110
12.062766440,206540
12.068571429,98463.8
12.074376417,128915
12.080181406,158995
12.085986395,83685
12.091791383,94874
12.097596372,120527
12.103401361,129245
12.109206349,111808
12.115011338,90051.4
12.120816327,112224
12.126621315,115159
12.132426304,93076.1
12.138231293,82745.9
12.144036281,75963.9
12.149841270,82046.6
12.155646259,84198.1
12.161451247,80785.2
12.167256236,86649.9
12.173061224,96671.3
12.178866213,125796
12.184671202,140101
12.190476190,161672
12.196281179,160750
12.202086168,133304
12.207891156,129623
12.213696145,112265
12.219501134,89170.7
12.225306122,113079
12.231111111,89602.8
12.236916100,43625.2
12.242721088,36544.6
12.248526077,36885.7
12.254331066,36843.9
12.260136054,28722.9
12.265941043,22878.6
12.271746032,19316.1
12.277551020,17520.2
12.283356009,16856.3
12.289160998,16456.9
12.294965986,15608.8
12.300770975,16048.9
12.306575964,17338.9
12.312380952,19106.6
12.318185941,20440.1
12.323990930,22718.2
12.329795918,24384.1
12.335600907,19376.8
12.341405896,18296.1
12.347210884,18448.9
12.353015873,16836.7
12.358820862,19345
12.364625850,29817.6
12.370430839,50632.6
12.376235828,69600.7
12.382040816,49112.2
12.387845805,47907.1
12.393650794,44990.2
12.399455782,55302
12.405260771,99729.2
12.411065760,102238
12.416870748,86078.7
12.422675737,104269
12.428480726,106930
12.434285714,109594
12.440090703,122387
12.445895692,171881
12.451700680,308422
12.457505669,328501
12.463310658,980418
12.469115646,503315
12.474920635,338580
12.480725624,351422
12.486530612,347680
12.492335601,449370
12.498140590,844914
12.503945578,569475
12.509750567,157929
12.515555556,95031
12.521360544,88206.4
12.527165533,106092
12.532970522,143098
12.538775510,181941
12.544580499,219142
12.550385488,205230
12.556190476,388270
12.561995465,300652
12.567800454,343286
12.573605442,448227
12.579410431,599627
12.585215420,813250
12.591020408,932348
12.596825397,1.09529e+6
12.602630385,1.59135e+6
12.608435374,2.15328e+6
12.614240363,1.71455e+6
12.620045351,1.56019e+6
12.625850340,1.35679e+6
12.631655329,1.27957e+6
12.637460317,1.08714e+6
12.643265306,1.22538e+6
12.649070295,1.55747e+6
12.654875283,1.85568e+6
12.660680272,1.81704e+6
12.666485261,953622
12.672290249,620088
12.678095238,351518
12.683900227,422572
12.689705215,436410
12.695510204,458979
12.701315193,196216
12.707120181,132053
12.712925170,48309.2
12.718730159,22808.5
12.724535147,16974.7
12.730340136,39301.1
12.736145125,35782.7
12.741950113,26429.8
12.747755102,8776.18
12.753560091,9080.93
12.759365079,16775.8
12.765170068,7558.21
12.770975057,13046.7
12.776780045,8656.94
12.782585034,15159.3
12.788390023,25480.3
12.794195011,46182.9
12.800000000,230011
12.805804989,340844
12.811609977,1.10697e+6
12.817414966,1.78522e+6
12.823219955,1.88678e+6
12.829024943,5.55145e+6
12.834829932,6.83538e+6
12.840634921,7.96005e+6
12.846439909,7.82195e+6
12.852244898,9.12102e+6
12.858049887,6.96004e+6
12.863854875,7.38212e+6
12.869659864,5.77255e+6
12.875464853,5.05405e+6
12.881269841,2.49887e+6
12.887074830,2.81356e+6
12.892879819,2.98159e+6
12.898684807,1.35366e+6
12.904489796,1.03696e+6
12.910294785,1.32796e+6
12.916099773,1.69551e+6
12.921904762,1.12724e+6
12.927709751,1.42236e+6
12.933514739,2.12677e+6
12.939319728,1.71392e+6
12.945124717,1.83255e+6
12.950929705,2.4465e+6
12.956734694,2.06731e+6
12.962539683,2.79636e+6
12.968344671,2.46183e+6
12.974149660,231794
12.979954649,59498.8
12.985759637,48281.1
12.991564626,40588.7
12.997369615,49012.6
13.003174603,51012.7
13.008979592,50309.4
13.014784580,44584.4
13.020589569,39129.4
13.026394558,33611.3
13.032199546,33476.4
13.038004535,36500.1
13.043809524,42294.9
13.049614512,45557.3
13.055419501,47022.1
13.061224490,48748.7
13.067029478,49071
13.072834467,48587.9
13.078639456,49139.7
13.084444444,50967
13.090249433,51362.7
13.096054422,54178.6
13.101859410,57038.2
13.107664399,59968.7
13.113469388,80426.1
13.119274376,128611
13.125079365,162680
13.130884354,131971
13.136689342,144930
13.142494331,205021
13.148299320,148390
13.154104308,110995
13.159909297,140625
13.165714286,118894
13.171519274,104398
13.177324263,220347
13.183129252,118438
13.188934240,163711
13.194739229,266573
13.200544218,115651
13.206349206,98391.5
13.212154195,115687
13.217959184,102304
13.223764172,69589.5
13.229569161,54593.7
13.235374150,57948.5
13.241179138,56825.1
13.246984127,54781.2
13.252789116,54680.4
13.258594104,56252.4
13.264399093,54085.7
13.270204082,48905.5
13.276009070,41493.5
13.281814059,36808.1
13.287619048,36041.4
13.293424036,37521
13.299229025,39744.2
13.305034014,41948.8
13.310839002,43118
13.316643991,44565.5
13.322448980,46601.4
13.328253968,46068.1
13.334058957,45257.5
13.339863946,43069.7
13.345668934,45765.3
13.351473923,48855.1
13.357278912,51214.2
13.363083900,60483.9
13.368888889,72551.7
13.374693878,102815
13.380498866,146629
13.386303855,159961
13.392108844,161633
13.397913832,188296
13.403718821,312867
13.409523810,474856
13.415328798,757235
13.421133787,1.47087e+6
13.426938776,2.91135e+6
13.432743764,5.0525e+6
13.438548753,7.69499e+6
13.444353741,8.29312e+6
13.450158730,8.23133e+6
13.455963719,1.39995e+7
13.461768707,5.49799e+6
13.467573696,1.94163e+6
13.473378685,2.52532e+6
13.479183673,3.43568e+6
13.484988662,408182
13.490793651,76173.8
13.496598639,45037
13.502403628,37751.7
13.508208617,32337.7
13.514013605,29352.5
13.519818594,28296.5
13.525623583,20996
13.531428571,21536.5
13.537233560,24643.8
13.543038549,23482.8
13.548843537,27409.4
13.554648526,36046.9
13.560453515,44296.7
13.566258503,49013.5
13.572063492,51132.5
13.577868481,46380.5
13.583673469,44088.4
13.589478458,60753.9
13.595283447,79870.7
13.601088435,81564.6
13.606893424,81995.2
13.612698413,87595.4
13.618503401,96716.1
13.624308390,99466.5
13.630113379,99646.2
13.635918367,101975
13.641723356,104813
13.647528345,178276
13.653333333,524345
13.659138322,536422
13.664943311,280509
13.670748299,106187
13.676553288,53001.7
13.682358277,60478.1
13.688163265,45239.6
13.693968254,108342
13.699773243,188358
13.705578231,345369
13.711383220,866744
13.717188209,783718
13.722993197,538514
13.728798186,481598
13.734603175,554206
13.740408163,405291
13.746213152,334031
13.752018141,139488
13.757823129,109321
13.763628118,103612
13.769433107,107000
13.775238095,78227.2
13.781043084,57866.9
13.786848073,56107.7
13.792653061,78402.2
13.798458050,157124
13.804263039,96976.9
13.810068027,83723.2
13.815873016,298267
13.821678005,319824
13.827482993,128249
13.833287982,107611
13.839092971,98840.6
13.844897959,82956.9
13.850702948,135725
13.856507937,254709
13.862312925,104392
13.868117914,89250.1
13.873922902,127725
13.879727891,93775.2
13.885532880,113650
13.891337868,204352
13.897142857,89583.6
13.902947846,104972
13.908752834,243274
13.914557823,95486.5
13.920362812,109841
13.926167800,161982
13.931972789,107621
13.937777778,108393
13.943582766,70808.4
13.949387755,81702.6
13.955192744,97570
13.960997732,87098.9
13.966802721,76895.9
13.972607710,107426
13.978412698,189512
13.984217687,407858
13.990022676,1.07418e+6
13.995827664,1.71117e+6
14.001632653,2.09252e+6
14.007437642,3.46642e+6
14.013242630,2.66132e+6
14.019047619,1.30965e+6
14.024852608,885603
14.030657596,734753
14.036462585,766742
14.042267574,884701
14.048072562,977827
14.053877551,2.20466e+6
14.059682540,2.69022e+6
14.065487528,2.63298e+6
14.071292517,3.57362e+6
14.077097506,2.86939e+6
14.082902494,2.89599e+6
14.088707483,2.32547e+6
14.094512472,2.46728e+6
14.100317460,1.92465e+6
14.106122449,2.53195e+6
14.111927438,3.13428e+6
14.117732426,2.13431e+6
14.123537415,1.98021e+6
14.129342404,2.33126e+6
14.135147392,2.53885e+6
14.140952381,1.80466e+6
14.146757370,1.0642e+6
14.152562358,1.46189e+6
14.158367347,1.81182e+6
14.164172336,1.07247e+6
14.169977324,911032
14.175782313,922193
14.181587302,2.04118e+6
14.187392290,3.29018e+6
14.193197279,1.38086e+6
14.199002268,1.13203e+6
14.204807256,1.18567e+6
14.210612245,1.83214e+6
14.216417234,1.77581e+6
14.222222222,3.2514e+6
14.228027211,2.9783e+6
14.233832200,4.42401e+6
14.239637188,7.6973e+6
14.245442177,1.52557e+6
14.251247166,489785
14.257052154,610703
14.262857143,1.77391e+6
14.268662132,2.36506e+6
14.274467120,1.682e+6
14.280272109,1.08897e+6
14.286077098,888941
14.291882086,1.30017e+6
14.297687075,1.61226e+6
14.303492063,1.22396e+6
14.309297052,389947
14.315102041,90917.2
14.320907029,38315.7
14.326712018,27555.9
14.332517007,46617.8
14.338321995,60445.2
14.344126984,58483.8
14.349931973,61510.5
14.355736961,56974.1
14.361541950,53789.3
14.367346939,47862.2
14.373151927,48139.5
14.378956916,42272.9
14.384761905,46478.2
14.390566893,48587
14.396371882,49316.7
14.402176871,51867.3
14.407981859,51821.2
14.413786848,54041.5
14.419591837,57212.7
14.425396825,43107
14.431201814,41409.6
14.437006803,147962
14.442811791,322071
14.448616780,417279
14.454421769,574544
14.460226757,517679
14.466031746,191321
14.471836735,78918.2
14.477641723,89216.5
14.483446712,96642.6
14.489251701,68505.2
14.495056689,65727
14.500861678,87074.5
14.506666667,82146.4
14.512471655,83977
14.518276644,103087
14.524081633,90307.7
14.529886621,144236
14.535691610,239742
14.541496599,97213.5
14.547301587,110733
14.553106576,261210
14.558911565,161724
14.564716553,142331
14.570521542,224538
14.576326531,593780
14.582131519,902784
14.587936508,931613
14.593741497,1.11883e+6
14.599546485,1.01084e+6
14.605351474,1.02629e+6
14.611156463,1.13619e+6
14.616961451,1.11828e+6
14.622766440,396572
14.628571429,389959
14.634376417,296361
14.640181406,225446
14.645986395,327847
14.651791383,305000
14.657596372,578403
14.663401361,569300
14.669206349,812075
14.675011338,453841
14.680816327,99921.5
14.686621315,90758.6
14.692426304,80411.9
14.698231293,86206.5
14.704036281,124772
14.709841270,77533.2
14.715646259,85225.5
14.721451247,149027
14.727256236,99753.8
14.733061224,95468.5
14.738866213,115226
14.744671202,118897
14.750476190,80377.9
14.756281179,78926.7
14.762086168,148145
14.767891156,113603
14.773696145,113107
14.779501134,197199
14.785306122,159830
14.791111111,106286
14.796916100,91331.6
14.802721088,98397
14.808526077,300884
14.814331066,153795
14.820136054,112934
14.825941043,107661
14.831746032,125126
14.837551020,214652
14.843356009,109502
14.849160998,114823
14.854965986,221089
14.860770975,371530
14.866575964,230548
14.872380952,322843
14.878185941,822401
14.883990930,1.82807e+6
14.889795918,3.08156e+6
14.895600907,3.67191e+6
14.901405896,945310
14.907210884,564463
14.913015873,347601
14.918820862,350211
14.924625850,247378
14.930430839,120605
14.936235828,73110.4
14.942040816,49241.9
14.947845805,45295.8
14.953650794,41461.6
14.959455782,49856.3
14.965260771,59995
14.971065760,80826.1
14.976870748,122016
14.982675737,124808
14.988480726,344199
14.994285714,421592
15.000090703,641871
15.005895692,1.07971e+6
15.011700680,1.52988e+6
15.017505669,1.85654e+6
15.023310658,1.75378e+6
15.029115646,1.27113e+6
15.034920635,1.933e+6
15.040725624,3.48426e+6
15.046530612,2.44752e+6
15.052335601,1.21742e+6
15.058140590,1.39304e+6
15.063945578,1.9796e+6
15.069750567,4.14928e+6
15.075555556,3.78065e+6
15.081360544,3.4244e+6
15.087165533,3.67118e+6
15.092970522,3.95246e+6
15.098775510,4.15881e+6
15.104580499,3.89343e+6
15.110385488,2.2146e+6
15.116190476,1.56332e+6
15.121995465,2.50501e+6
15.127800454,2.57555e+6
15.133605442,2.36961e+6
15.139410431,2.61434e+6
15.145215420,5.42893e+6
15.151020408,5.09078e+6
15.156825397,4.68026e+6
15.162630385,3.39004e+6
15.168435374,2.89471e+6
15.174240363,2.7466e+6
15.180045351,5.1819e+6
15.185850340,4.55154e+6
15.191655329,3.68048e+6
15.197460317,6.85928e+6
15.203265306,5.70304e+6
15.209070295,6.53831e+6
15.214875283,1.05777e+7
