0.000000000,2.19095e+6
0.005804989,1.57954e+6
0.011609977,1.61467e+6
0.017414966,1.751e+6
0.023219955,3.38231e+6
0.029024943,5.77278e+6
0.034829932,9.23082e+6
0.040634921,8.31743e+6
0.046439909,5.00806e+6
0.052244898,1.4538e+6
0.058049887,970162
0.063854875,772585
0.069659864,984966
0.075464853,1.35869e+6
0.081269841,2.05507e+6
0.087074830,1.06861e+6
0.092879819,227304
0.098684807,76863
0.104489796,48958
0.110294785,37144.3
0.116099773,28805.7
0.121904762,24117.8
0.127709751,23467.8
0.133514739,31473.8
0.139319728,37655.5
0.145124717,21832
0.150929705,18400.2
0.156734694,17995.4
0.162539683,20025.5
0.168344671,19130
0.174149660,17208.1
0.179954649,17338.2
0.185759637,18103
0.191564626,18608.8
0.197369615,19034.9
0.203174603,19105.3
0.208979592,19407.3
0.214784580,19030.6
0.220589569,18522.9
0.226394558,19881.3
0.232199546,19277.4
0.238004535,17227.1
0.243809524,16659.4
0.249614512,17578
0.255419501,18649.2
0.261224490,20171.1
0.267029478,20039.6
0.272834467,18198.5
0.278639456,17761.7
0.284444444,17973.5
0.290249433,18570.1
0.296054422,24345.7
0.301859410,52479.5
0.307664399,50734
0.313469388,51674
0.319274376,53495.5
0.325079365,60217.5
0.330884354,62946.3
0.336689342,60888
0.342494331,67346.6
0.348299320,61183.6
0.354104308,62223.8
0.359909297,58648
0.365714286,49202.6
0.371519274,51540.6
0.377324263,48070.4
0.383129252,44089.2
0.388934240,45824
0.394739229,49319.2
0.400544218,49690.9
0.406349206,43795.3
0.412154195,39761.3
0.417959184,35939.7
0.423764172,37137.1
0.429569161,37949.9
0.435374150,29242.9
0.441179138,23903.2
0.446984127,20240
0.452789116,18412.1
0.458594104,20057.4
0.464399093,23140.7
0.470204082,23370.8
0.476009070,21663
0.481814059,25475.4
0.487619048,29357.9
0.493424036,41320
0.499229025,82209.5
0.505034014,168974
0.510839002,335358
0.516643991,604617
0.522448980,816966
0.528253968,999482
0.534058957,1.66582e+6
0.539863946,2.88382e+6
0.545668934,2.41665e+6
0.551473923,2.12247e+6
0.557278912,1.54556e+6
0.563083900,1.1583e+6
0.568888889,1.55545e+6
0.574693878,1.95288e+6
0.580498866,2.11854e+6
0.586303855,1.89669e+6
0.592108844,2.61964e+6
0.597913832,3.21223e+6
0.603718821,743298
0.609523810,128479
0.615328798,53231.8
0.621133787,30886.4
0.626938776,22169.4
0.632743764,19266.3
0.638548753,18011.3
0.644353741,16181.6
0.650158730,13730.6
0.655963719,11706.3
0.661768707,11235.1
0.667573696,11241.4
0.673378685,11059.6
0.679183673,10905.3
0.684988662,11691.4
0.690793651,13883.2
0.696598639,15893.2
0.702403628,18109.9
0.708208617,16212.6
0.714013605,14683.5
0.719818594,14039.6
0.725623583,12433.2
0.731428571,13728.1
0.737233560,24550.4
0.743038549,48386
0.748843537,64249.8
0.754648526,52380.5
0.760453515,80743.3
0.766258503,104215
0.772063492,164125
0.777868481,172615
0.783673469,141139
0.789478458,180553
0.795283447,233093
0.801088435,497119
0.806893424,1.90477e+6
0.812698413,2.83053e+6
0.818503401,2.50487e+6
0.824308390,2.86529e+6
0.830113379,3.15582e+6
0.835918367,2.52833e+6
0.841723356,2.09019e+6
0.847528345,1.37294e+6
0.853333333,1.39002e+6
0.859138322,361261
0.864943311,112042
0.870748299,57641.3
0.876553288,38444.6
0.882358277,32805.7
0.888163265,31073.6
0.893968254,29210.9
0.899773243,25553.6
0.905578231,23327
0.911383220,20957
0.917188209,19099
0.922993197,17492
0.928798186,17018.8
0.934603175,16607.3
0.940408163,16409.8
0.946213152,16352.6
0.952018141,16098.5
0.957823129,16757.4
0.963628118,17046.8
0.969433107,15996.9
0.975238095,14804.3
0.981043084,13580.8
0.986848073,14128.5
0.992653061,16203.5
0.998458050,27343.3
1.004263039,100633
1.010068027,190838
1.015873016,215981
1.021678005,267108
1.027482993,331975
1.033287982,355815
1.039092971,351967
1.044897959,307497
1.050702948,317448
1.056507937,540034
1.062312925,1.46923e+6
1.068117914,3.16137e+6
1.073922902,5.09944e+6
1.079727891,3.77655e+6
1.085532880,2.67728e+6
1.091337868,3.47798e+6
1.097142857,4.26159e+6
1.102947846,3.09109e+6
1.108752834,1.16629e+6
1.114557823,245550
1.120362812,105078
1.126167800,52365
1.131972789,46414.9
1.137777778,42521.3
1.143582766,38362.7
1.149387755,33915.8
1.155192744,49905.3
1.160997732,71611.8
1.166802721,63726.1
1.172607710,98720.6
1.178412698,146521
1.184217687,334105
1.190022676,845380
1.195827664,1.01572e+6
1.201632653,309439
1.207437642,182619
1.213242630,183794
1.219047619,238862
1.224852608,420551
1.230657596,1.53408e+6
1.236462585,1.80013e+6
1.242267574,1.94066e+6
1.248072562,1.74058e+6
1.253877551,1.916e+6
1.259682540,919952
1.265487528,851349
1.271292517,640906
1.277097506,424266
1.282902494,130098
1.288707483,58573.4
1.294512472,31578.9
1.300317460,22344.7
1.306122449,15859
1.311927438,14381.3
1.317732426,15375.7
1.323537415,16913.6
1.329342404,17598.5
1.335147392,21952.2
1.340952381,26911.5
1.346757370,30345.1
1.352562358,29164.9
1.358367347,26504.7
1.364172336,24431.5
1.369977324,26619
1.375782313,26567.1
1.381587302,26789.4
1.387392290,27254
1.393197279,27128.7
1.399002268,28135.9
1.404807256,28572.3
1.410612245,30986.2
1.416417234,38156.2
1.422222222,54513.1
1.428027211,54863.8
1.433832200,54034.9
1.439637188,53586.4
1.445442177,50443.3
1.451247166,45253.9
1.457052154,41443.5
1.462857143,35943.6
1.468662132,31372.4
1.474467120,33485.3
1.480272109,33613.2
1.486077098,34410.8
1.491882086,36136
1.497687075,36792.1
1.503492063,38257.4
1.509297052,40951.1
1.515102041,43978.2
1.520907029,44015
1.526712018,40348
1.532517007,35739.7
1.538321995,32434.4
1.544126984,29448.9
1.549931973,29693.9
1.555736961,29275.6
1.561541950,28782.4
1.567346939,29267.1
1.573151927,30603.6
1.578956916,32843.5
1.584761905,37912.5
1.590566893,43259.3
1.596371882,33525.3
1.602176871,24414.1
1.607981859,20475.4
1.613786848,21748.7
1.619591837,26450.9
1.625396825,31327.5
1.631201814,25473.5
1.637006803,19969.8
1.642811791,17172.5
1.648616780,14468.9
1.654421769,12351.4
1.660226757,11033.2
1.666031746,10938.1
1.671836735,11205.4
1.677641723,11771
1.683446712,13841.2
1.689251701,17266.6
1.695056689,20241.2
1.700861678,23218.9
1.706666667,30838.1
1.712471655,42284.5
1.718276644,39014.3
1.724081633,32647.9
1.729886621,29824.2
1.735691610,31776.9
1.741496599,34954.9
1.747301587,39341.8
1.753106576,47635.8
1.758911565,44624.9
1.764716553,51264.9
1.770521542,56363.7
1.776326531,62108
1.782131519,89515.6
1.787936508,109440
1.793741497,183810
1.799546485,260673
1.805351474,235055
1.811156463,243766
1.816961451,203529
1.822766440,155474
1.828571429,124067
1.834376417,95120
1.840181406,63676.9
1.845986395,48291.4
1.851791383,37405.2
1.857596372,35319.6
1.863401361,34678.6
1.869206349,36828.7
1.875011338,37705.5
1.880816327,37794.6
1.886621315,44172.5
1.892426304,64360.6
1.898231293,90839.3
1.904036281,120135
1.909841270,186640
1.915646259,320428
1.921451247,602721
1.927256236,616534
1.933061224,790559
1.938866213,1.26258e+6
1.944671202,1.28634e+6
1.950476190,917989
1.956281179,616723
1.962086168,551812
1.967891156,599457
1.973696145,576800
1.979501134,919859
1.985306122,1.41281e+6
1.991111111,1.88738e+6
1.996916100,2.58404e+6
2.002721088,2.22164e+6
2.008526077,1.38472e+6
2.014331066,925951
2.020136054,514022
2.025941043,548940
2.031746032,100222
2.037551020,25605.7
2.043356009,16702.2
2.049160998,12190.7
2.054965986,9297.11
2.060770975,11800.2
2.066575964,24164.1
2.072380952,26852.7
2.078185941,38965.1
2.083990930,61465.5
2.089795918,87501.5
2.095600907,81377.1
2.101405896,75637.8
2.107210884,94497.2
2.113015873,114801
2.118820862,129997
2.124625850,134317
2.130430839,116226
2.136235828,103496
2.142040816,149644
2.147845805,265580
2.153650794,397548
2.159455782,753823
2.165260771,592007
2.171065760,525113
2.176870748,685296
2.182675737,444406
2.188480726,216428
2.194285714,66983.4
2.200090703,49601.4
2.205895692,31773.2
2.211700680,24523.8
2.217505669,21249.5
2.223310658,21167.8
2.229115646,22199.8
2.234920635,22159.6
2.240725624,25859.4
2.246530612,33010.3
2.252335601,43404.8
2.258140590,44887.5
2.263945578,47695.3
2.269750567,61031.2
2.275555556,115442
2.281360544,241719
2.287165533,288151
2.292970522,314256
2.298775510,353684
2.304580499,421635
2.310385488,737632
2.316190476,817746
2.321995465,1.15402e+6
2.327800454,1.82511e+6
2.333605442,2.01428e+6
2.339410431,2.13791e+6
2.345215420,1.57319e+6
2.351020408,1.49527e+6
2.356825397,1.52106e+6
2.362630385,1.71784e+6
2.368435374,171870
2.374240363,69046
2.380045351,45106.5
2.385850340,38560.9
2.391655329,33877.7
2.397460317,32128
2.403265306,36286.4
2.409070295,35146.6
2.414875283,31376.9
2.420680272,31854.5
2.426485261,42353.8
2.432290249,59282.1
2.438095238,60371.4
2.443900227,50165.1
2.449705215,45480.4
2.455510204,43383.1
2.461315193,42863.7
2.467120181,38027.3
2.472925170,46838.5
2.478730159,47556.6
2.484535147,61069.9
2.490340136,94334.5
2.496145125,233773
2.501950113,368596
2.507755102,626019
2.513560091,554313
2.519365079,464471
2.525170068,500689
2.530975057,475754
2.536780045,476668
2.542585034,686306
2.548390023,1.31641e+6
2.554195011,4.11873e+6
2.560000000,2.10683e+6
2.565804989,1.55195e+6
2.571609977,2.24833e+6
2.577414966,1.82039e+6
2.583219955,645774
2.589024943,228251
2.594829932,137377
2.600634921,85788.1
2.606439909,48349.3
2.612244898,34386.7
2.618049887,32483.3
2.623854875,25463.4
2.629659864,28214.4
2.635464853,31451.4
2.641269841,32669.5
2.647074830,23093.2
2.652879819,20525
2.658684807,19743.3
2.664489796,20260.4
2.670294785,20414.7
2.676099773,19915.7
2.681904762,21311.4
2.687709751,22614.1
2.693514739,23366.6
2.699319728,22517.3
2.705124717,21739.1
2.710929705,20061.4
2.716734694,18324.5
2.722539683,17005.4
2.728344671,16589.5
2.734149660,15875.3
2.739954649,15751.9
2.745759637,17932.8
2.751564626,24461.8
2.757369615,39821.4
2.763174603,55889.1
2.768979592,57861.1
2.774784580,62089.8
2.780589569,63368.1
2.786394558,65437.8
2.792199546,70234.5
2.798004535,97226.2
2.803809524,153841
2.809614512,269462
2.815419501,332206
2.821224490,320651
2.827029478,448074
2.832834467,532291
2.838639456,513299
2.844444444,529424
2.850249433,632898
2.856054422,897529
2.861859410,1.08055e+6
2.867664399,991609
2.873469388,535779
2.879274376,308060
2.885079365,155005
2.890884354,85034.9
2.896689342,69402
2.902494331,73049.7
2.908299320,71257.8
2.914104308,61992.5
2.919909297,46672.2
2.925714286,35514.8
2.931519274,31965.6
2.937324263,29924
2.943129252,24884.8
2.948934240,22590.9
2.954739229,25765
2.960544218,28335.6
2.966349206,29324.7
2.972154195,34146.9
2.977959184,51645.9
2.983764172,91401.8
2.989569161,87536.7
2.995374150,74707.1
3.001179138,79359
3.006984127,92617.1
3.012789116,110152
3.018594104,130249
3.024399093,173292
3.030204082,287571
3.036009070,460217
3.041814059,769848
3.047619048,1.11665e+6
3.053424036,1.61182e+6
3.059229025,1.5426e+6
3.065034014,1.13145e+6
3.070839002,1.45727e+6
3.076643991,1.88132e+6
3.082448980,2.23061e+6
3.088253968,521425
3.094058957,146277
3.099863946,73276
3.105668934,42879.7
3.111473923,39174.3
3.117278912,29659.8
3.123083900,22651.6
3.128888889,18737.1
3.134693878,16161.2
3.140498866,14933.4
3.146303855,14800.6
3.152108844,15636.5
3.157913832,21048.1
3.163718821,33799.9
3.169523810,32399.9
3.175328798,31886.8
3.181133787,29750
3.186938776,28424.5
3.192743764,27859.3
3.198548753,26919.5
3.204353741,27589.5
3.210158730,25926.7
3.215963719,24531.2
3.221768707,23543.6
3.227573696,22089.6
3.233378685,22341.3
3.239183673,22075.6
3.244988662,22270.6
3.250793651,22685.8
3.256598639,23205.7
3.262403628,25923.9
3.268208617,26115.1
3.274013605,25910.4
3.279818594,27450.7
3.285623583,29072.8
3.291428571,31761.4
3.297233560,36178
3.303038549,42707.4
3.308843537,45071.5
3.314648526,43204.1
3.320453515,38433.1
3.326258503,33898.1
3.332063492,34938.1
3.337868481,47736.7
3.343673469,55369.7
3.349478458,59352.9
3.355283447,61750.2
3.361088435,57843
3.366893424,57768.8
3.372698413,59356.4
3.378503401,57856.3
3.384308390,58821.7
3.390113379,61071.9
3.395918367,73800.3
3.401723356,110843
3.407528345,193929
3.413333333,354058
3.419138322,565760
3.424943311,705461
3.430748299,774290
3.436553288,793131
3.442358277,795889
3.448163265,973279
3.453968254,983500
3.459773243,899015
3.465578231,1.0366e+6
3.471383220,762766
3.477188209,734028
3.482993197,971568
3.488798186,1.2114e+6
3.494603175,1.15686e+6
3.500408163,1.10821e+6
3.506213152,1.29998e+6
3.512018141,1.78835e+6
3.517823129,1.59627e+6
3.523628118,1.08795e+6
3.529433107,1.00219e+6
3.535238095,1.21355e+6
3.541043084,1.42172e+6
3.546848073,1.327e+6
3.552653061,1.78177e+6
3.558458050,1.76619e+6
3.564263039,1.74206e+6
3.570068027,1.67482e+6
3.575873016,1.60638e+6
3.581678005,1.63254e+6
3.587482993,1.53719e+6
3.593287982,2.12375e+6
3.599092971,1.60456e+6
3.604897959,1.73556e+6
3.610702948,1.71222e+6
3.616507937,1.79242e+6
3.622312925,1.2785e+6
3.628117914,1.29348e+6
3.633922902,1.21262e+6
3.639727891,1.16777e+6
3.645532880,1.51858e+6
3.651337868,1.73281e+6
3.657142857,1.61836e+6
3.662947846,975959
3.668752834,851340
3.674557823,1.05293e+6
3.680362812,1.64017e+6
3.686167800,2.73571e+6
3.691972789,5.41467e+6
3.697777778,3.33111e+6
3.703582766,1.67864e+6
3.709387755,920328
3.715192744,1.14098e+6
3.720997732,1.24818e+6
3.726802721,665088
3.732607710,123371
3.738412698,53189.1
3.744217687,31327.1
3.750022676,26471
3.755827664,26739.4
3.761632653,29615.3
3.767437642,27166.1
3.773242630,24100.5
3.779047619,22158.2
3.784852608,20186.4
3.790657596,19398.1
3.796462585,19355.5
3.802267574,19737.7
3.808072562,21552.6
3.813877551,27699.5
3.819682540,35759.3
3.825487528,32102.8
3.831292517,31889.7
3.837097506,22825.6
3.842902494,17782
3.848707483,16794.3
3.854512472,18677.3
3.860317460,17980.1
3.866122449,15135.7
3.871927438,13214.4
3.877732426,11710.4
3.883537415,11861.2
3.889342404,13764.7
3.895147392,16990.5
3.900952381,19333.8
3.906757370,24431.3
3.912562358,31797.4
3.918367347,32907.9
3.924172336,36222.6
3.929977324,37090.1
3.935782313,43320.7
3.941587302,56767.2
3.947392290,57702.9
3.953197279,49341.7
3.959002268,47039.9
3.964807256,41619.8
3.970612245,35529.1
3.976417234,30039.6
3.982222222,30059.7
3.988027211,39050.3
3.993832200,53891.7
3.999637188,48417.6
4.005442177,38220.9
4.011247166,34794.7
4.017052154,42993.2
4.022857143,45569.3
4.028662132,44176.5
4.034467120,43856.8
4.040272109,42910.5
4.046077098,41878.6
4.051882086,41716.7
4.057687075,42309.4
4.063492063,45094.2
4.069297052,44945.8
4.075102041,42206.1
4.080907029,41864.1
4.086712018,36192.4
4.092517007,28591.7
4.098321995,23753.3
4.104126984,21369.8
4.109931973,18713.5
4.115736961,17833.1
4.121541950,18223.9
4.127346939,18617.8
4.133151927,19286.4
4.138956916,21615.1
4.144761905,23662.8
4.150566893,25933.2
4.156371882,29463.5
4.162176871,33997.5
4.167981859,41559.4
4.173786848,51607.6
4.179591837,67581.5
4.185396825,73526.7
4.191201814,59368.6
4.197006803,47950.4
4.202811791,42789.5
4.208616780,45145.6
4.214421769,52320.6
4.220226757,67198.2
4.226031746,69269.9
4.231836735,58920.8
4.237641723,48947.1
4.243446712,41784.5
4.249251701,37586.1
4.255056689,35749.7
4.260861678,31437.8
4.266666667,27789.3
4.272471655,27460.5
4.278276644,30070.1
4.284081633,36513.6
4.289886621,43352.7
4.295691610,47609.4
4.301496599,47945.4
4.307301587,49416.8
4.313106576,52268.1
4.318911565,57951.1
4.324716553,62844.4
4.330521542,62021.3
4.336326531,52984.4
4.342131519,49414.8
4.347936508,64624.9
4.353741497,76869.3
4.359546485,74507.3
4.365351474,55298.1
4.371156463,45599.4
4.376961451,40549.3
4.382766440,38837.6
4.388571429,39419.6
4.394376417,38629.2
4.400181406,39294
4.405986395,44854
4.411791383,52276.7
4.417596372,56900.8
4.423401361,56468.7
4.429206349,54717.6
4.435011338,55089.3
4.440816327,56052.6
4.446621315,55831.4
4.452426304,62113.1
4.458231293,61237
4.464036281,55515.1
4.469841270,44260.9
4.475646259,43389.3
4.481451247,57586.9
4.487256236,57154.7
4.493061224,56504.3
4.498866213,51496.1
4.504671202,62677.5
4.510476190,56572.6
4.516281179,54408
4.522086168,56964.5
4.527891156,56828.7
4.533696145,62603.7
4.539501134,74183.9
4.545306122,93021.3
4.551111111,103463
4.556916100,84368.4
4.562721088,59295.2
4.568526077,43403.9
4.574331066,35937.4
4.580136054,31985.7
4.585941043,27264.3
4.591746032,23248.9
4.597551020,21642.8
4.603356009,21392.2
4.609160998,21271.3
4.614965986,24010.6
4.620770975,31694.1
4.626575964,46208.5
4.632380952,61729.8
4.638185941,79419.3
4.643990930,110999
4.649795918,152962
4.655600907,193870
4.661405896,292542
4.667210884,454781
4.673015873,548469
4.678820862,686995
4.684625850,738245
4.690430839,927450
4.696235828,1.08881e+6
4.702040816,996118
4.707845805,1.11156e+6
4.713650794,1.53646e+6
4.719455782,1.79688e+6
4.725260771,2.10946e+6
4.731065760,3.03319e+6
4.736870748,3.47775e+6
4.742675737,4.55079e+6
4.748480726,3.98793e+6
4.754285714,3.08999e+6
4.760090703,728457
4.765895692,153182
4.771700680,74266.5
4.777505669,38908.7
4.783310658,23893.3
4.789115646,17229.3
4.794920635,14537
4.800725624,13957
4.806530612,15360.3
4.812335601,22107.8
4.818140590,20836.3
4.823945578,20587.3
4.829750567,21158.8
4.835555556,19941.4
4.841360544,18657.2
4.847165533,19681
4.852970522,20722.8
4.858775510,19679.1
4.864580499,18210.6
4.870385488,17729.7
4.876190476,21249.2
4.881995465,34681.5
4.887800454,31209
4.893605442,27107.8
4.899410431,27274.7
4.905215420,34852.9
4.911020408,37026.7
4.916825397,33995.4
4.922630385,30253.6
4.928435374,28699.7
4.934240363,27993.1
4.940045351,28354.1
4.945850340,30254.9
4.951655329,30202
4.957460317,29616.3
4.963265306,32847.6
4.969070295,36290.8
4.974875283,47067.1
4.980680272,77314.2
4.986485261,110252
4.992290249,187210
4.998095238,486843
5.003900227,671058
5.009705215,741580
5.015510204,820810
5.021315193,918822
5.027120181,905627
5.032925170,853175
5.038730159,825278
5.044535147,733329
5.050340136,818626
5.056145125,1.48115e+6
5.061950113,2.72195e+6
5.067755102,3.12622e+6
5.073560091,2.97816e+6
5.079365079,2.30155e+6
5.085170068,1.93961e+6
5.090975057,1.52094e+6
5.096780045,347702
5.102585034,113150
5.108390023,98947.6
5.114195011,88666.6
5.120000000,90625.7
5.125804989,103977
5.131609977,109320
5.137414966,90655.4
5.143219955,79838.4
5.149024943,82018.1
5.154829932,92718.7
5.160634921,93918.1
5.166439909,86904.1
5.172244898,76046.1
5.178049887,61014.7
5.183854875,44017.8
5.189659864,32997.1
5.195464853,31063.7
5.201269841,26848.2
5.207074830,24775
5.212879819,21806.8
5.218684807,21019.7
5.224489796,21878.7
5.230294785,23356.2
5.236099773,27381.7
5.241904762,35397.1
5.247709751,41348.2
5.253514739,44730.6
5.259319728,48355
5.265124717,50728.5
5.270929705,65739.4
5.276734694,109838
5.282539683,245155
5.288344671,758383
5.294149660,889687
5.299954649,828730
5.305759637,893758
5.311564626,2.05484e+6
5.317369615,1.81544e+6
5.323174603,987362
5.328979592,805440
5.334784580,779284
5.340589569,413748
5.346394558,214392
5.352199546,202268
5.358004535,118852
5.363809524,88106.3
5.369614512,74382.5
5.375419501,65961.2
5.381224490,70185.3
5.387029478,67570.8
5.392834467,53498.5
5.398639456,38125.1
5.404444444,31270.4
5.410249433,30342.9
5.416054422,29088.1
5.421859410,23555.7
5.427664399,19196.5
5.433469388,18891.9
5.439274376,20215.7
5.445079365,21849
5.450884354,24618
5.456689342,26933.3
5.462494331,30129.8
5.468299320,33355.8
5.474104308,37158.7
5.479909297,39692.7
5.485714286,38779.4
5.491519274,37168.6
5.497324263,32842.8
5.503129252,30464.7
5.508934240,31079.8
5.514739229,31968.2
5.520544218,35311.6
5.526349206,43707.8
5.532154195,47727.2
5.537959184,43301.5
5.543764172,43628
5.549569161,42463.2
5.555374150,42397.1
5.561179138,42432.9
5.566984127,40557.9
5.572789116,43186.8
5.578594104,50472.7
5.584399093,74970.3
5.590204082,148821
5.596009070,299960
5.601814059,642474
5.607619048,923468
5.613424036,1.21517e+6
5.619229025,1.29176e+6
5.625034014,1.45549e+6
5.630839002,1.5888e+6
5.636643991,1.80116e+6
5.642448980,1.77332e+6
5.648253968,1.70376e+6
5.654058957,1.66325e+6
5.659863946,2.01488e+6
5.665668934,3.30357e+6
5.671473923,3.9132e+6
5.677278912,3.99051e+6
5.683083900,5.00343e+6
5.688888889,2.53136e+6
5.694693878,2.13606e+6
5.700498866,5.76347e+6
5.706303855,5.39177e+6
5.712108844,4.98174e+6
5.717913832,4.0075e+6
5.723718821,984172
5.729523810,203212
5.735328798,99644.7
5.741133787,52117.3
5.746938776,45027.5
5.752743764,48917.3
5.758548753,53025.6
5.764353741,53600.5
5.770158730,58985.5
5.775963719,57991.4
5.781768707,54954.8
5.787573696,55580.3
5.793378685,61968.7
5.799183673,67324.3
5.804988662,66770.2
5.810793651,57413.6
5.816598639,59373.2
5.822403628,79486.8
5.828208617,115036
5.834013605,197106
5.839818594,396073
5.845623583,681323
5.851428571,1.25476e+6
5.857233560,2.63168e+6
5.863038549,2.04542e+6
5.868843537,1.36176e+6
5.874648526,1.28994e+6
5.880453515,916140
5.886258503,360863
5.892063492,143068
5.897868481,106897
5.903673469,77827.5
5.909478458,44565.1
5.915283447,39047.4
5.921088435,59615.4
5.926893424,43289.5
5.932698413,34319.9
5.938503401,33223.9
5.944308390,41212.4
5.950113379,34925.8
5.955918367,30147.1
5.961723356,29141.3
5.967528345,26332.2
5.973333333,22403.6
5.979138322,21991
5.984943311,22489.4
5.990748299,23768.6
5.996553288,25373.6
6.002358277,26604.5
6.008163265,26902.8
6.013968254,26209.5
6.019773243,26372
6.025578231,26461.4
6.031383220,25651.6
6.037188209,24732.5
6.042993197,24012.2
6.048798186,24678.3
6.054603175,28180.7
6.060408163,40905
6.066213152,40097.7
6.072018141,38435
6.077823129,56570.3
6.083628118,76169.2
6.089433107,83051.9
6.095238095,82695.2
6.101043084,82942.8
6.106848073,80600.1
6.112653061,75597.6
6.118458050,74564.6
6.124263039,73206.8
6.130068027,67699.3
6.135873016,60396.1
6.141678005,60025.5
6.147482993,63071
6.153287982,67643.4
6.159092971,71790.1
6.164897959,66121.8
6.170702948,67668.7
6.176507937,66390.3
6.182312925,55554.3
6.188117914,61295.4
6.193922902,71589.3
6.199727891,95914.8
6.205532880,127783
6.211337868,148695
6.217142857,204029
6.222947846,472749
6.228752834,1.13865e+6
6.234557823,2.97522e+6
6.240362812,5.81951e+6
6.246167800,4.83546e+6
6.251972789,3.45778e+6
6.257777778,1.91356e+6
6.263582766,1.35795e+6
6.269387755,1.41415e+6
6.275192744,1.39425e+6
6.280997732,1.52075e+6
6.286802721,1.96e+6
6.292607710,2.33359e+6
6.298412698,2.72325e+6
6.304217687,2.01795e+6
6.310022676,1.08505e+6
6.315827664,906786
6.321632653,939852
6.327437642,907202
6.333242630,1.80686e+6
6.339047619,233676
6.344852608,86334.7
6.350657596,55666.7
6.356462585,50136.6
6.362267574,66884.4
6.368072562,63052.7
6.373877551,57036.4
6.379682540,49228.8
6.385487528,42721.2
6.391292517,38951.1
6.397097506,38859.9
6.402902494,45729.2
6.408707483,50600.6
6.414512472,53085.3
6.420317460,48818
6.426122449,48135.6
6.431927438,49384.6
6.437732426,49166.6
6.443537415,48883.5
6.449342404,51630.4
6.455147392,55927.7
6.460952381,53622.9
6.466757370,46483.3
6.472562358,42118.4
6.478367347,36988.5
6.484172336,33517.9
6.489977324,32121.5
6.495782313,32358.9
6.501587302,34316.5
6.507392290,36525.1
6.513197279,39901.1
6.519002268,43640.6
6.524807256,45982.4
6.530612245,42576.9
6.536417234,39378.2
6.542222222,43035.1
6.548027211,47106.7
6.553832200,46404.9
6.559637188,45752.1
6.565442177,47406.6
6.571247166,53467.8
6.577052154,56756.3
6.582857143,63447.3
6.588662132,65792.5
6.594467120,70106.4
6.600272109,64986.7
6.606077098,54862.4
6.611882086,50966
6.617687075,48506.8
6.623492063,44560.6
6.629297052,42605
6.635102041,41129.9
6.640907029,40153.4
6.646712018,37826.5
6.652517007,35966.4
6.658321995,33560.1
6.664126984,30124.4
6.669931973,27396.5
6.675736961,26493
6.681541950,24613.7
6.687346939,23706.8
6.693151927,24203.1
6.698956916,26502.5
6.704761905,34116.9
6.710566893,41254.9
6.716371882,40777.8
6.722176871,39668.3
6.727981859,38305.1
6.733786848,34962.5
6.739591837,32779.7
6.745396825,32283.8
6.751201814,33054
6.757006803,33511.2
6.762811791,33538.3
6.768616780,34280.3
6.774421769,35626.1
6.780226757,35195.5
6.786031746,33845.9
6.791836735,34452.4
6.797641723,34706.5
6.803446712,35075.6
6.809251701,35309.7
6.815056689,34999.2
6.820861678,34419.1
6.826666667,36296.7
6.832471655,37084.4
6.838276644,37505.8
6.844081633,38117.6
6.849886621,37584.2
6.855691610,37207.9
6.861496599,36314.2
6.867301587,33359
6.873106576,30204.1
6.878911565,29150
6.884716553,32437
6.890521542,35131
6.896326531,48401.9
6.902131519,42103.1
6.907936508,36306.9
6.913741497,34141
6.919546485,30012.7
6.925351474,29074.7
6.931156463,30991.6
6.936961451,34124
6.942766440,36087.1
6.948571429,36459.9
6.954376417,36200.5
6.960181406,36008.1
6.965986395,36485.2
6.971791383,36740.7
6.977596372,37204.9
6.983401361,43071
6.989206349,42141.4
6.995011338,57137.8
7.000816327,74877.1
7.006621315,120293
7.012426304,231460
7.018231293,404240
7.024036281,612050
7.029841270,688692
7.035646259,695131
7.041451247,748620
7.047256236,825897
7.053061224,939099
7.058866213,949844
7.064671202,931577
7.070476190,1.08987e+6
7.076281179,1.5691e+6
7.082086168,1.92031e+6
7.087891156,1.53993e+6
7.093696145,1.63829e+6
7.099501134,1.82413e+6
7.105306122,2.4563e+6
7.111111111,1.88905e+6
7.116916100,1.61661e+6
7.122721088,2.38674e+6
7.128526077,2.0217e+6
7.134331066,1.68825e+6
7.140136054,1.42529e+6
7.145941043,1.60688e+6
7.151746032,1.85246e+6
7.157551020,2.10497e+6
7.163356009,2.72586e+6
7.169160998,2.39597e+6
7.174965986,2.04495e+6
7.180770975,1.83262e+6
7.186575964,2.27378e+6
7.192380952,1.95574e+6
7.198185941,2.32954e+6
7.203990930,2.10181e+6
7.209795918,1.67881e+6
7.215600907,1.33156e+6
7.221405896,1.42105e+6
7.227210884,923143
7.233015873,780714
7.238820862,674895
7.244625850,480393
7.250430839,591101
7.256235828,1.00404e+6
7.262040816,1.20346e+6
7.267845805,925354
7.273650794,1.00309e+6
7.279455782,1.7484e+6
7.285260771,2.38428e+6
7.291065760,3.03139e+6
7.296870748,2.8395e+6
7.302675737,857230
7.308480726,676026
7.314285714,570852
7.320090703,829804
7.325895692,520394
7.331700680,133311
7.337505669,58878.6
7.343310658,41151.3
7.349115646,47044.1
7.354920635,36684.4
7.360725624,35875.7
7.366530612,23014.7
7.372335601,15101.9
7.378140590,14189
7.383945578,17052.2
7.389750567,23625.1
7.395555556,34402.8
7.401360544,39142.7
7.407165533,38616.9
7.412970522,34860.8
7.418775510,33193
7.424580499,31473.1
7.430385488,31417.7
7.436190476,31921.3
7.441995465,29927.1
7.447800454,29503.9
7.453605442,33503.1
7.459410431,35816.3
7.465215420,36929.5
7.471020408,36061.4
7.476825397,41619.2
7.482630385,51100.6
7.488435374,74768.1
7.494240363,124267
7.500045351,190018
7.505850340,219384
7.511655329,305560
7.517460317,466053
7.523265306,612938
7.529070295,823784
7.534875283,1.02196e+6
7.540680272,1.12294e+6
7.546485261,875543
7.552290249,877632
7.558095238,1.17602e+6
7.563900227,1.45834e+6
7.569705215,1.69777e+6
7.575510204,1.91683e+6
7.581315193,2.45836e+6
7.587120181,2.19488e+6
7.592925170,1.88539e+6
7.598730159,2.00253e+6
7.604535147,2.26579e+6
7.610340136,1.52911e+6
7.616145125,630883
7.621950113,132146
7.627755102,43229.5
7.633560091,28995
7.639365079,16901.6
7.645170068,14085.9
7.650975057,13920.1
7.656780045,16987.3
7.662585034,22245.1
7.668390023,19708.6
7.674195011,19367
7.680000000,20173.2
7.685804989,20903.9
7.691609977,21273.9
7.697414966,21420
7.703219955,22804.3
7.709024943,27767.4
7.714829932,31104.3
7.720634921,30051.9
7.726439909,28467.7
7.732244898,24036.1
7.738049887,22621.1
7.743854875,22369.2
7.749659864,24217.8
7.755464853,25083.3
7.761269841,26989.8
7.767074830,27472.4
7.772879819,32090.5
7.778684807,30354.8
7.784489796,25384.1
7.790294785,22473.7
7.796099773,22237.6
7.801904762,23315.3
7.807709751,25540.3
7.813514739,29699.7
7.819319728,34962.2
7.825124717,40188.5
7.830929705,45817.4
7.836734694,62258.7
7.842539683,91200.6
7.848344671,86621
7.854149660,77192.8
7.859954649,66852.4
7.865759637,56438.6
7.871564626,46023.4
7.877369615,41411.6
7.883174603,42334.6
7.888979592,36077.9
7.894784580,29125.4
7.900589569,25837.8
7.906394558,25491.3
7.912199546,24744.6
7.918004535,31103.8
7.923809524,40817
7.929614512,47029.9
7.935419501,77352.1
7.941224490,336136
7.947029478,1.31108e+6
7.952834467,1.55883e+6
7.958639456,1.26135e+6
7.964444444,1.35685e+6
7.970249433,1.39684e+6
7.976054422,1.53255e+6
7.981859410,1.99687e+6
7.987664399,2.3596e+6
7.993469388,2.81155e+6
7.999274376,3.19307e+6
8.005079365,3.54578e+6
8.010884354,2.97416e+6
8.016689342,1.56055e+6
8.022494331,1.45041e+6
8.028299320,1.06341e+6
8.034104308,221519
8.039909297,84673
8.045714286,49998.2
8.051519274,26356.3
8.057324263,21773.1
8.063129252,20753.6
8.068934240,20839.6
8.074739229,20367.5
8.080544218,19637.9
8.086349206,19646.2
8.092154195,21348.1
8.097959184,23868.7
8.103764172,22431.2
8.109569161,20794.2
8.115374150,22934.7
8.121179138,35389
8.126984127,48216
8.132789116,46422.3
8.138594104,51373.8
8.144399093,66444.5
8.150204082,146096
8.156009070,151394
8.161814059,126917
8.167619048,141181
8.173424036,230468
8.179229025,399020
8.185034014,357848
8.190839002,377525
8.196643991,388295
8.202448980,481356
8.208253968,1.03893e+6
8.214058957,1.76647e+6
8.219863946,3.01696e+6
8.225668934,4.35616e+6
8.231473923,1.66979e+6
8.237278912,967231
8.243083900,956778
8.248888889,568191
8.254693878,489825
8.260498866,419643
8.266303855,277178
8.272108844,249735
8.277913832,295331
8.283718821,422563
8.289523810,248901
8.295328798,91505.4
8.301133787,53435.4
8.306938776,38603.6
8.312743764,34749.1
8.318548753,26556.4
8.324353741,20041.2
8.330158730,17716.5
8.335963719,15650.7
8.341768707,14912.5
8.347573696,15504.4
8.353378685,14271.6
8.359183673,13904.8
8.364988662,12900
8.370793651,13977.6
8.376598639,16074.2
8.382403628,16377
8.388208617,15399.6
8.394013605,16039.5
8.399818594,16678.8
8.405623583,15935.9
8.411428571,15684.5
8.417233560,16997.7
8.423038549,19319.3
8.428843537,22341.8
8.434648526,24519.6
8.440453515,27091.9
8.446258503,26533
8.452063492,24258.4
8.457868481,23840.2
8.463673469,23365
8.469478458,25423.5
8.475283447,28742
8.481088435,39916.7
8.486893424,40776.1
8.492698413,32355.2
8.498503401,25158.4
8.504308390,21816.8
8.510113379,22292.4
8.515918367,26698.1
8.521723356,40549.4
8.527528345,50704.2
8.533333333,42226.9
8.539138322,46038
8.544943311,58854.7
8.550748299,63053
8.556553288,63205.9
8.562358277,68815
8.568163265,72261.1
8.573968254,71771.3
8.579773243,76116.8
8.585578231,76435
8.591383220,65460.5
8.597188209,57782
8.602993197,51173.1
8.608798186,45442.7
8.614603175,40929
8.620408163,40389.8
8.626213152,40317.7
8.632018141,40349.9
8.637823129,39608.7
8.643628118,37881.1
8.649433107,38972.1
8.655238095,42364.7
8.661043084,42464.9
8.666848073,44604.1
8.672653061,43593.5
8.678458050,42940.6
8.684263039,42989
8.690068027,45005.2
8.695873016,46636.8
8.701678005,49693.8
8.707482993,44123.4
8.713287982,40693.2
8.719092971,30125.3
8.724897959,27681.1
8.730702948,29859.3
8.736507937,30655.3
8.742312925,31363.7
8.748117914,32145.3
8.753922902,32596.8
8.759727891,32166.3
8.765532880,31353
8.771337868,31443.4
8.777142857,32040.2
8.782947846,32299.1
8.788752834,32178.8
8.794557823,34030.4
8.800362812,35465.6
8.806167800,34685
8.811972789,32614.5
8.817777778,32322.3
8.823582766,31690.2
8.829387755,30353.9
8.835192744,27625.2
8.840997732,29246.9
8.846802721,44361.2
8.852607710,69188.9
8.858412698,68616
8.864217687,62106.6
8.870022676,61867.7
8.875827664,63239.6
8.881632653,67072.5
8.887437642,70502.8
8.893242630,70413.2
8.899047619,68953.1
8.904852608,68947
8.910657596,67542.5
8.916462585,64002.1
8.922267574,61802.8
8.928072562,56483.7
8.933877551,45993.6
8.939682540,46067.4
8.945487528,67061.7
8.951292517,146133
8.957097506,243662
8.962902494,382169
8.968707483,678813
8.974512472,713928
8.980317460,809797
8.986122449,752145
8.991927438,1.00458e+6
8.997732426,1.38811e+6
9.003537415,1.21551e+6
9.009342404,1.18632e+6
9.015147392,1.27702e+6
9.020952381,1.50968e+6
9.026757370,3.09503e+6
9.032562358,2.01375e+6
9.038367347,1.20912e+6
9.044172336,1.37228e+6
9.049977324,682114
9.055782313,423952
9.061587302,391905
9.067392290,611012
9.073197279,754516
9.079002268,530103
9.084807256,505793
9.090612245,530888
9.096417234,387697
9.102222222,310608
9.108027211,68847.8
9.113832200,37159.2
9.119637188,23092.7
9.125442177,17185
9.131247166,14764.3
9.137052154,13057.7
9.142857143,11910.9
9.148662132,11808.4
9.154467120,11869.5
9.160272109,11461.9
9.166077098,10274.8
9.171882086,10443.7
9.177687075,10612.9
9.183492063,10010.4
9.189297052,9838.9
9.195102041,9279.97
9.200907029,8691.75
9.206712018,9021.83
9.212517007,9356.98
9.218321995,9291.77
9.224126984,9355.34
9.229931973,9548.39
9.235736961,10087.3
9.241541950,10477.1
9.247346939,10868.2
9.253151927,10833.4
9.258956916,10920.8
9.264761905,11727.1
9.270566893,12248.4
9.276371882,13124.2
9.282176871,14277.7
9.287981859,14358.1
9.293786848,14448.6
9.299591837,15085.4
9.305396825,15129.2
9.311201814,14903.5
9.317006803,14826.6
9.322811791,17773.2
9.328616780,18761.8
9.334421769,17746.7
9.340226757,21391.1
9.346031746,37918.3
9.351836735,35966.7
9.357641723,37065.9
9.363446712,43772.8
9.369251701,61737.7
9.375056689,82571.9
9.380861678,92157.7
9.386666667,84330.9
9.392471655,88965.4
9.398276644,96403
9.404081633,98420.6
9.409886621,84373.7
9.415691610,65879.8
9.421496599,59892.7
9.427301587,46518.1
9.433106576,42722.4
9.438911565,43111.3
9.444716553,37938.5
9.450521542,33091.9
9.456326531,29692.8
9.462131519,26538.2
9.467936508,25865.4
9.473741497,26030.7
9.479546485,26075.1
9.485351474,24591.3
9.491156463,23620
9.496961451,28252.4
9.502766440,38770.5
9.508571429,66762.2
9.514376417,91567
9.520181406,98268.6
9.525986395,114771
9.531791383,177713
9.537596372,395066
9.543401361,777033
9.549206349,685296
9.555011338,786822
9.560816327,782737
9.566621315,963527
9.572426304,1.17197e+6
9.578231293,969760
9.584036281,776524
9.589841270,1.18343e+6
9.595646259,2.17711e+6
9.601451247,2.34021e+6
9.607256236,3.02345e+6
9.613061224,2.96217e+6
9.618866213,4.51983e+6
9.624671202,3.55702e+6
9.630476190,2.57642e+6
9.636281179,3.7788e+6
9.642086168,5.96031e+6
9.647891156,3.27942e+6
9.653696145,2.57889e+6
9.659501134,1.25636e+6
9.665306122,470781
9.671111111,208832
9.676916100,124668
9.682721088,101234
9.688526077,84158.3
9.694331066,63170.1
9.700136054,38598.4
9.705941043,26175.3
9.711746032,21256.7
9.717551020,19680.9
9.723356009,18767.5
9.729160998,19003.9
9.734965986,18136.6
9.740770975,16657.4
9.746575964,16737.2
9.752380952,18266.1
9.758185941,21079.2
9.763990930,24249.9
9.769795918,28956.4
9.775600907,33105.7
9.781405896,37584.2
9.787210884,40957.9
9.793015873,39436.1
9.798820862,41404.5
9.804625850,45534.9
9.810430839,53018.8
9.816235828,53080.4
9.822040816,55170.9
9.827845805,55762.7
9.833650794,54682.5
9.839455782,48686.1
9.845260771,42940.5
9.851065760,39244
9.856870748,37931.1
9.862675737,36822.6
9.868480726,33978.5
9.874285714,32285.4
9.880090703,30166.7
9.885895692,29166.2
9.891700680,29745
9.897505669,29761.3
9.903310658,28723.9
9.909115646,27227.2
9.914920635,28162.3
9.920725624,30416
9.926530612,36242.9
9.932335601,37870.2
9.938140590,36426.7
9.943945578,43011.7
9.949750567,51212.8
9.955555556,57308.3
9.961360544,52146.5
9.967165533,45435.7
9.972970522,39282.8
9.978775510,30460
9.984580499,25165.8
9.990385488,23223
9.996190476,23358.6
10.001995465,24895.5
10.007800454,25871
10.013605442,26005.9
10.019410431,27837.2
10.025215420,37715.2
10.031020408,57738.8
10.036825397,144533
10.042630385,230533
10.048435374,442860
10.054240363,643442
10.060045351,821270
10.065850340,975165
10.071655329,931329
10.077460317,728494
10.083265306,587495
10.089070295,523447
10.094875283,721471
10.100680272,1.28365e+6
10.106485261,2.03028e+6
10.112290249,2.03156e+6
10.118095238,1.05649e+6
10.123900227,929375
10.129705215,742791
10.135510204,514104
10.141315193,508160
10.147120181,363764
10.152925170,302300
10.158730159,183424
10.164535147,107493
10.170340136,84080.6
10.176145125,64782.2
10.181950113,59906.2
10.187755102,57194.8
10.193560091,58143.4
10.199365079,49094.4
10.205170068,43172.1
10.210975057,41813
10.216780045,45419.5
10.222585034,48376.8
10.228390023,42451.3
10.234195011,35784.7
10.240000000,31124.6
10.245804989,28079.4
10.251609977,32230.3
10.257414966,32641.3
10.263219955,34027.6
10.269024943,35907.1
10.274829932,39056.3
10.280634921,38292.3
10.286439909,34958.2
10.292244898,33538.2
10.298049887,31953.2
10.303854875,28699.6
10.309659864,27169
10.315464853,26695.1
10.321269841,24654.2
10.327074830,23407.9
10.332879819,23876.8
10.338684807,25932.2
10.344489796,31885.3
10.350294785,49080.2
10.356099773,78547.7
10.361904762,104024
10.367709751,100695
10.373514739,94182.4
10.379319728,102187
10.385124717,126147
10.390929705,164317
10.396734694,243692
10.402539683,463570
10.408344671,845572
10.414149660,1.27066e+6
10.419954649,1.92215e+6
10.425759637,1.34489e+6
10.431564626,704558
10.437369615,259651
10.443174603,124043
10.448979592,96919.4
10.454784580,70766
10.460589569,63143.2
10.466394558,61386.5
10.472199546,61188.4
10.478004535,54617.4
10.483809524,53481
10.489614512,55924.4
10.495419501,57125.4
10.501224490,56698
10.507029478,56211.7
10.512834467,57722.8
10.518639456,58010
10.524444444,54167.6
10.530249433,49545.5
10.536054422,43206
10.541859410,35761.5
10.547664399,26531.9
10.553469388,22510.6
10.559274376,24147.7
10.565079365,25698.5
10.570884354,31644.9
10.576689342,40261.7
10.582494331,50321.7
10.588299320,60458.3
10.594104308,71351.4
10.599909297,85144.6
10.605714286,88897
10.611519274,99264.5
10.617324263,115932
10.623129252,187730
10.628934240,312499
10.634739229,570161
10.640544218,1.01221e+6
10.646349206,1.39805e+6
10.652154195,1.02362e+6
10.657959184,829950
10.663764172,1.09579e+6
10.669569161,1.32183e+6
10.675374150,1.27874e+6
10.681179138,1.52724e+6
10.686984127,1.52251e+6
10.692789116,1.91762e+6
10.698594104,2.00784e+6
10.704399093,1.47716e+6
10.710204082,1.90017e+6
10.716009070,2.39231e+6
10.721814059,2.25304e+6
10.727619048,2.05158e+6
10.733424036,1.54372e+6
10.739229025,1.40561e+6
10.745034014,1.70312e+6
10.750839002,1.76291e+6
10.756643991,2.12062e+6
10.762448980,1.73082e+6
10.768253968,919972
10.774058957,861784
10.779863946,737190
10.785668934,1.0361e+6
10.791473923,1.3387e+6
10.797278912,1.33944e+6
10.803083900,1.79122e+6
10.808888889,1.17078e+6
10.814693878,1.43571e+6
10.820498866,1.59523e+6
10.826303855,1.48153e+6
10.832108844,891149
10.837913832,1.06827e+6
10.843718821,1.08019e+6
10.849523810,797187
10.855328798,852077
10.861133787,1.22899e+6
10.866938776,644064
10.872743764,644775
10.878548753,1.00276e+6
10.884353741,1.95807e+6
10.890158730,4.24147e+6
10.895963719,3.71016e+6
10.901768707,2.73438e+6
10.907573696,4.05998e+6
10.913378685,2.49039e+6
10.919183673,2.46956e+6
10.924988662,1.37303e+6
10.930793651,1.40818e+6
10.936598639,342438
10.942403628,108847
10.948208617,37798
10.954013605,38814.4
10.959818594,74188.6
10.965623583,37567.5
10.971428571,29268.6
10.977233560,29674
10.983038549,29527.7
10.988843537,32380.1
10.994648526,39761.6
11.000453515,40509.9
11.006258503,44903.5
11.012063492,75077.7
11.017868481,123979
11.023673469,272633
11.029478458,723786
11.035283447,610648
11.041088435,526569
11.046893424,522531
11.052698413,545990
11.058503401,660678
11.064308390,603544
11.070113379,143633
11.075918367,51547.5
11.081723356,35795.7
11.087528345,34402.4
11.093333333,26432.3
11.099138322,22621.2
11.104943311,22430.8
11.110748299,19873
11.116553288,18160.5
11.122358277,19777.6
11.128163265,22399.8
11.133968254,23088.1
11.139773243,23102.9
11.145578231,24974.7
11.151383220,26156
11.157188209,25572.3
11.162993197,25742.1
11.168798186,26846.1
11.174603175,26728.2
11.180408163,25350.6
11.186213152,25601
11.192018141,26470.1
11.197823129,30857
11.203628118,42706.7
11.209433107,74687.4
11.215238095,117175
11.221043084,150330
11.226848073,188182
11.232653061,271427
11.238458050,441089
11.244263039,670119
11.250068027,603242
11.255873016,554765
11.261678005,532791
11.267482993,451500
11.273287982,346635
11.279092971,249551
11.284897959,140404
11.290702948,83106.9
11.296507937,63791.9
11.302312925,62579.4
11.308117914,57469.2
11.313922902,47280.7
11.319727891,39811.2
11.325532880,36068.7
11.331337868,30394.1
11.337142857,26605.6
11.342947846,25545.1
11.348752834,26639.3
11.354557823,24210.8
11.360362812,25496.9
11.366167800,35335.5
11.371972789,42518.6
11.377777778,48035.2
11.383582766,44912
11.389387755,39500.2
11.395192744,37547
11.400997732,36962.5
11.406802721,33819.3
11.412607710,35210.2
11.418412698,40711.9
11.424217687,45461.8
11.430022676,46279.3
11.435827664,51743.5
11.441632653,58591.5
11.447437642,62236.2
11.453242630,53327.3
11.459047619,45385.3
11.464852608,42621.7
11.470657596,43054.2
11.476462585,46225.7
11.482267574,51736.4
11.488072562,55711
11.493877551,58792.8
11.499682540,73379.4
11.505487528,79105.8
11.511292517,84824.3
11.517097506,84027.9
11.522902494,75899.5
11.528707483,65659.2
11.534512472,53678.1
11.540317460,44388.9
11.546122449,42302.1
11.551927438,42166.5
11.557732426,39210
11.563537415,34590
11.569342404,32392.8
11.575147392,31806.7
11.580952381,32258.3
11.586757370,30450.5
11.592562358,29133
11.598367347,27944.7
11.604172336,25471.9
11.609977324,24520.5
11.615782313,25634.9
11.621587302,24631.8
11.627392290,23504
11.633197279,22774.7
11.639002268,21329
11.644807256,22092.8
11.650612245,23237.9
11.656417234,23640.1
11.662222222,23043.1
11.668027211,22676.9
11.673832200,22334
11.679637188,20110.3
11.685442177,20707.1
11.691247166,22947.7
11.697052154,28671.7
11.702857143,39387.3
11.708662132,54025.8
11.714467120,50466.7
11.720272109,36271.2
11.726077098,28925.4
11.731882086,24367.9
11.737687075,21041.9
11.743492063,18586.7
11.749297052,16131
11.755102041,14449.9
11.760907029,14020.7
11.766712018,14287.2
11.772517007,14954
11.778321995,14827
11.784126984,14820.7
11.789931973,15968.7
11.795736961,21459.9
11.801541950,34728.3
11.807346939,31654
11.813151927,33572.4
11.818956916,37361.9
11.824761905,39547.6
11.830566893,40255.8
11.836371882,38555.8
11.842176871,36787.6
11.847981859,38260.8
11.853786848,40926.1
11.859591837,43246.3
11.865396825,42019.9
11.871201814,40738.3
11.877006803,39604.2
11.882811791,36825.9
11.888616780,30271
11.894421769,26298.4
11.900226757,26356.4
11.906031746,29699
11.911836735,32960.4
11.917641723,38612.1
11.923446712,44021.3
11.929251701,46146.9
11.935056689,43545.9
11.940861678,39476.6
11.946666667,34542.1
11.952471655,29217.1
11.958276644,24836.3
11.964081633,24011.9
11.969886621,24601.8
11.975691610,27503.7
11.981496599,30131.2
11.987301587,28686.9
11.993106576,22876.9
11.998911565,20394.2
12.004716553,18745
12.010521542,18609.1
12.016326531,20284.4
12.022131519,23497.4
12.027936508,26517.6
12.033741497,27952.5
12.039546485,26358.3
12.045351474,26623.1
12.051156463,27778.8
12.056961451,28386
12.062766440,28870.4
12.068571429,40748.7
12.074376417,63548.1
12.080181406,47736
12.085986395,43905.2
12.091791383,37187.9
12.097596372,33452.7
12.103401361,30495.5
12.109206349,27541.3
12.115011338,26464.9
12.120816327,24854.4
12.126621315,25318.7
12.132426304,26127.6
12.138231293,26538.1
12.144036281,26622.3
12.149841270,27898.2
12.155646259,29762.3
12.161451247,31154.8
12.167256236,34911.5
12.173061224,40219.5
12.178866213,43526.2
12.184671202,42736.9
12.190476190,40424.9
12.196281179,36312
12.202086168,32335.9
12.207891156,31266
12.213696145,31480.8
12.219501134,32498.6
12.225306122,30603.8
12.231111111,27707.2
12.236916100,26563.6
12.242721088,31951.2
12.248526077,43387.6
12.254331066,47926.4
12.260136054,52715.7
12.265941043,56447.6
12.271746032,75053.9
12.277551020,76466.8
12.283356009,76009.4
12.289160998,119286
12.294965986,97792.7
12.300770975,86048.1
12.306575964,107551
12.312380952,157040
12.318185941,355967
12.323990930,386506
12.329795918,326332
12.335600907,553389
12.341405896,678124
12.347210884,362023
12.353015873,254397
12.358820862,308332
12.364625850,502003
12.370430839,538797
12.376235828,907209
12.382040816,1.04481e+6
12.387845805,1.27255e+6
12.393650794,1.21296e+6
12.399455782,1.35442e+6
12.405260771,1.50139e+6
12.411065760,1.38967e+6
12.416870748,1.17641e+6
12.422675737,1.40314e+6
12.428480726,2.35405e+6
12.434285714,3.1554e+6
12.440090703,2.92495e+6
12.445895692,4.46504e+6
12.451700680,4.15655e+6
12.457505669,4.50498e+6
12.463310658,3.8772e+6
12.469115646,3.58165e+6
12.474920635,2.83008e+6
12.480725624,2.57607e+6
12.486530612,3.25638e+6
12.492335601,4.59835e+6
12.498140590,5.56538e+6
12.503945578,7.04568e+6
12.509750567,5.26216e+6
12.515555556,3.10494e+6
12.521360544,3.55499e+6
12.527165533,5.46589e+6
12.532970522,4.02545e+6
12.538775510,3.96679e+6
12.544580499,2.89148e+6
12.550385488,2.24757e+6
12.556190476,3.27965e+6
12.561995465,3.0343e+6
12.567800454,2.55949e+6
12.573605442,1.81185e+6
12.579410431,3.37891e+6
12.585215420,4.97631e+6
12.591020408,2.46902e+6
12.596825397,1.9476e+6
12.602630385,2.10589e+6
12.608435374,1.72599e+6
12.614240363,1.33767e+6
12.620045351,1.98953e+6
12.625850340,2.18874e+6
12.631655329,2.66175e+6
12.637460317,2.72678e+6
12.643265306,2.32797e+6
12.649070295,3.37814e+6
12.654875283,4.56677e+6
12.660680272,3.19238e+6
12.666485261,4.24546e+6
12.672290249,4.1221e+6
12.678095238,2.45004e+6
12.683900227,1.54509e+6
12.689705215,434803
12.695510204,130233
12.701315193,66177.9
12.707120181,43415.9
12.712925170,36865.5
12.718730159,32874.9
12.724535147,30509
12.730340136,26813.2
12.736145125,26279.5
12.741950113,31868.2
12.747755102,39880
12.753560091,65099.1
12.759365079,86785.3
12.765170068,129517
12.770975057,209926
12.776780045,322971
12.782585034,468195
12.788390023,636120
12.794195011,866235
12.800000000,922760
12.805804989,840034
12.811609977,789852
12.817414966,772271
12.823219955,1.17495e+6
12.829024943,2.16444e+6
12.834829932,3.0922e+6
12.840634921,2.33772e+6
12.846439909,2.09462e+6
12.852244898,3.75054e+6
12.858049887,509681
12.863854875,94660.6
12.869659864,41249.8
12.875464853,43212.4
12.881269841,33329.5
12.887074830,24189.7
12.892879819,19980.3
12.898684807,18434.6
12.904489796,17319.6
12.910294785,15163.8
12.916099773,15117.5
12.921904762,16650.3
12.927709751,19904.1
12.933514739,30540.7
12.939319728,32481.3
12.945124717,32484.9
12.950929705,40792.6
12.956734694,29168.3
12.962539683,24504
12.968344671,27595.3
12.974149660,36857.2
12.979954649,36478.7
12.985759637,42056.4
12.991564626,43688.1
12.997369615,46658.4
13.003174603,44222.7
13.008979592,37949.5
13.014784580,30948.1
13.020589569,29162.4
13.026394558,39356.9
13.032199546,38550
13.038004535,33989.2
13.043809524,38631.5
13.049614512,36225.3
13.055419501,40718.1
13.061224490,55768.5
13.067029478,60730.3
13.072834467,66114.8
13.078639456,65629.4
13.084444444,61343
13.090249433,68833
13.096054422,77882.7
13.101859410,83125.7
13.107664399,108265
13.113469388,198052
13.119274376,231904
13.125079365,151521
13.130884354,57862.2
13.136689342,34429.1
13.142494331,27024.5
13.148299320,24126
13.154104308,23493.2
13.159909297,23217.5
13.165714286,22180.4
13.171519274,22052.4
13.177324263,20372.2
13.183129252,19595.1
13.188934240,17641.5
13.194739229,16831.5
13.200544218,20434.7
13.206349206,26804.8
13.212154195,33899.4
13.217959184,41675.3
13.223764172,56011
13.229569161,58286.7
13.235374150,57422.4
13.241179138,38016.8
13.246984127,30022
13.252789116,37845.8
13.258594104,55674.1
13.264399093,57236.9
13.270204082,83935.3
13.276009070,296748
13.281814059,171529
13.287619048,107661
13.293424036,173220
13.299229025,338729
13.305034014,374948
13.310839002,567245
13.316643991,2.2893e+6
13.322448980,2.93298e+6
13.328253968,1.18192e+6
13.334058957,429477
13.339863946,193808
13.345668934,96047.8
13.351473923,57767.7
13.357278912,51338
13.363083900,48842.2
13.368888889,40996.1
13.374693878,32560.9
13.380498866,27301.3
13.386303855,21353
13.392108844,17846.9
13.397913832,16328.3
13.403718821,15951.2
13.409523810,16937.1
13.415328798,17416.5
13.421133787,16592.4
13.426938776,17693.3
13.432743764,20829.7
13.438548753,23011.6
13.444353741,21857.2
13.450158730,21005.3
13.455963719,24372.8
13.461768707,32850.5
13.467573696,50168.6
13.473378685,63885.5
13.479183673,80497.6
13.484988662,105981
13.490793651,162348
13.496598639,176862
13.502403628,139968
13.508208617,124442
13.514013605,101608
13.519818594,79290
13.525623583,69427
13.531428571,59260.2
13.537233560,46942.5
13.543038549,41319.5
13.548843537,43273.8
13.554648526,51674.5
13.560453515,49297.9
13.566258503,47515.3
13.572063492,58586.3
13.577868481,67813.7
13.583673469,73273.8
13.589478458,69178.9
13.595283447,79238.7
13.601088435,81060.4
13.606893424,78267.5
13.612698413,82068.4
13.618503401,73362.1
13.624308390,54129.5
13.630113379,42846.3
13.635918367,44165.4
13.641723356,53970.6
13.647528345,49719.1
13.653333333,45023.7
13.659138322,49872.6
13.664943311,53887.8
13.670748299,60387
13.676553288,65185.2
13.682358277,67469.8
13.688163265,61671.6
13.693968254,61525.6
13.699773243,60920
13.705578231,68044
13.711383220,83755.6
13.717188209,97137.6
13.722993197,111806
13.728798186,113297
13.734603175,101355
13.740408163,111470
13.746213152,147448
13.752018141,202560
13.757823129,243784
13.763628118,254023
13.769433107,278924
13.775238095,231078
13.781043084,176018
13.786848073,162558
13.792653061,139620
13.798458050,97328.1
13.804263039,70287.8
13.810068027,56806.5
13.815873016,48873.3
13.821678005,37089.8
13.827482993,29612.1
13.833287982,23639.4
13.839092971,18573.7
13.844897959,15472.7
13.850702948,13594.8
13.856507937,12758.6
13.862312925,12122.3
13.868117914,11915.5
13.873922902,12178.5
13.879727891,12851.8
13.885532880,14172.5
13.891337868,16858.6
13.897142857,16806.1
13.902947846,15842.4
13.908752834,14229.7
13.914557823,13895.5
13.920362812,14333.6
13.926167800,14306.6
13.931972789,14316.2
13.937777778,14688.1
13.943582766,14719.6
13.949387755,14588.3
13.955192744,14810
13.960997732,15262.6
13.966802721,16519.7
13.972607710,18657.5
13.978412698,22096.5
13.984217687,25266.7
13.990022676,26018.7
13.995827664,27506.6
14.001632653,34265.3
14.007437642,31966.9
14.013242630,28495.4
14.019047619,28197.9
14.024852608,32691.2
14.030657596,32895
14.036462585,36953.6
14.042267574,51085
14.048072562,49543.8
14.053877551,54267.3
14.059682540,53308.5
14.065487528,57510.1
14.071292517,69353.5
14.077097506,78337.8
14.082902494,71003.1
14.088707483,66447.5
14.094512472,73718.8
14.100317460,70815.3
14.106122449,67199.3
14.111927438,63391.8
14.117732426,48868.4
14.123537415,39172.6
14.129342404,39629.8
14.135147392,40645.4
14.140952381,39259.5
14.146757370,33731
14.152562358,29145.9
14.158367347,28869.3
14.164172336,29004.9
14.169977324,30898.6
14.175782313,33776.5
14.181587302,36674.7
14.187392290,43438
14.193197279,58220.1
14.199002268,71952.2
14.204807256,76718.8
14.210612245,76501.1
14.216417234,68292
14.222222222,62101.3
14.228027211,59890.8
14.233832200,58184.2
14.239637188,55884.5
14.245442177,55942.5
14.251247166,52867.3
14.257052154,46444.2
14.262857143,43005.2
14.268662132,47159.2
14.274467120,60111.7
14.280272109,67062.3
14.286077098,57009.3
14.291882086,50557.6
14.297687075,52725.8
14.303492063,52608.5
14.309297052,45769.3
14.315102041,39663.5
14.320907029,36932.7
14.326712018,33900
14.332517007,33926.3
14.338321995,32780.2
14.344126984,31798.5
14.349931973,35066
14.355736961,43378.7
14.361541950,51618
14.367346939,51492.6
14.373151927,54567.8
14.378956916,63845.5
14.384761905,81432.9
14.390566893,104912
14.396371882,133427
14.402176871,190789
14.407981859,280387
14.413786848,424429
14.419591837,692431
14.425396825,840106
14.431201814,846853
14.437006803,1.06566e+6
14.442811791,1.23046e+6
14.448616780,1.30172e+6
14.454421769,1.69682e+6
14.460226757,2.95239e+6
14.466031746,3.31067e+6
14.471836735,3.06382e+6
14.477641723,3.90297e+6
14.483446712,5.01065e+6
14.489251701,6.60447e+6
14.495056689,7.18024e+6
14.500861678,7.17971e+6
14.506666667,7.72546e+6
14.512471655,8.49699e+6
14.518276644,7.19032e+6
14.524081633,4.67918e+6
14.529886621,4.14784e+6
14.535691610,3.52888e+6
14.541496599,3.83008e+6
14.547301587,2.03618e+6
14.553106576,192133
14.558911565,44251.4
14.564716553,24883.1
14.570521542,14503.7
14.576326531,13073.3
14.582131519,14000.8
14.587936508,16267.1
14.593741497,18378.1
14.599546485,20345.2
14.605351474,21112.1
14.611156463,22054.6
14.616961451,22510.1
14.622766440,22903.3
14.628571429,22706.5
14.634376417,23509.4
14.640181406,27139.6
14.645986395,27355
14.651791383,24516.5
14.657596372,22199.1
14.663401361,20912
14.669206349,21528
14.675011338,23079
14.680816327,23829
14.686621315,23483.3
14.692426304,24124.7
14.698231293,28087.7
14.704036281,33724.9
14.709841270,39741
14.715646259,46016.8
14.721451247,50662.7
14.727256236,48385.2
14.733061224,47723.4
14.738866213,46326.6
14.744671202,44644.1
14.750476190,45443.1
14.756281179,45252.4
14.762086168,46418.9
14.767891156,47390.1
14.773696145,48160.1
14.779501134,52059.7
14.785306122,58319.2
14.791111111,73753.9
14.796916100,81745.3
14.802721088,85053.4
14.808526077,83013.6
14.814331066,85060.8
14.820136054,91990.9
14.825941043,94061.6
14.831746032,86566.2
14.837551020,80936.3
14.843356009,75732.4
14.849160998,67235.6
14.854965986,61081.9
14.860770975,59489.7
14.866575964,55298.1
14.872380952,51628.6
14.878185941,47318.2
14.883990930,47879.1
14.889795918,48116.1
14.895600907,48685.2
14.901405896,49419.4
14.907210884,75386.1
14.913015873,178021
14.918820862,444020
14.924625850,803356
14.930430839,844499
14.936235828,886834
14.942040816,910620
14.947845805,1.14131e+6
14.953650794,1.71827e+6
14.959455782,2.10887e+6
14.965260771,1.54601e+6
14.971065760,2.87482e+6
14.976870748,4.15057e+6
14.982675737,3.48769e+6
14.988480726,2.45436e+6
14.994285714,1.63758e+6
15.000090703,922522
15.005895692,195955
15.011700680,70397.6
15.017505669,68514.3
15.023310658,63016.6
15.029115646,57206.2
15.034920635,53504.2
15.040725624,53240.6
15.046530612,50782.7
15.052335601,46159.7
15.058140590,42784.1
15.063945578,40750.9
15.069750567,38120.5
15.075555556,37409.7
15.081360544,35150.9
15.087165533,28428.2
15.092970522,24612.2
15.098775510,25697
15.104580499,24029.5
15.110385488,21653.9
15.116190476,21103.5
15.121995465,20562.6
15.127800454,20217.5
15.133605442,20284.3
15.139410431,20892
15.145215420,24553.7
15.151020408,28983.3
15.156825397,34079.9
15.162630385,40923.5
15.168435374,44883
15.174240363,48223.3
15.180045351,53298.2
15.185850340,59869.1
15.191655329,58878.8
15.197460317,55840.4
15.203265306,61344.5
15.209070295,74711.3
15.214875283,89645.1
15.220680272,91948.3
15.226485261,90098.6
15.232290249,84773.5
15.238095238,87876
15.243900227,92858.2
15.249705215,89681.8
15.255510204,88829.5
15.261315193,84108.9
15.267120181,76579.3
15.272925170,72481.5
15.278730159,62888.2
15.284535147,56653.4
15.290340136,62162.1
15.296145125,57171.7
15.301950113,57375.8
15.307755102,60598.9
15.313560091,58190.6
15.319365079,60731.5
15.325170068,60150.6
15.330975057,64110.6
15.336780045,73377.7
15.342585034,79801.3
15.348390023,89792.8
15.354195011,94314
15.360000000,106658
15.365804989,136581
15.371609977,219913
15.377414966,569986
15.383219955,1.09799e+6
15.389024943,1.95479e+6
15.394829932,2.56884e+6
15.400634921,2.2222e+6
15.406439909,1.59113e+6
15.412244898,950211
15.418049887,457359
15.423854875,242988
15.429659864,135498
15.435464853,67485.4
15.441269841,40095.5
15.447074830,34581.1
15.452879819,33444.2
15.458684807,34489.2
15.464489796,33741.4
15.470294785,26614.5
15.476099773,22119
15.481904762,19631.8
15.487709751,18524
15.493514739,18732.8
15.499319728,20453.1
15.505124717,26657.6
15.510929705,25862.5
15.516734694,23691
15.522539683,22823.6
15.528344671,22066.4
15.534149660,22149.5
15.539954649,22496.4
15.545759637,21839.9
15.551564626,20707.5
15.557369615,20510.9
15.563174603,20135.9
15.568979592,20273.2
15.574784580,20338.9
15.580589569,20279.5
15.586394558,19994.1
15.592199546,19880.7
15.598004535,19878.2
15.603809524,20445.3
15.609614512,20179.6
15.615419501,19379.2
15.621224490,18803.8
15.627029478,18012.1
15.632834467,18922.5
15.638639456,19372
15.644444444,19746.7
15.650249433,20680
15.656054422,22012.2
15.661859410,22411.7
15.667664399,22413.8
15.673469388,20678.9
15.679274376,19849.4
15.685079365,18732.3
15.690884354,16844.9
15.696689342,15387.2
15.702494331,15390.6
15.708299320,16112.7
15.714104308,17146
15.719909297,19871.3
15.725714286,23919.8
15.731519274,30824.4
15.737324263,36202.2
15.743129252,32389.3
15.748934240,34794.5
15.754739229,52697.4
15.760544218,73594.5
15.766349206,76097.2
15.772154195,67607.5
15.777959184,64211
15.783764172,62256
15.789569161,65717
15.795374150,64887.5
15.801179138,62509.7
15.806984127,60392.9
15.812789116,57094.1
15.818594104,51457.5
15.824399093,50995.1
15.830204082,63479.3
15.836009070,71037.6
15.841814059,80031.5
15.847619048,124315
15.853424036,208593
15.859229025,304994
15.865034014,634484
15.870839002,920182
15.876643991,835870
15.882448980,1.1632e+6
15.888253968,829586
15.894058957,876298
15.899863946,1.08561e+6
15.905668934,1.11794e+6
15.911473923,1.29125e+6
15.917278912,1.08843e+6
15.923083900,999875
15.928888889,1.31736e+6
15.934693878,1.78853e+6
15.940498866,2.93722e+6
15.946303855,3.92894e+6
15.952108844,2.75321e+6
15.957913832,2.95778e+6
15.963718821,4.07637e+6
15.969523810,4.25115e+6
15.975328798,3.19181e+6
15.981133787,2.73273e+6
15.986938776,2.24305e+6
15.992743764,3.24189e+6
15.998548753,3.17808e+6
16.004353741,3.62504e+6
16.010158730,2.54863e+6
16.015963719,2.26203e+6
16.021768707,1.48156e+6
16.027573696,1.29081e+6
16.033378685,2.08959e+6
16.039183673,2.13615e+6
16.044988662,1.87966e+6
16.050793651,1.46561e+6
16.056598639,1.35411e+6
16.062403628,1.86718e+6
16.068208617,1.90947e+6
16.074013605,1.66802e+6
16.079818594,2.06101e+6
16.085623583,3.35181e+6
16.091428571,3.72223e+6
16.097233560,3.26833e+6
16.103038549,2.47658e+6
16.108843537,2.35808e+6
16.114648526,2.86135e+6
16.120453515,3.57466e+6
16.126258503,3.14834e+6
16.132063492,3.27245e+6
16.137868481,3.81107e+6
16.143673469,5.23399e+6
16.149478458,1.01225e+7
16.155283447,6.18403e+6
16.161088435,3.25066e+6
16.166893424,3.98793e+6
16.172698413,3.94805e+6
16.178503401,4.80186e+6
16.184308390,1.05406e+7
16.190113379,6.6145e+6
16.195918367,2.64154e+6
16.201723356,2.42389e+6
16.207528345,2.24153e+6
16.213333333,3.47639e+6
16.219138322,985865
16.224943311,264128
16.230748299,69284.8
16.236553288,46488.5
16.242358277,48923.8
16.248163265,40611.7
16.253968254,37007.2
16.259773243,29424.9
16.265578231,28864.3
16.271383220,25413.1
16.277188209,23839.5
16.282993197,22944.4
16.288798186,21288.6
16.294603175,19834.2
16.300408163,18015
16.306213152,17804.5
16.312018141,21725.7
16.317823129,24228
16.323628118,20075.5
16.329433107,16023.3
16.335238095,15712.1
16.341043084,15990.5
16.346848073,15505.8
16.352653061,15201
16.358458050,16043.4
16.364263039,16859.3
16.370068027,17519.6
16.375873016,18241.8
16.381678005,18812.9
16.387482993,19374
16.393287982,19981.7
16.399092971,20381.6
16.404897959,20956.2
16.410702948,21345.7
16.416507937,22316
16.422312925,23538.2
16.428117914,23645.4
16.433922902,22708.6
16.439727891,22152.3
16.445532880,22143.8
16.451337868,23624
16.457142857,25671.1
16.462947846,25484.4
16.468752834,25157.5
16.474557823,21858.6
16.480362812,19569.5
16.486167800,19066.7
16.491972789,20624.6
16.497777778,24401.5
16.503582766,26075.6
16.509387755,41092.2
16.515192744,62999
16.520997732,45923.5
16.526802721,36098.6
16.532607710,33206
16.538412698,33095.9
16.544217687,30282.8
16.550022676,31405.5
16.555827664,29890.8
16.561632653,29576.1
16.567437642,37277
16.573242630,40905.4
16.579047619,64281.2
16.584852608,65860.5
16.590657596,57278.8
16.596462585,48301.9
16.602267574,45128.3
16.608072562,48345.6
16.613877551,52426.3
16.619682540,48728.1
16.625487528,49899.4
16.631292517,50422.9
16.637097506,48971.5
16.642902494,45159.9
16.648707483,39654.5
16.654512472,33185.5
16.660317460,26754.2
16.666122449,23178
16.671927438,27627.9
16.677732426,40816.5
16.683537415,41656.6
16.689342404,40429.4
16.695147392,45454
16.700952381,57753.2
16.706757370,61650.6
16.712562358,58549.7
16.718367347,55746.6
16.724172336,66543.2
16.729977324,82729.4
16.735782313,112202
16.741587302,175902
16.747392290,224129
16.753197279,253411
16.759002268,406325
16.764807256,479334
16.770612245,252831
16.776417234,116509
16.782222222,57316.2
16.788027211,37038.1
16.793832200,24485.6
16.799637188,23226.7
16.805442177,26142.7
16.811247166,28608.3
16.817052154,24749.6
16.822857143,23589.3
16.828662132,22162.6
16.834467120,20284
16.840272109,20826.3
16.846077098,22383.6
16.851882086,22353.4
16.857687075,24501.3
16.863492063,28226.7
16.869297052,29946.3
16.875102041,29821.2
16.880907029,30326.3
16.886712018,29832
16.892517007,29359.4
16.898321995,30740.5
16.904126984,32847.1
16.909931973,33342.8
16.915736961,33690.1
16.921541950,35275.6
16.927346939,36028.8
16.933151927,39906.4
16.938956916,50113.9
16.944761905,49778.3
16.950566893,40411.8
16.956371882,36850.2
16.962176871,36506.1
16.967981859,34488.2
16.973786848,32725.9
16.979591837,29406.5
16.985396825,27056.3
16.991201814,27333
16.997006803,31898.3
17.002811791,38523
17.008616780,47795.3
17.014421769,54805
17.020226757,49956.1
17.026031746,42923
17.031836735,39120.5
17.037641723,36846.8
17.043446712,34988.3
17.049251701,33712.4
17.055056689,30816.7
17.060861678,28728.1
17.066666667,28948.6
17.072471655,28514.1
17.078276644,30014.9
17.084081633,29356.2
17.089886621,27705.6
17.095691610,26446.2
17.101496599,27332.1
17.107301587,29646.4
17.113106576,33006.7
17.118911565,33263.5
17.124716553,31363.2
17.130521542,31222.6
17.136326531,28685.7
17.142131519,26209.9
17.147936508,26164.6
17.153741497,24784.5
17.159546485,26755.4
17.165351474,29066.8
17.171156463,30996.6
17.176961451,34245.4
17.182766440,38315.9
17.188571429,41568.8
17.194376417,39865.6
17.200181406,38760.8
17.205986395,39872.4
17.211791383,41832.6
17.217596372,45417.9
17.223401361,51906.1
17.229206349,70043.6
17.235011338,122076
17.240816327,180220
17.246621315,199191
17.252426304,178539
17.258231293,168955
17.264036281,368511
17.269841270,1.1182e+6
17.275646259,1.80965e+6
17.281451247,2.19549e+6
17.287256236,2.88335e+6
17.293061224,2.84837e+6
17.298866213,2.35501e+6
17.304671202,2.95606e+6
17.310476190,1.41786e+6
17.316281179,325480
17.322086168,99556.6
17.327891156,63124.7
17.333696145,40547.6
17.339501134,37458.1
17.345306122,56807.7
17.351111111,73216.6
17.356916100,48136
17.362721088,46468.1
17.368526077,50725.1
17.374331066,58981.2
17.380136054,71026.6
17.385941043,75380.2
17.391746032,82827.9
17.397551020,76634.9
17.403356009,103900
17.409160998,132469
17.414965986,160418
17.420770975,180868
17.426575964,387134
17.432380952,1.0022e+6
17.438185941,1.6789e+6
17.443990930,1.45624e+6
17.449795918,3.85243e+6
17.455600907,4.24934e+6
17.461405896,2.37536e+6
17.467210884,2.74202e+6
17.473015873,3.50784e+6
17.478820862,2.66338e+6
17.484625850,702842
17.490430839,161122
17.496235828,66087
17.502040816,25930.7
17.507845805,17623.5
17.513650794,14665.5
17.519455782,14446.6
17.525260771,14450.2
17.531065760,13296.2
17.536870748,13076.1
17.542675737,13478.5
17.548480726,14112.8
17.554285714,14544.9
17.560090703,14813.9
17.565895692,14705.8
17.571700680,14578
17.577505669,15409.7
17.583310658,17831.3
17.589115646,19901.5
17.594920635,20833.4
17.600725624,20273.1
17.606530612,19855.2
17.612335601,18745.4
17.618140590,17839.2
17.623945578,17280.3
17.629750567,15565.4
17.635555556,15639.6
17.641360544,15309.5
17.647165533,14684.4
17.652970522,14693.3
17.658775510,14047.6
17.664580499,13340.6
17.670385488,13312
17.676190476,14460.7
17.681995465,15593.5
17.687800454,17316.3
17.693605442,19793.9
17.699410431,23558.6
17.705215420,38140.1
17.711020408,58378.2
17.716825397,63343.6
17.722630385,60972.7
17.728435374,54314.3
17.734240363,42631.5
17.740045351,40290.3
17.745850340,38869.3
17.751655329,37463.7
17.757460317,35438.5
17.763265306,31750.1
17.769070295,32239.5
17.774875283,30802.4
17.780680272,31407.3
17.786485261,31622.3
17.792290249,30939
17.798095238,29667.1
17.803900227,28952.5
17.809705215,25862.9
17.815510204,24054
17.821315193,23667.4
17.827120181,23377.1
17.832925170,21637.9
17.838730159,20878.3
17.844535147,20818.3
17.850340136,19622.2
17.856145125,18450.1
17.861950113,22946.6
17.867755102,28543
17.873560091,30786.1
17.879365079,26788.3
17.885170068,22035.5
17.890975057,23956.8
17.896780045,25504.9
17.902585034,24159
17.908390023,25343.5
17.914195011,27258.9
17.920000000,27262
17.925804989,26008.5
17.931609977,23575.1
17.937414966,22142.7
17.943219955,23291.1
17.949024943,24400.2
17.954829932,23703.8
17.960634921,23209.4
17.966439909,23619.7
17.972244898,23126.9
17.978049887,22796.4
17.983854875,23091.8
17.989659864,23267.1
17.995464853,22871
18.001269841,21800.1
18.007074830,21360.3
18.012879819,21558.5
18.018684807,21734.9
18.024489796,21404.1
18.030294785,21308.4
18.036099773,21239.3
18.041904762,21653.8
18.047709751,23221
18.053514739,24716.6
18.059319728,26420.5
18.065124717,28802.6
18.070929705,33079.3
18.076734694,36067.7
18.082539683,33520
18.088344671,29861.2
18.094149660,28168.1
18.099954649,30439.1
18.105759637,36576.2
18.111564626,32265.5
18.117369615,30783.8
18.123174603,31922.5
18.128979592,35687
18.134784580,40398.9
18.140589569,44584.5
18.146394558,46586.6
18.152199546,46839.5
18.158004535,48205.2
18.163809524,54665.4
18.169614512,64083.2
18.175419501,71259.2
18.181224490,79430.8
18.187029478,71730.7
18.192834467,73412.1
18.198639456,78634.5
18.204444444,82252.7
18.210249433,74111.3
18.216054422,60616.2
18.221859410,57718.9
18.227664399,60408.7
18.233469388,63086
18.239274376,59051.8
18.245079365,53376.9
18.250884354,55248.8
18.256689342,64438.7
18.262494331,62484.3
18.268299320,57773
18.274104308,49552.1
18.279909297,40474.8
18.285714286,36769.9
18.291519274,35443.3
18.297324263,29347.3
18.303129252,24285.8
18.308934240,23709.2
18.314739229,36343.7
18.320544218,51910.3
18.326349206,56762.4
18.332154195,57055.8
18.337959184,57968.9
18.343764172,58325.2
18.349569161,66376.3
18.355374150,66355
18.361179138,62590.9
18.366984127,62673.2
18.372789116,68314.6
18.378594104,101714
18.384399093,256102
18.390204082,119510
18.396009070,79490.8
18.401814059,177655
18.407619048,435061
18.413424036,133171
18.419229025,105663
18.425034014,192598
18.430839002,85332.6
18.436643991,94496.9
18.442448980,147107
18.448253968,83123.3
18.454058957,62198
18.459863946,60274.1
18.465668934,52911.3
18.471473923,56588.3
18.477278912,61978
18.483083900,50952.5
18.488888889,41383.3
18.494693878,40455.7
18.500498866,40627.2
18.506303855,38909.3
18.512108844,36568
18.517913832,37738.3
18.523718821,39833
18.529523810,40692
18.535328798,46149.1
18.541133787,58210.3
18.546938776,61657.5
18.552743764,49776.3
18.558548753,40863.4
18.564353741,35667.4
18.570158730,32956.4
18.575963719,31571.2
18.581768707,30682.3
18.587573696,32777.2
18.593378685,33515.9
18.599183673,34611.1
18.604988662,37495.3
18.610793651,39550.5
18.616598639,37268.7
18.622403628,34943.4
18.628208617,28788.3
18.634013605,24180.7
18.639818594,26511
18.645623583,21370.7
18.651428571,17544.1
18.657233560,15925.8
18.663038549,15126.6
18.668843537,15850.4
18.674648526,18021.7
18.680453515,21654
18.686258503,24342.7
18.692063492,24352.2
18.697868481,24124.5
18.703673469,24772.4
18.709478458,27942.7
18.715283447,35653.4
18.721088435,45554.2
18.726893424,55879.8
18.732698413,82002.6
18.738503401,105711
18.744308390,121483
18.750113379,185724
18.755918367,295515
18.761723356,260445
18.767528345,304823
18.773333333,252949
18.779138322,213505
18.784943311,195843
18.790748299,196665
18.796553288,254829
18.802358277,412135
18.808163265,798435
18.813968254,1.81028e+6
18.819773243,2.02478e+6
18.825578231,1.814e+6
18.831383220,792967
18.837188209,308593
18.842993197,152306
18.848798186,88461.3
18.854603175,55491.4
18.860408163,40748.9
18.866213152,33898.1
18.872018141,28720.5
18.877823129,26483.8
18.883628118,26156.3
18.889433107,25074.2
18.895238095,24087.1
18.901043084,23072.9
18.906848073,21252.4
18.912653061,21013.9
18.918458050,22349.8
18.924263039,29513.6
18.930068027,27971.4
18.935873016,25036.9
18.941678005,23047.2
18.947482993,21762.2
18.953287982,20197.4
18.959092971,19844.6
18.964897959,20036.6
18.970702948,19905.2
18.976507937,22884.6
18.982312925,29965.7
18.988117914,33895.3
18.993922902,33005.3
18.999727891,30962.1
19.005532880,29268.3
19.011337868,28531.2
19.017142857,30021.4
19.022947846,37198.6
19.028752834,46343.2
19.034557823,47961.9
19.040362812,41799.7
19.046167800,34392.2
19.051972789,29676.3
19.057777778,33117.7
19.063582766,25848
19.069387755,27027.5
19.075192744,47595.3
19.080997732,60365
19.086802721,57348.8
19.092607710,57494.5
19.098412698,61531.2
19.104217687,64213.2
19.110022676,69308.5
19.115827664,75581.5
19.121632653,73681.3
19.127437642,78598.3
19.133242630,98841.3
19.139047619,147264
19.144852608,206401
19.150657596,255469
19.156462585,260758
19.162267574,279175
19.168072562,550747
19.173877551,1.37143e+6
19.179682540,1.36438e+6
19.185487528,674662
19.191292517,288066
19.197097506,124983
19.202902494,83593.4
19.208707483,47091.1
19.214512472,30121.2
19.220317460,23765
19.226122449,21675.4
19.231927438,20586.5
19.237732426,19889.1
19.243537415,18042.7
19.249342404,17041.6
19.255147392,17387.4
19.260952381,17414.9
19.266757370,16904
19.272562358,17230.1
19.278367347,16597
19.284172336,16236.2
19.289977324,15279.6
19.295782313,15411.3
19.301587302,14713.5
19.307392290,13996.7
19.313197279,15203.6
19.319002268,17141.8
19.324807256,20412.3
19.330612245,25009.8
19.336417234,27123.6
19.342222222,24214.1
19.348027211,21398.4
19.353832200,18494.9
19.359637188,18691.8
19.365442177,20027.5
19.371247166,24644.5
19.377052154,38453.1
19.382857143,37213.1
19.388662132,34689.8
19.394467120,26848.6
19.400272109,21992.7
19.406077098,20562
19.411882086,22023.8
19.417687075,29515.6
19.423492063,33610
19.429297052,35739.8
19.435102041,29072.9
19.440907029,26834.3
19.446712018,29452.4
19.452517007,32906.1
19.458321995,31325.3
19.464126984,30537.6
19.469931973,31588.4
19.475736961,32862.3
19.481541950,36369.8
19.487346939,34778.1
19.493151927,32077.4
19.498956916,26975.5
19.504761905,22490.6
19.510566893,20922
19.516371882,21912.8
19.522176871,24242.8
19.527981859,27012.3
19.533786848,32676.8
19.539591837,46891.3
19.545396825,52204.4
19.551201814,56437.3
19.557006803,56119
19.562811791,54018.3
19.568616780,52368.3
19.574421769,48334.4
19.580226757,52135.2
19.586031746,46696.5
19.591836735,39842
19.597641723,32346.2
19.603446712,29409.2
19.609251701,32099.6
19.615056689,30707.7
19.620861678,29414.6
19.626666667,29082.5
19.632471655,28792.3
19.638276644,28507.4
19.644081633,30673.5
19.649886621,35859.8
19.655691610,40181.3
19.661496599,48112
19.667301587,42907.4
19.673106576,42560.7
19.678911565,46554.3
19.684716553,66760.6
19.690521542,101615
19.696326531,169638
19.702131519,197674
19.707936508,178519
19.713741497,154893
19.719546485,203412
19.725351474,346377
19.731156463,385119
19.736961451,430032
19.742766440,1.51711e+6
19.748571429,2.32264e+6
19.754376417,1.4771e+6
19.760181406,787465
19.765986395,346146
19.771791383,160157
19.777596372,87186.2
19.783401361,59320.8
19.789206349,40288.3
19.795011338,31811.1
19.800816327,29481.1
19.806621315,28738.9
19.812426304,27383.4
19.818231293,25822.3
19.824036281,23806
19.829841270,21894.8
19.835646259,25962.5
19.841451247,32493.9
19.847256236,33436.4
19.853061224,30167.6
19.858866213,27380.1
19.864671202,26451.2
19.870476190,28059.5
19.876281179,31530.4
19.882086168,34531.9
19.887891156,37103.9
19.893696145,44169.2
19.899501134,50469.8
19.905306122,51523.2
19.911111111,49919.9
19.916916100,41984.4
19.922721088,37770.4
19.928526077,37200
19.934331066,32939.1
19.940136054,27995
19.945941043,26205.2
19.951746032,28354.1
19.957551020,30349.2
19.963356009,31764.3
19.969160998,41720.3
19.974965986,48642.9
19.980770975,48929.3
19.986575964,57657.8
19.992380952,60406.9
19.998185941,66177.4
20.003990930,73119.6
20.009795918,57780.1
20.015600907,68190
20.021405896,119323
20.027210884,234088
20.033015873,240006
20.038820862,231628
20.044625850,336403
20.050430839,390023
20.056235828,773055
20.062040816,2.58947e+6
20.067845805,3.71491e+6
20.073650794,2.1548e+6
20.079455782,1.21576e+6
20.085260771,1.32206e+6
20.091065760,1.74815e+6
20.096870748,1.75889e+6
20.102675737,477700
20.108480726,151642
20.114285714,76294.5
20.120090703,30946.8
20.125895692,21478.4
20.131700680,17214.5
20.137505669,15387.7
20.143310658,15369.2
20.149115646,15323.9
20.154920635,13112.7
20.160725624,11733.5
20.166530612,11601.8
20.172335601,11553.1
20.178140590,11758
20.183945578,12537.5
20.189750567,14170.9
20.195555556,16867.4
20.201360544,16942.8
20.207165533,16277.5
20.212970522,15685.5
20.218775510,16020.9
20.224580499,15767.1
20.230385488,15709.6
20.236190476,15645
20.241995465,16202.6
20.247800454,16369.3
20.253605442,14643.5
20.259410431,14032.6
20.265215420,13230.7
20.271020408,12544.7
20.276825397,13221.9
20.282630385,13937.5
20.288435374,14773.6
20.294240363,16166.4
20.300045351,18642.3
20.305850340,24945.3
20.311655329,37913.2
20.317460317,49623.4
20.323265306,55845.8
20.329070295,55317.3
20.334875283,48884.5
20.340680272,40830.3
20.346485261,34845.3
20.352290249,31796.4
20.358095238,30741.5
20.363900227,28021.5
20.369705215,26880.3
20.375510204,27786.9
20.381315193,29459.7
20.387120181,30623.2
20.392925170,31259.1
20.398730159,30714.2
20.404535147,29866.2
20.410340136,29259.6
20.416145125,28820.4
20.421950113,30248.6
20.427755102,33081.9
20.433560091,32575.4
20.439365079,34596.7
20.445170068,34994.7
20.450975057,32892.9
20.456780045,32613.8
20.462585034,31271.6
20.468390023,35001.9
20.474195011,45681.6
20.480000000,53110.6
20.485804989,49893.9
20.491609977,45634
20.497414966,46778.6
20.503219955,46590.6
20.509024943,44521.5
20.514829932,44588.3
20.520634921,51616.5
20.526439909,54676.7
20.532244898,54657.7
20.538049887,49702.3
20.543854875,48353.6
20.549659864,49274.8
20.555464853,46024.5
20.561269841,51022.5
20.567074830,53970.9
20.572879819,54271.9
20.578684807,55320.3
20.584489796,52545.8
20.590294785,52018.2
20.596099773,47016.9
20.601904762,49055.6
20.607709751,52418.2
20.613514739,46495.6
20.619319728,43866.2
20.625124717,43651.6
20.630929705,45783.4
20.636734694,53335.2
20.642539683,54461
20.648344671,51283.2
20.654149660,50442.8
20.659954649,47024.8
20.665759637,44082.7
20.671564626,40467.4
20.677369615,39138.5
20.683174603,39403.4
20.688979592,41076.8
20.694784580,39308.1
20.700589569,38367.2
20.706394558,39396.2
20.712199546,36453.2
20.718004535,37087.9
20.723809524,38838.2
20.729614512,39154.7
20.735419501,39042.7
20.741224490,38095.6
20.747029478,36842.3
20.752834467,36556.9
20.758639456,36830.1
20.764444444,37705.5
20.770249433,39927.1
20.776054422,37683.5
20.781859410,35262.2
20.787664399,34825.7
20.793469388,35711.6
20.799274376,35712.1
20.805079365,35479.9
20.810884354,35410.2
20.816689342,36220.1
20.822494331,36660.5
20.828299320,38459.7
20.834104308,38340.4
20.839909297,36577.3
20.845714286,41605.9
20.851519274,43466.8
20.857324263,43807.8
20.863129252,43051.3
20.868934240,40037.2
20.874739229,37177.3
20.880544218,34546.7
20.886349206,31634.2
20.892154195,31503.1
20.897959184,35227.2
20.903764172,34306.9
20.909569161,44530.6
20.915374150,66045.7
20.921179138,120373
20.926984127,172579
20.932789116,223758
20.938594104,195310
20.944399093,182852
20.950204082,181748
20.956009070,236220
20.961814059,487557
20.967619048,999886
20.973424036,3.32887e+6
20.979229025,4.57566e+6
20.985034014,3.69172e+6
20.990839002,4.9079e+6
20.996643991,5.77809e+6
21.002448980,5.28706e+6
21.008253968,2.44862e+6
21.014058957,598753
21.019863946,140417
21.025668934,75149.8
21.031473923,43557
21.037278912,29856.8
21.043083900,24890.8
21.048888889,24717.1
21.054693878,24450.9
21.060498866,23523.9
21.066303855,25725.4
21.072108844,29350
21.077913832,28485.3
21.083718821,27010.1
21.089523810,30271.8
21.095328798,32505
21.101133787,34070.3
21.106938776,36697.6
21.112743764,50010.2
21.118548753,53913.7
21.124353741,56448.1
21.130158730,56433.2
21.135963719,53144.3
21.141768707,54203
21.147573696,54005.2
21.153378685,55537
21.159183673,56869.2
21.164988662,54394.2
21.170793651,60611.7
21.176598639,64870.7
21.182403628,63317.1
21.188208617,57571.1
21.194013605,57290
21.199818594,55773.5
21.205623583,50780.2
21.211428571,47278.7
21.217233560,40708.7
21.223038549,35080.9
21.228843537,35345.8
21.234648526,43092.8
21.240453515,40554.3
21.246258503,38034.4
21.252063492,43604.8
21.257868481,48412
21.263673469,47403
21.269478458,51011.2
21.275283447,60537
21.281088435,90830.4
21.286893424,182343
21.292698413,284751
21.298503401,463287
21.304308390,1.0316e+6
21.310113379,2.49749e+6
21.315918367,2.1481e+6
21.321723356,1.78697e+6
21.327528345,1.81133e+6
21.333333333,720539
21.339138322,193612
21.344943311,92813.6
21.350748299,72661.3
21.356553288,31266.9
21.362358277,22792.7
21.368163265,21686.3
21.373968254,23554.2
21.379773243,24111.7
21.385578231,22450.4
21.391383220,22931.6
21.397188209,23304.9
21.402993197,23530.5
21.408798186,23401.2
21.414603175,22427.3
21.420408163,21491.9
21.426213152,20331.7
21.432018141,22424.2
21.437823129,25622
21.443628118,28022.3
21.449433107,28633.9
21.455238095,30871.1
21.461043084,35153
21.466848073,39450.6
21.472653061,45214.2
21.478458050,46726.9
21.484263039,53771
21.490068027,51176.9
21.495873016,41687.7
21.501678005,32942.4
21.507482993,29125.6
21.513287982,28871.6
21.519092971,29782.5
21.524897959,34435.4
21.530702948,39243.6
21.536507937,44796.1
21.542312925,43671.4
21.548117914,39725.8
21.553922902,39640.9
21.559727891,40761.2
21.565532880,40024.6
21.571337868,43279
21.577142857,42373.2
21.582947846,42579.5
21.588752834,46332.8
21.594557823,50880.3
21.600362812,51184.6
21.606167800,51501.8
21.611972789,51650.1
21.617777778,48469.9
21.623582766,59196.2
21.629387755,44228.9
21.635192744,33367.8
21.640997732,33038.5
21.646802721,30433.5
21.652607710,28958.5
21.658412698,28003.5
21.664217687,29925.6
21.670022676,33167.5
21.675827664,38487.4
21.681632653,48480.2
21.687437642,46236.8
21.693242630,45793.8
21.699047619,45739.1
21.704852608,45640.3
21.710657596,41334.6
21.716462585,36727.5
21.722267574,33041.4
21.728072562,32309.3
21.733877551,34743.1
21.739682540,35037.7
21.745487528,36314.2
21.751292517,41512.6
21.757097506,44928.3
21.762902494,48743.7
21.768707483,50967.3
21.774512472,51282.7
21.780317460,45841.3
21.786122449,40206.4
21.791927438,38942.3
21.797732426,41969.3
21.803537415,44905.2
21.809342404,45427.2
21.815147392,45865.6
21.820952381,47130.1
21.826757370,44961.3
21.832562358,43632.8
21.838367347,43522.5
21.844172336,39270.6
21.849977324,37779.9
21.855782313,38224.8
21.861587302,37623.6
21.867392290,37212.8
21.873197279,36742.7
21.879002268,35558.1
21.884807256,34052
21.890612245,31650.1
21.896417234,32091.3
21.902222222,36425.2
21.908027211,43110.8
21.913832200,51835.4
21.919637188,56279.4
21.925442177,63387.8
21.931247166,74440.3
21.937052154,86772.6
21.942857143,99456
21.948662132,140090
