0.000000000,3.03792e+8
0.005804989,3.90847e+7
0.011609977,7.75854e+6
0.017414966,4.24352e+6
0.023219955,3.82526e+6
0.029024943,3.92384e+6
0.034829932,4.49051e+6
0.040634921,8.46186e+6
0.046439909,2.68245e+7
0.052244898,2.85573e+7
0.058049887,4.11822e+7
0.063854875,3.68171e+7
0.069659864,1.91651e+7
0.075464853,2.46293e+7
0.081269841,4.92187e+7
0.087074830,3.79895e+7
0.092879819,3.16273e+7
0.098684807,3.59567e+7
0.104489796,2.45485e+7
0.110294785,6.4047e+6
0.116099773,4.15618e+6
0.121904762,6.20277e+6
0.127709751,1.07769e+7
0.133514739,3.23488e+7
0.139319728,4.06536e+7
0.145124717,1.00852e+7
0.150929705,7.58872e+6
0.156734694,9.8773e+6
0.162539683,7.92007e+6
0.168344671,6.21303e+6
0.174149660,7.12422e+6
0.179954649,2.06645e+7
0.185759637,1.35688e+7
0.191564626,5.41843e+6
0.197369615,9.75085e+6
0.203174603,1.14971e+7
0.208979592,6.34474e+6
0.214784580,8.77446e+6
0.220589569,3.49568e+7
0.226394558,1.05388e+8
0.232199546,3.94538e+7
0.238004535,1.67182e+7
0.243809524,9.91725e+6
0.249614512,7.19771e+6
0.255419501,1.06054e+7
0.261224490,7.55686e+6
0.267029478,8.67981e+6
0.272834467,1.02235e+7
0.278639456,2.54437e+7
0.284444444,3.22265e+7
0.290249433,2.54045e+7
0.296054422,3.69932e+7
0.301859410,2.09245e+7
0.307664399,1.16472e+7
0.313469388,5.72282e+6
0.319274376,5.15391e+6
0.325079365,5.67212e+6
0.330884354,4.51028e+6
0.336689342,4.43901e+6
0.342494331,4.53411e+6
0.348299320,4.55786e+6
0.354104308,786217
0.359909297,413763
0.365714286,567305
0.371519274,295456
0.377324263,146095
0.383129252,121676
0.388934240,106285
0.394739229,97707.6
0.400544218,101110
0.406349206,90754
0.412154195,69686.3
0.417959184,62686.4
0.423764172,60194.7
0.429569161,58848.5
0.435374150,55067
0.441179138,51058.5
0.446984127,53600.3
0.452789116,59184.5
0.458594104,63256.6
0.464399093,68295.4
0.470204082,71456.8
0.476009070,72143.1
0.481814059,76736.9
0.487619048,88262.9
0.493424036,84091.5
0.499229025,77429.9
0.505034014,83389.8
0.510839002,83568.2
0.516643991,69610.2
0.522448980,63383.2
0.528253968,60197.5
0.534058957,58362.9
0.539863946,52762
0.545668934,48212.6
0.551473923,48784.1
0.557278912,45984.8
0.563083900,41298
0.568888889,40438.4
0.574693878,38947.5
0.580498866,36895.3
0.586303855,35378.6
0.592108844,35290.1
0.597913832,35416.9
0.603718821,35953.5
0.609523810,37626
0.615328798,37733.6
0.621133787,37812.9
0.626938776,36655.6
0.632743764,38954.3
0.638548753,40952.8
0.644353741,46844.6
0.650158730,53186
0.655963719,52250
0.661768707,48641
0.667573696,49183.2
0.673378685,51332.8
0.679183673,51950.4
0.684988662,56162.9
0.690793651,57843.8
0.696598639,65370.4
0.702403628,80944.4
0.708208617,95876.5
0.714013605,104341
0.719818594,104360
0.725623583,95528.4
0.731428571,88488.3
0.737233560,86575.4
0.743038549,91867.8
0.748843537,95161.8
0.754648526,99145
0.760453515,98584
0.766258503,90062
0.772063492,95739.1
0.777868481,97838.2
0.783673469,100025
0.789478458,99836.2
0.795283447,98859.1
0.801088435,100730
0.806893424,100987
0.812698413,101069
0.818503401,101067
0.824308390,93385.5
0.830113379,92869.4
0.835918367,94114.2
0.841723356,112891
0.847528345,124692
0.853333333,99288.7
0.859138322,91387.6
0.864943311,90583.1
0.870748299,120337
0.876553288,316658
0.882358277,790714
0.888163265,1.07764e+6
0.893968254,1.07988e+6
0.899773243,872486
0.905578231,632159
0.911383220,271869
0.917188209,83972.1
0.922993197,78194.4
0.928798186,111186
0.934603175,91226.7
0.940408163,62386.6
0.946213152,87880.4
0.952018141,305666
0.957823129,684389
0.963628118,986505
0.969433107,1.17677e+6
0.975238095,1.17432e+6
0.981043084,1.06915e+6
0.986848073,989518
0.992653061,1.89544e+6
0.998458050,1.63214e+6
1.004263039,283838
1.010068027,64137.5
1.015873016,51330.1
1.021678005,51617.1
1.027482993,61788
1.033287982,84302.1
1.039092971,80541.6
1.044897959,74706.7
1.050702948,77895.2
1.056507937,78506.1
1.062312925,79265.7
1.068117914,80713.9
1.073922902,89987.4
1.079727891,84065.1
1.085532880,75657
1.091337868,73888.7
1.097142857,73715.8
1.102947846,72368.9
1.108752834,70092.8
1.114557823,70676.6
1.120362812,70515.2
1.126167800,70495.4
1.131972789,68936
1.137777778,70282.4
1.143582766,75642.6
1.149387755,73309
1.155192744,78756.9
1.160997732,82816.8
1.166802721,100229
1.172607710,128874
1.178412698,151352
1.184217687,265585
1.190022676,784094
1.195827664,894852
1.201632653,889848
1.207437642,3.53507e+6
1.213242630,9.40146e+6
1.219047619,1.17479e+7
1.224852608,1.15346e+7
1.230657596,2.56128e+7
1.236462585,3.28601e+7
1.242267574,1.24158e+7
1.248072562,1.23368e+7
1.253877551,2.39718e+7
1.259682540,2.1028e+7
1.265487528,2.35958e+7
1.271292517,1.18927e+7
1.277097506,2.52783e+6
1.282902494,2.05216e+6
1.288707483,4.53439e+6
1.294512472,1.85114e+7
1.300317460,6.7073e+6
1.306122449,2.97881e+6
1.311927438,2.43915e+6
1.317732426,2.70845e+6
1.323537415,3.5988e+6
1.329342404,4.33025e+6
1.335147392,5.19921e+6
1.340952381,8.0805e+6
1.346757370,2.25994e+7
1.352562358,2.34364e+7
1.358367347,1.55438e+7
1.364172336,6.86046e+6
1.369977324,5.35489e+6
1.375782313,7.79277e+6
1.381587302,2.24398e+7
1.387392290,7.53775e+7
1.393197279,2.11072e+7
1.399002268,6.77928e+6
1.404807256,3.85936e+6
1.410612245,4.01919e+6
1.416417234,1.39773e+7
1.422222222,6.59758e+7
1.428027211,1.90239e+7
1.433832200,6.0767e+6
1.439637188,3.43965e+6
1.445442177,2.22198e+6
1.451247166,474922
1.457052154,208863
1.462857143,211858
1.468662132,227712
1.474467120,185161
1.480272109,152124
1.486077098,107766
1.491882086,71509.5
1.497687075,46591.6
1.503492063,34859.6
1.509297052,31080.7
1.515102041,29693.8
1.520907029,27839.2
1.526712018,23541.8
1.532517007,22205.8
1.538321995,22880.1
1.544126984,25437.7
1.549931973,28157.6
1.555736961,27389.5
1.561541950,28740.3
1.567346939,31405.1
1.573151927,33312
1.578956916,34537.6
1.584761905,37390.7
1.590566893,40801.2
1.596371882,39663.2
1.602176871,37164
1.607981859,38316.2
1.613786848,38922
1.619591837,39894.3
1.625396825,41014.4
1.631201814,45774.9
1.637006803,46451.6
1.642811791,42835.4
1.648616780,41439.3
1.654421769,41217.3
1.660226757,41055
1.666031746,46732.5
1.671836735,50848.5
1.677641723,47073.8
1.683446712,39809.2
1.689251701,36391.2
1.695056689,33997.2
1.700861678,35996.3
1.706666667,38842.9
1.712471655,40998.5
1.718276644,43213.6
1.724081633,36238.4
1.729886621,35215.1
1.735691610,36270.5
1.741496599,39011.2
1.747301587,42404.4
1.753106576,43845.6
1.758911565,42111.5
1.764716553,41643.2
1.770521542,41153.5
1.776326531,40805.4
1.782131519,41964.4
1.787936508,42486.3
1.793741497,41246.1
1.799546485,45553.3
1.805351474,44549
1.811156463,45606.4
1.816961451,47931.9
1.822766440,51472.8
1.828571429,51345.1
1.834376417,51573
1.840181406,50978.5
1.845986395,52639
1.851791383,54687.7
1.857596372,56778.1
1.863401361,56208
1.869206349,57383.6
1.875011338,58146.6
1.880816327,57279
1.886621315,57233.4
1.892426304,57055.7
1.898231293,62540.8
1.904036281,64590.5
1.909841270,65028.6
1.915646259,66623.7
1.921451247,65574
1.927256236,71379.9
1.933061224,83226.6
1.938866213,107988
1.944671202,178564
1.950476190,411340
1.956281179,1.40053e+6
1.962086168,7.11217e+6
1.967891156,1.82847e+6
1.973696145,563857
1.979501134,483348
1.985306122,818709
1.991111111,684835
1.996916100,666293
2.002721088,205930
2.008526077,59449.9
2.014331066,62628.9
2.020136054,112227
2.025941043,178899
2.031746032,195935
2.037551020,265381
2.043356009,244812
2.049160998,301954
2.054965986,1.07531e+6
2.060770975,582350
2.066575964,556995
2.072380952,2.24071e+6
2.078185941,5.11499e+6
2.083990930,2.18076e+6
2.089795918,977784
2.095600907,1.38908e+6
2.101405896,714667
2.107210884,511853
2.113015873,341806
2.118820862,248099
2.124625850,234709
2.130430839,274012
2.136235828,277513
2.142040816,218785
2.147845805,298612
2.153650794,153990
2.159455782,55062.3
2.165260771,39879.1
2.171065760,37166.6
2.176870748,32134.3
2.182675737,30858.1
2.188480726,27752.9
2.194285714,25514.8
2.200090703,27284.4
2.205895692,29777.7
2.211700680,28979.2
2.217505669,30895.7
2.223310658,32955
2.229115646,34362.7
2.234920635,33871.5
2.240725624,34136.1
2.246530612,36226.5
2.252335601,33411.5
2.258140590,32943.2
2.263945578,31625.7
2.269750567,31538
2.275555556,31827.5
2.281360544,31406.6
2.287165533,32247.9
2.292970522,33478.8
2.298775510,32805.5
2.304580499,32816.1
2.310385488,33313.9
2.316190476,34953.1
2.321995465,37800.6
2.327800454,51173.5
2.333605442,105811
2.339410431,84206.3
2.345215420,56961
2.351020408,37150.1
2.356825397,28033
2.362630385,33670.9
2.368435374,36203.6
2.374240363,36997
2.380045351,39816.6
2.385850340,39763.8
2.391655329,44294.7
2.397460317,62175.2
2.403265306,87678.3
2.409070295,156800
2.414875283,223223
2.420680272,315166
2.426485261,427038
2.432290249,592397
2.438095238,912907
2.443900227,1.31969e+6
2.449705215,1.7059e+6
2.455510204,2.53058e+6
2.461315193,3.41799e+6
2.467120181,5.00199e+6
2.472925170,5.97197e+6
2.478730159,7.29767e+6
2.484535147,7.10069e+6
2.490340136,6.46506e+6
2.496145125,5.66558e+6
2.501950113,5.17644e+6
2.507755102,3.13964e+6
2.513560091,1.53031e+6
2.519365079,762279
2.525170068,548269
2.530975057,461687
2.536780045,343799
2.542585034,241574
2.548390023,179248
2.554195011,166633
2.560000000,173145
2.565804989,187048
2.571609977,213935
2.577414966,290591
2.583219955,493667
2.589024943,884857
2.594829932,1.88296e+6
2.600634921,2.26437e+6
2.606439909,2.16432e+6
2.612244898,1.84778e+6
2.618049887,1.19111e+6
2.623854875,893041
2.629659864,833298
2.635464853,879438
2.641269841,1.39861e+6
2.647074830,2.42757e+6
2.652879819,3.53319e+6
2.658684807,4.11436e+6
2.664489796,4.12361e+6
2.670294785,7.06216e+6
2.676099773,7.48094e+6
2.681904762,7.14863e+6
2.687709751,8.42272e+6
2.693514739,1.06802e+7
2.699319728,1.16656e+7
2.705124717,7.36614e+6
2.710929705,4.66801e+6
2.716734694,3.81887e+6
2.722539683,3.23338e+6
2.728344671,3.25399e+6
2.734149660,1.51683e+6
2.739954649,226187
2.745759637,74332.6
2.751564626,68708.3
2.757369615,72598.6
2.763174603,67371.5
2.768979592,69486.2
2.774784580,68872.4
2.780589569,65570.7
2.786394558,61299.3
2.792199546,59128
2.798004535,57815.3
2.803809524,56073.2
2.809614512,55626.3
2.815419501,54389.2
2.821224490,52950.9
2.827029478,55578.6
2.832834467,54232.6
2.838639456,51329.1
2.844444444,49652.5
2.850249433,49810.5
2.856054422,50910.5
2.861859410,51292.4
2.867664399,49211.2
2.873469388,51663.4
2.879274376,56604
2.885079365,58070.8
2.890884354,57891
2.896689342,59823
2.902494331,63696.9
2.908299320,67395.6
2.914104308,68142
2.919909297,68367.9
2.925714286,68198.1
2.931519274,67260
2.937324263,67514.8
2.943129252,74998.9
2.948934240,80731.4
2.954739229,85328.7
2.960544218,99238.3
2.966349206,91762.2
2.972154195,120107
2.977959184,170224
2.983764172,129146
2.989569161,83286
2.995374150,83174.2
3.001179138,89761.4
3.006984127,96897.1
3.012789116,108915
3.018594104,113239
3.024399093,111123
3.030204082,123376
3.036009070,126057
3.041814059,129621
3.047619048,126743
3.053424036,140013
3.059229025,155620
3.065034014,170061
3.070839002,165926
3.076643991,147751
3.082448980,132148
3.088253968,125194
3.094058957,131712
3.099863946,139818
3.105668934,134771
3.111473923,130855
3.117278912,149023
3.123083900,160918
3.128888889,173979
3.134693878,158786
3.140498866,134240
3.146303855,146445
3.152108844,136801
3.157913832,146053
3.163718821,125181
3.169523810,108242
3.175328798,95929.9
3.181133787,113196
3.186938776,103943
3.192743764,71654.9
3.198548753,85837.5
3.204353741,85111.3
3.210158730,61411.7
3.215963719,54871.5
3.221768707,56037.4
3.227573696,61750.2
3.233378685,52640.9
3.239183673,51478
3.244988662,57775
3.250793651,56174.6
3.256598639,49149
3.262403628,50728.7
3.268208617,54220
3.274013605,57129.8
3.279818594,59414.3
3.285623583,58084.2
3.291428571,58423.4
3.297233560,63638.3
3.303038549,65635.8
3.308843537,65416.6
3.314648526,65154.3
3.320453515,70160.3
3.326258503,70154.7
3.332063492,69535.5
3.337868481,70406.4
3.343673469,71620.4
3.349478458,74664.9
3.355283447,110212
3.361088435,134728
3.366893424,109402
3.372698413,87896.6
3.378503401,97795.6
3.384308390,107099
3.390113379,129638
3.395918367,221831
3.401723356,260058
3.407528345,233039
3.413333333,181558
3.419138322,191622
3.424943311,178029
3.430748299,167318
3.436553288,149863
3.442358277,134673
3.448163265,137769
3.453968254,130037
3.459773243,132339
3.465578231,134012
3.471383220,140865
3.477188209,169541
3.482993197,163300
3.488798186,155312
3.494603175,149148
3.500408163,146699
3.506213152,157533
3.512018141,152357
3.517823129,158495
3.523628118,188296
3.529433107,171616
3.535238095,140550
3.541043084,141638
3.546848073,158821
3.552653061,167734
3.558458050,169523
3.564263039,207217
3.570068027,221794
3.575873016,200008
3.581678005,167589
3.587482993,118912
3.593287982,101130
3.599092971,120525
3.604897959,208115
3.610702948,171298
3.616507937,82659
3.622312925,63867
3.628117914,59422
3.633922902,50984.4
3.639727891,63402.1
3.645532880,75689.8
3.651337868,92418.5
3.657142857,108230
3.662947846,119467
3.668752834,258239
3.674557823,676942
3.680362812,2.37956e+6
3.686167800,6.93872e+6
3.691972789,1.87365e+7
3.697777778,3.60309e+7
3.703582766,7.25984e+7
3.709387755,7.45553e+7
3.715192744,2.14519e+7
3.720997732,1.31162e+7
3.726802721,2.45961e+7
3.732607710,4.14628e+7
3.738412698,2.13972e+7
3.744217687,2.00477e+7
3.750022676,1.82514e+7
3.755827664,1.46241e+7
3.761632653,1.80061e+7
3.767437642,5.48066e+7
3.773242630,1.40711e+8
3.779047619,9.3891e+7
3.784852608,7.07797e+7
3.790657596,2.84406e+7
3.796462585,1.77141e+7
3.802267574,2.14546e+7
3.808072562,4.74226e+7
3.813877551,8.70588e+7
3.819682540,1.04288e+8
3.825487528,2.45942e+7
3.831292517,1.09619e+7
3.837097506,1.52741e+7
3.842902494,3.93608e+7
3.848707483,3.5515e+7
3.854512472,5.30294e+7
3.860317460,2.35343e+7
3.866122449,1.20522e+7
3.871927438,1.71918e+7
3.877732426,2.62568e+7
3.883537415,3.64481e+7
3.889342404,565456
3.895147392,97483
3.900952381,47412.1
3.906757370,44241
3.912562358,36679.6
3.918367347,53301
3.924172336,102587
3.929977324,155944
3.935782313,1.00202e+6
3.941587302,815740
3.947392290,155612
3.953197279,49712.1
3.959002268,33455.3
3.964807256,35761.3
3.970612245,42753.2
3.976417234,47831.6
3.982222222,52224.8
3.988027211,55376.8
3.993832200,58706.9
3.999637188,62409.5
4.005442177,64807.8
4.011247166,64188.7
4.017052154,60595.8
4.022857143,56558.5
4.028662132,54656.1
4.034467120,51713
4.040272109,50060
4.046077098,48780.7
4.051882086,46193.4
4.057687075,45343.2
4.063492063,45578.9
4.069297052,48504.1
4.075102041,55924.1
4.080907029,52942.3
4.086712018,26220.8
4.092517007,22806.9
4.098321995,44868.3
4.104126984,115136
4.109931973,117734
4.115736961,158065
4.121541950,113734
4.127346939,96880.9
4.133151927,71872.1
4.138956916,73644.3
4.144761905,79851.7
4.150566893,93610.3
4.156371882,90954.8
4.162176871,80461
4.167981859,74088.5
4.173786848,68690.2
4.179591837,76534.5
4.185396825,68822.3
4.191201814,76698.4
4.197006803,69199.6
4.202811791,75775.7
4.208616780,79953.2
4.214421769,95351.3
4.220226757,82287.9
4.226031746,77950.5
4.231836735,75592.6
4.237641723,87411.3
4.243446712,81041.4
4.249251701,93803.2
4.255056689,88821.2
4.260861678,163665
4.266666667,137895
4.272471655,185655
4.278276644,239743
4.284081633,334837
4.289886621,379237
4.295691610,239636
4.301496599,261101
4.307301587,396053
4.313106576,784636
4.318911565,462441
4.324716553,455766
4.330521542,363458
4.336326531,338119
4.342131519,946723
4.347936508,1.46717e+6
4.353741497,543909
4.359546485,549227
4.365351474,280333
4.371156463,276480
4.376961451,277362
4.382766440,579013
4.388571429,341671
4.394376417,172887
4.400181406,187336
4.405986395,237696
4.411791383,274577
4.417596372,482365
4.423401361,1.33889e+6
4.429206349,2.39003e+6
4.435011338,5.83609e+6
4.440816327,4.86411e+6
4.446621315,5.59681e+6
4.452426304,4.39822e+6
4.458231293,4.38975e+6
4.464036281,4.2861e+6
4.469841270,4.38434e+6
4.475646259,4.36278e+6
4.481451247,3.96734e+6
4.487256236,3.70406e+6
4.493061224,4.69424e+6
4.498866213,4.50223e+6
4.504671202,4.55933e+6
4.510476190,6.21421e+6
4.516281179,6.49774e+6
4.522086168,7.00743e+6
4.527891156,7.59235e+6
4.533696145,8.71544e+6
4.539501134,1.09473e+7
4.545306122,1.79634e+7
4.551111111,1.25252e+7
4.556916100,1.25711e+7
4.562721088,4.99163e+6
4.568526077,2.37682e+6
4.574331066,1.2297e+6
4.580136054,741237
4.585941043,1.93809e+6
4.591746032,2.57568e+7
4.597551020,4.62249e+7
4.603356009,2.92586e+7
4.609160998,8.48343e+6
4.614965986,1.65671e+6
4.620770975,629376
4.626575964,433904
4.632380952,355489
4.638185941,406775
4.643990930,283635
4.649795918,332708
4.655600907,267820
4.661405896,197368
4.667210884,210481
4.673015873,120877
4.678820862,70536.1
4.684625850,61100.2
4.690430839,58068.6
4.696235828,55358.3
4.702040816,51123.6
4.707845805,48934.9
4.713650794,47254
4.719455782,51349
4.725260771,65393.9
4.731065760,78236.3
4.736870748,73966.1
4.742675737,78327.7
4.748480726,78081.5
4.754285714,78431.9
4.760090703,78599.1
4.765895692,76561.2
4.771700680,78381.2
4.777505669,90883
4.783310658,126245
4.789115646,213377
4.794920635,948598
4.800725624,1.78284e+6
4.806530612,439253
4.812335601,97184.7
4.818140590,45204.4
4.823945578,41271.6
4.829750567,37375.4
4.835555556,38284.5
4.841360544,35178.2
4.847165533,35446.7
4.852970522,35209.2
4.858775510,34957
4.864580499,37261.2
4.870385488,35744.3
4.876190476,32340.9
4.881995465,31571.7
4.887800454,32988.3
4.893605442,35548.2
4.899410431,39603.3
4.905215420,40610.2
4.911020408,39169.6
4.916825397,37453.8
4.922630385,36995.2
4.928435374,40398.2
4.934240363,38938.2
4.940045351,35804.6
4.945850340,36685.7
4.951655329,35935.7
4.957460317,36006.5
4.963265306,40957.9
4.969070295,42865.5
4.974875283,39217.2
4.980680272,39900.6
4.986485261,41642.5
4.992290249,44630.3
4.998095238,46939
5.003900227,48601.7
5.009705215,49973.8
5.015510204,50733.9
5.021315193,50471.6
5.027120181,50597.8
5.032925170,51916.6
5.038730159,49737.5
5.044535147,46587.5
5.050340136,51059
5.056145125,71167.9
5.061950113,81302.2
5.067755102,84235.1
5.073560091,84430.2
5.079365079,84228.7
5.085170068,84524.1
5.090975057,84583
5.096780045,87084.3
5.102585034,84755.7
5.108390023,86637.7
5.114195011,96074.1
5.120000000,108454
5.125804989,84559
5.131609977,64430.5
5.137414966,54616.8
5.143219955,54372
5.149024943,59778
5.154829932,94163.2
5.160634921,237084
5.166439909,535014
5.172244898,1.81779e+6
5.178049887,9.32571e+6
5.183854875,1.3793e+7
5.189659864,1.36957e+7
5.195464853,9.9711e+6
5.201269841,1.01741e+7
5.207074830,1.04128e+7
5.212879819,7.69969e+6
5.218684807,4.5155e+6
5.224489796,2.68942e+6
5.230294785,3.01165e+6
5.236099773,5.77945e+6
5.241904762,3.56435e+6
5.247709751,1.95347e+6
5.253514739,2.80383e+6
5.259319728,9.95409e+6
5.265124717,1.06971e+7
5.270929705,8.10492e+6
5.276734694,5.20466e+6
5.282539683,5.24812e+6
5.288344671,7.35831e+6
5.294149660,4.711e+6
5.299954649,4.60283e+6
5.305759637,2.69272e+6
5.311564626,880841
5.317369615,221058
5.323174603,83417.9
5.328979592,90643.5
5.334784580,72965
5.340589569,85054.7
5.346394558,101781
5.352199546,118630
5.358004535,140479
5.363809524,129348
5.369614512,128418
5.375419501,115071
5.381224490,109680
5.387029478,115363
5.392834467,114279
5.398639456,108813
5.404444444,104568
5.410249433,106866
5.416054422,126300
5.421859410,125062
5.427664399,112221
5.433469388,115542
5.439274376,114980
5.445079365,115061
5.450884354,110767
5.456689342,114687
5.462494331,131772
5.468299320,128801
5.474104308,121002
5.479909297,126901
5.485714286,133478
5.491519274,138039
5.497324263,140308
5.503129252,142217
5.508934240,156139
5.514739229,163703
5.520544218,164953
5.526349206,171040
5.532154195,170071
5.537959184,170923
5.543764172,172278
5.549569161,176509
5.555374150,187683
5.561179138,192656
5.566984127,230839
5.572789116,224372
5.578594104,258387
5.584399093,187637
5.590204082,101735
5.596009070,81305.9
5.601814059,68627.5
5.607619048,57756.8
5.613424036,60302.3
5.619229025,85526.1
5.625034014,173154
5.630839002,250972
5.636643991,289456
5.642448980,315664
5.648253968,318110
5.654058957,331860
5.659863946,367488
5.665668934,450936
5.671473923,536456
5.677278912,542962
5.683083900,541737
5.688888889,1.01972e+6
5.694693878,488942
5.700498866,142541
5.706303855,70010.4
5.712108844,41718.7
5.717913832,35101.3
5.723718821,34986.1
5.729523810,39918.4
5.735328798,49590.5
5.741133787,52433.5
5.746938776,53899.1
5.752743764,51191.5
5.758548753,50146.9
5.764353741,50312.5
5.770158730,52452
5.775963719,53556.5
5.781768707,51749
5.787573696,50412.5
5.793378685,51069
5.799183673,51937.8
5.804988662,50861.4
5.810793651,49224.4
5.816598639,47862.8
5.822403628,49617
5.828208617,49314.3
5.834013605,51205
5.839818594,51336
5.845623583,49977.3
5.851428571,50280.2
5.857233560,50692.3
5.863038549,51900.1
5.868843537,50781.3
5.874648526,53979.3
5.880453515,52573
5.886258503,52557.8
5.892063492,54413.8
5.897868481,53938.5
5.903673469,52673.3
5.909478458,52977.7
5.915283447,55548.6
5.921088435,55812.9
5.926893424,54470.5
5.932698413,56052.6
5.938503401,58512
5.944308390,74797.8
5.950113379,142517
5.955918367,460887
5.961723356,751197
5.967528345,587939
5.973333333,637936
5.979138322,801983
5.984943311,2.23943e+6
5.990748299,3.37523e+6
5.996553288,3.06142e+6
6.002358277,4.5459e+6
6.008163265,5.70756e+6
6.013968254,8.3344e+6
6.019773243,1.98844e+7
6.025578231,2.23945e+7
6.031383220,1.56772e+7
6.037188209,1.48343e+7
6.042993197,9.29712e+6
6.048798186,8.59147e+6
6.054603175,9.74123e+6
6.060408163,1.28742e+7
6.066213152,2.45126e+7
6.072018141,1.8627e+7
6.077823129,1.71742e+7
6.083628118,2.25619e+7
6.089433107,3.30158e+6
6.095238095,185223
6.101043084,56394.1
6.106848073,61583.6
6.112653061,59732.3
6.118458050,52297.1
6.124263039,49540.2
6.130068027,97329.8
6.135873016,182399
6.141678005,207430
6.147482993,218459
6.153287982,240732
6.159092971,279480
6.164897959,295048
6.170702948,334329
6.176507937,364402
6.182312925,440560
6.188117914,696996
6.193922902,555422
6.199727891,211945
6.205532880,57851.6
6.211337868,45895.5
6.217142857,38386.4
6.222947846,32909.7
6.228752834,33865.4
6.234557823,34724.1
6.240362812,32638.4
6.246167800,30436.4
6.251972789,30836.6
6.257777778,31056.2
6.263582766,30824
6.269387755,30525.5
6.275192744,30563.1
6.280997732,31158.7
6.286802721,31984.7
6.292607710,31587.9
6.298412698,30973.9
6.304217687,31215.3
6.310022676,30482.5
6.315827664,31252.9
6.321632653,31987
6.327437642,32719.8
6.333242630,33570.2
6.339047619,35428.5
6.344852608,36069.6
6.350657596,36894.2
6.356462585,41333.6
6.362267574,54214.6
6.368072562,68605.8
6.373877551,96436.3
6.379682540,175755
6.385487528,334894
6.391292517,540024
6.397097506,1.20098e+6
6.402902494,2.2659e+6
6.408707483,2.96497e+6
6.414512472,3.90247e+6
6.420317460,3.5114e+6
6.426122449,1.9938e+6
6.431927438,2.24229e+6
6.437732426,2.10334e+6
6.443537415,777342
6.449342404,284398
6.455147392,131169
6.460952381,76125.5
6.466757370,58773.6
6.472562358,54790.6
6.478367347,48106.1
6.484172336,46606.5
6.489977324,53120.3
6.495782313,68655.4
6.501587302,111968
6.507392290,248711
6.513197279,290555
6.519002268,431035
6.524807256,711292
6.530612245,695759
6.536417234,276928
6.542222222,113864
6.548027211,91428
6.553832200,79959.3
6.559637188,77757.3
6.565442177,115529
6.571247166,128022
6.577052154,82958.8
6.582857143,69681.2
6.588662132,76013.7
6.594467120,84722.3
6.600272109,105939
6.606077098,106617
6.611882086,106696
6.617687075,126723
6.623492063,141616
6.629297052,192481
6.635102041,305852
6.640907029,352141
6.646712018,1.1206e+6
6.652517007,379033
6.658321995,326742
6.664126984,1.20263e+6
6.669931973,709150
6.675736961,354668
6.681541950,385537
6.687346939,292735
6.693151927,288421
6.698956916,236347
6.704761905,262973
6.710566893,245575
6.716371882,197899
6.722176871,169003
6.727981859,159912
6.733786848,180753
6.739591837,180880
6.745396825,192836
6.751201814,173677
6.757006803,169338
6.762811791,172503
6.768616780,161959
6.774421769,157639
6.780226757,169936
6.786031746,158208
6.791836735,167353
6.797641723,172078
6.803446712,190360
6.809251701,245122
6.815056689,310821
6.820861678,431360
6.826666667,422357
6.832471655,348723
6.838276644,281325
6.844081633,219911
6.849886621,143005
6.855691610,94286.1
6.861496599,82871.8
6.867301587,75267.7
6.873106576,78596.9
6.878911565,77419.3
6.884716553,77731.6
6.890521542,76695
6.896326531,74055.1
6.902131519,77503.2
6.907936508,80225.5
6.913741497,77847.2
6.919546485,75584
6.925351474,75509.3
6.931156463,71173.2
6.936961451,65576.2
6.942766440,64016.7
6.948571429,63803
6.954376417,64136.7
6.960181406,73784.5
6.965986395,127124
6.971791383,206535
6.977596372,433063
6.983401361,708960
6.989206349,1.21436e+6
6.995011338,1.59687e+6
7.000816327,1.75674e+6
7.006621315,2.18612e+6
7.012426304,2.71807e+6
7.018231293,2.70663e+6
7.024036281,2.0392e+6
7.029841270,1.03712e+6
7.035646259,549879
7.041451247,301069
7.047256236,173952
7.053061224,100335
7.058866213,92974.1
7.064671202,89873.8
7.070476190,81157.8
7.076281179,71415.4
7.082086168,78564.2
7.087891156,74879.2
7.093696145,71878.4
7.099501134,58871.5
7.105306122,64460
7.111111111,117090
7.116916100,307273
7.122721088,960381
7.128526077,2.59999e+6
7.134331066,1.50167e+6
7.140136054,1.47758e+6
7.145941043,2.37541e+6
7.151746032,2.74176e+6
7.157551020,2.7236e+6
7.163356009,3.12746e+6
7.169160998,2.57071e+6
7.174965986,1.96469e+6
7.180770975,2.88656e+6
7.186575964,3.62241e+6
7.192380952,1.93891e+6
7.198185941,1.77679e+6
7.203990930,3.33518e+6
7.209795918,7.40646e+6
7.215600907,1.43367e+7
7.221405896,1.03098e+7
7.227210884,2.55728e+6
7.233015873,1.99846e+6
7.238820862,2.25434e+6
7.244625850,1.03831e+6
7.250430839,247935
7.256235828,195821
7.262040816,188545
7.267845805,166389
7.273650794,139774
7.279455782,166876
7.285260771,146018
7.291065760,124609
7.296870748,99326.1
7.302675737,77390.9
7.308480726,69985.6
7.314285714,73286.8
7.320090703,80965.3
7.325895692,73110.5
7.331700680,52380.1
7.337505669,45611
7.343310658,46863.9
7.349115646,48973.6
7.354920635,49742.7
7.360725624,48237.4
7.366530612,47885.4
7.372335601,47277
7.378140590,53007.3
7.383945578,56339.7
7.389750567,50941.5
7.395555556,45799.1
7.401360544,45082.1
7.407165533,51290.2
7.412970522,51421.6
7.418775510,45932.6
7.424580499,50380.8
7.430385488,49958.3
7.436190476,48849.6
7.441995465,68554.6
7.447800454,224444
7.453605442,646519
7.459410431,1.18298e+6
7.465215420,2.62192e+6
7.471020408,7.90275e+6
7.476825397,1.25427e+7
7.482630385,1.52067e+7
7.488435374,1.38136e+7
7.494240363,9.90834e+6
7.500045351,1.03192e+7
7.505850340,5.49706e+6
7.511655329,1.27984e+6
7.517460317,639393
7.523265306,235476
7.529070295,105968
7.534875283,279767
7.540680272,130706
7.546485261,102992
7.552290249,102736
7.558095238,113165
7.563900227,102998
7.569705215,120628
7.575510204,114268
7.581315193,111895
7.587120181,121008
7.592925170,113230
7.598730159,111628
7.604535147,120348
7.610340136,124107
7.616145125,112899
7.621950113,98563
7.627755102,96516.2
7.633560091,87586.9
7.639365079,104563
7.645170068,87449.1
7.650975057,47525.3
7.656780045,110056
7.662585034,198508
7.668390023,680394
7.674195011,1.14072e+6
7.680000000,929149
7.685804989,772843
7.691609977,688710
7.697414966,544512
7.703219955,528516
7.709024943,274409
7.714829932,204331
7.720634921,159878
7.726439909,126326
7.732244898,135246
7.738049887,157356
7.743854875,275385
7.749659864,251110
7.755464853,322229
7.761269841,387797
7.767074830,405041
7.772879819,468437
7.778684807,517282
7.784489796,295335
7.790294785,234020
7.796099773,196624
7.801904762,247327
7.807709751,341801
7.813514739,374040
7.819319728,300671
7.825124717,373722
7.830929705,399568
7.836734694,431184
7.842539683,303521
7.848344671,381482
7.854149660,389835
7.859954649,344379
7.865759637,308887
7.871564626,296462
7.877369615,281154
7.883174603,255676
7.888979592,258857
7.894784580,225873
7.900589569,238782
7.906394558,214333
7.912199546,236929
7.918004535,217688
7.923809524,251883
7.929614512,227711
7.935419501,237891
7.941224490,214756
7.947029478,235672
7.952834467,236402
7.958639456,281293
7.964444444,275561
7.970249433,341102
7.976054422,352692
7.981859410,629424
7.987664399,1.64036e+6
7.993469388,3.17274e+6
7.999274376,4.32713e+6
8.005079365,5.64083e+6
8.010884354,1.03161e+7
8.016689342,4.36504e+6
8.022494331,5.29699e+6
8.028299320,1.04932e+7
8.034104308,6.4466e+6
8.039909297,635223
8.045714286,140872
8.051519274,113702
8.057324263,138486
8.063129252,155641
8.068934240,170504
8.074739229,183522
8.080544218,175237
8.086349206,234449
8.092154195,249459
8.097959184,233308
8.103764172,218100
8.109569161,319445
8.115374150,297184
8.121179138,245241
8.126984127,207649
8.132789116,213977
8.138594104,199941
8.144399093,207756
8.150204082,195590
8.156009070,179745
8.161814059,171664
8.167619048,166732
8.173424036,165835
8.179229025,154308
8.185034014,159211
8.190839002,147159
8.196643991,140613
8.202448980,129945
8.208253968,122363
8.214058957,121653
8.219863946,158864
8.225668934,204294
8.231473923,236574
8.237278912,329212
8.243083900,510955
8.248888889,766092
8.254693878,1.24054e+6
8.260498866,1.74013e+6
8.266303855,2.50153e+6
8.272108844,1.96615e+6
8.277913832,1.30794e+6
8.283718821,791644
8.289523810,426583
8.295328798,222675
8.301133787,136122
8.306938776,102687
8.312743764,88762.6
8.318548753,84027
8.324353741,79713
8.330158730,74055.1
8.335963719,68150.7
8.341768707,64149.8
8.347573696,62680.7
8.353378685,60808.6
8.359183673,64739.9
8.364988662,70843.7
8.370793651,68543.5
8.376598639,72689.8
8.382403628,70826.4
8.388208617,69855.7
8.394013605,69758
8.399818594,70715
8.405623583,74808.1
8.411428571,73534.1
8.417233560,77216.9
8.423038549,83004
8.428843537,88786.1
8.434648526,140226
8.440453515,189758
8.446258503,150713
8.452063492,146817
8.457868481,154028
8.463673469,158015
8.469478458,173957
8.475283447,228140
8.481088435,189634
8.486893424,132250
8.492698413,115639
8.498503401,106315
8.504308390,110978
8.510113379,110337
8.515918367,106285
8.521723356,105984
8.527528345,110390
8.533333333,116916
8.539138322,115687
8.544943311,111384
8.550748299,117597
8.556553288,128843
8.562358277,129103
8.568163265,135556
8.573968254,148932
8.579773243,154752
8.585578231,149262
8.591383220,131591
8.597188209,128921
8.602993197,212485
8.608798186,811441
8.614603175,4.29667e+6
8.620408163,8.08865e+6
8.626213152,1.45401e+7
8.632018141,4.61931e+7
8.637823129,5.76441e+7
8.643628118,3.09442e+7
8.649433107,2.14765e+7
8.655238095,5.55366e+6
8.661043084,4.81849e+6
8.666848073,2.0015e+7
8.672653061,7.28334e+7
8.678458050,5.91243e+7
8.684263039,3.0062e+7
8.690068027,7.32109e+6
8.695873016,4.13277e+6
8.701678005,7.26509e+6
8.707482993,2.88915e+7
8.713287982,1.57061e+7
8.719092971,9.41677e+6
8.724897959,8.77464e+6
8.730702948,9.83972e+6
8.736507937,1.07764e+7
8.742312925,5.76774e+6
8.748117914,4.17475e+6
8.753922902,3.7425e+6
8.759727891,2.80436e+6
8.765532880,2.64828e+6
8.771337868,5.83861e+6
8.777142857,1.3916e+7
8.782947846,3.34418e+7
8.788752834,2.9104e+7
8.794557823,4.59457e+6
8.800362812,1.96021e+6
8.806167800,2.21821e+6
8.811972789,6.30596e+6
8.817777778,4.81091e+7
8.823582766,3.85258e+12
