0.000000000,28716.4
0.005804989,15715
0.011609977,16942.2
0.017414966,13142.2
0.023219955,19954.1
0.029024943,30780.3
0.034829932,29545.8
0.040634921,37179.9
0.046439909,33259.4
0.052244898,28136.7
0.058049887,26558.1
0.063854875,31367.1
0.069659864,42879.8
0.075464853,33833.9
0.081269841,29397.7
0.087074830,35866.6
0.092879819,51926.8
0.098684807,71397.9
0.104489796,109845
0.110294785,87641.6
0.116099773,86643.5
0.121904762,151513
0.127709751,296395
0.133514739,388456
0.139319728,380965
0.145124717,268350
0.150929705,132539
0.156734694,79929.8
0.162539683,83067.2
0.168344671,135001
0.174149660,112957
0.179954649,78475.1
0.185759637,81912.7
0.191564626,129065
0.197369615,290395
0.203174603,237867
0.208979592,145224
0.214784580,126085
0.220589569,165344
0.226394558,142540
0.232199546,97396.3
0.238004535,123169
0.243809524,120305
0.249614512,59003.4
0.255419501,73223.5
0.261224490,67496.6
0.267029478,43065.2
0.272834467,47023.6
0.278639456,76381.7
0.284444444,128933
0.290249433,88560.4
0.296054422,45573
0.301859410,12558.6
0.307664399,5568.3
0.313469388,3702.95
0.319274376,3329.43
0.325079365,2852.51
0.330884354,2443.09
0.336689342,2179.16
0.342494331,1912.15
0.348299320,1729.86
0.354104308,1608.62
0.359909297,1493.98
0.365714286,1398.4
0.371519274,1396.1
0.377324263,1379.92
0.383129252,1439.38
0.388934240,1463.72
0.394739229,1516.11
0.400544218,1599.23
0.406349206,1741.13
0.412154195,1707.14
0.417959184,2178.72
0.423764172,2733.41
0.429569161,3605.02
0.435374150,6382.69
0.441179138,12324.7
0.446984127,28069.3
0.452789116,58181.2
0.458594104,101703
0.464399093,75348.3
0.470204082,58382.6
0.476009070,68772
0.481814059,94194.8
0.487619048,85086.7
0.493424036,51576.6
0.499229025,32797.1
0.505034014,39898.1
0.510839002,38145.8
0.516643991,21655.9
0.522448980,12858.3
0.528253968,8335.3
0.534058957,8516.21
0.539863946,7151.62
0.545668934,3946.77
0.551473923,2070.22
0.557278912,1588.25
0.563083900,1687.39
0.568888889,1744.66
0.574693878,1819.95
0.580498866,1857.17
0.586303855,1936.41
0.592108844,2074.92
0.597913832,2187.51
0.603718821,2344.13
0.609523810,2761.99
0.615328798,3388.39
0.621133787,3933.29
0.626938776,4615.92
0.632743764,5262.5
0.638548753,6004.34
0.644353741,6433.5
0.650158730,6640.68
0.655963719,7299.2
0.661768707,8472.36
0.667573696,9652.02
0.673378685,13488.2
0.679183673,21575.8
0.684988662,36614.6
0.690793651,56913.6
0.696598639,66661.1
0.702403628,106534
0.708208617,168165
0.714013605,254787
0.719818594,227613
0.725623583,139985
0.731428571,108326
0.737233560,118473
0.743038549,176737
0.748843537,94083.5
0.754648526,10396
0.760453515,7334.51
0.766258503,9481.12
0.772063492,3746.03
0.777868481,2353.38
0.783673469,1859.69
0.789478458,1926.19
0.795283447,1913.01
0.801088435,1895.33
0.806893424,2074.31
0.812698413,2171.85
0.818503401,2237.37
0.824308390,2715.56
0.830113379,2974.59
0.835918367,3513.71
0.841723356,4686.89
0.847528345,5048.83
0.853333333,6475.07
0.859138322,7235.99
0.864943311,7088.35
0.870748299,7028.07
0.876553288,6409.19
0.882358277,4755.04
0.888163265,3591.23
0.893968254,2981.81
0.899773243,2342.26
0.905578231,1931.58
0.911383220,2002.14
0.917188209,1816.73
0.922993197,1742.97
0.928798186,1841.56
0.934603175,1795.46
0.940408163,1812.98
0.946213152,2608.54
0.952018141,3338.94
0.957823129,3398.6
0.963628118,3970.5
0.969433107,3665.92
0.975238095,3476
0.981043084,3750.46
0.986848073,3438.01
0.992653061,3191.96
0.998458050,3241.02
1.004263039,2912.02
1.010068027,2653.42
1.015873016,2242.65
1.021678005,2016.59
1.027482993,2039.69
1.033287982,2346.8
1.039092971,2258.65
1.044897959,3513.54
1.050702948,4339.54
1.056507937,5048.11
1.062312925,13898.1
1.068117914,18659
1.073922902,39485.3
1.079727891,78852.4
1.085532880,94591
1.091337868,119279
1.097142857,151718
1.102947846,111345
1.108752834,154441
1.114557823,214493
1.120362812,35387.9
1.126167800,11487
1.131972789,11424.7
1.137777778,2666.76
1.143582766,1234.14
1.149387755,829.299
1.155192744,742.771
1.160997732,916.209
1.166802721,1239.39
1.172607710,1173.57
1.178412698,1136.75
1.184217687,1528.23
1.190022676,1218.13
1.195827664,1272.26
1.201632653,1443.47
1.207437642,1440.68
1.213242630,1392.89
1.219047619,1492.3
1.224852608,1532.89
1.230657596,1525
1.236462585,1778.7
1.242267574,2009.71
1.248072562,2379.18
1.253877551,4819.05
1.259682540,15216.7
1.265487528,20048.3
1.271292517,25829
1.277097506,32341.3
1.282902494,40665.8
1.288707483,49322.2
1.294512472,56857.2
1.300317460,61041.8
1.306122449,58541.9
1.311927438,62079.4
1.317732426,110144
1.323537415,136823
1.329342404,135379
1.335147392,121237
1.340952381,131306
1.346757370,158811
1.352562358,194585
1.358367347,355641
1.364172336,520613
1.369977324,540653
1.375782313,371956
1.381587302,271384
1.387392290,312553
1.393197279,375907
1.399002268,340440
1.404807256,23096.1
1.410612245,6911.61
1.416417234,7589
1.422222222,2126.7
1.428027211,944.082
1.433832200,748.079
1.439637188,1318.61
1.445442177,2899.49
1.451247166,3600.35
1.457052154,3969.68
1.462857143,3803.16
1.468662132,3853.54
1.474467120,4099.82
1.480272109,4009.84
1.486077098,4660.77
1.491882086,4731.16
1.497687075,4677.72
1.503492063,4737.59
1.509297052,4212.58
1.515102041,4337.14
1.520907029,4085.33
1.526712018,3778.26
1.532517007,4422.16
1.538321995,4374.61
1.544126984,4795.77
1.549931973,5417.78
1.555736961,6372.73
1.561541950,9425.82
1.567346939,10876.5
1.573151927,20074.5
1.578956916,25014.4
1.584761905,31093.5
1.590566893,31121.7
1.596371882,29404.3
1.602176871,40130.7
1.607981859,43358.3
1.613786848,51443.1
1.619591837,50546.1
1.625396825,45281.4
1.631201814,17047.4
1.637006803,10140.4
1.642811791,10438.2
1.648616780,7205.95
1.654421769,3739.11
1.660226757,2953.83
1.666031746,2067.01
1.671836735,1864.63
1.677641723,1807.17
1.683446712,1645.08
1.689251701,1712.12
1.695056689,1743.78
1.700861678,1636.49
1.706666667,1647.05
1.712471655,1662.28
1.718276644,1633.53
1.724081633,1651.49
1.729886621,1703.64
1.735691610,1767.3
1.741496599,1906.29
1.747301587,2808.79
1.753106576,5655.06
1.758911565,8349.99
1.764716553,7065.35
1.770521542,7024.14
1.776326531,7249.27
1.782131519,7403.04
1.787936508,7228.9
1.793741497,7157.02
1.799546485,7398.73
1.805351474,7621.93
1.811156463,8091.56
1.816961451,8012.66
1.822766440,8047.62
1.828571429,8235.12
1.834376417,8399.5
1.840181406,8870.51
1.845986395,8322.02
1.851791383,7921.97
1.857596372,8000.01
1.863401361,7701.26
1.869206349,6878.47
1.875011338,6894.6
1.880816327,6785.26
1.886621315,6393.06
1.892426304,6223.74
1.898231293,5790.76
1.904036281,4455.15
1.909841270,3739.15
1.915646259,2936.69
1.921451247,2636.79
1.927256236,2393.63
1.933061224,1988.26
1.938866213,1851.21
1.944671202,1598.53
1.950476190,1455.68
1.956281179,1483.36
1.962086168,1494.63
1.967891156,1490.64
1.973696145,1449.11
1.979501134,1540.49
1.985306122,1636.23
1.991111111,1722.92
1.996916100,1832.38
2.002721088,1962.91
2.008526077,2065.15
2.014331066,2259.77
2.020136054,2477.35
2.025941043,2700.65
2.031746032,2949.41
2.037551020,3307.6
2.043356009,3833.75
2.049160998,4694.79
2.054965986,5316.11
2.060770975,5891.19
2.066575964,6422.78
2.072380952,6367.59
2.078185941,6690.66
2.083990930,6965.78
2.089795918,6593.68
2.095600907,6543.81
2.101405896,6662.12
2.107210884,6559.45
2.113015873,6544.84
2.118820862,6419.83
2.124625850,6380.74
2.130430839,6579.82
2.136235828,6613.55
2.142040816,6514.9
2.147845805,6622.8
2.153650794,6721.96
2.159455782,6750.94
2.165260771,6781.93
2.171065760,6933.82
2.176870748,6953.69
2.182675737,6687.74
2.188480726,6574.44
2.194285714,6593.85
2.200090703,6550.07
2.205895692,6863.34
2.211700680,7038.07
2.217505669,7153.58
2.223310658,7547.78
2.229115646,8061.33
2.234920635,8514.42
2.240725624,8937.59
2.246530612,9668.99
2.252335601,10985.1
2.258140590,11977.2
2.263945578,9931.25
2.269750567,7169.96
2.275555556,9725.32
2.281360544,13453.6
2.287165533,15098.7
2.292970522,18476.2
2.298775510,24252.8
2.304580499,26347.9
2.310385488,29600.6
2.316190476,34821.9
2.321995465,41438
2.327800454,48698.6
2.333605442,56277.2
2.339410431,59084.2
2.345215420,54770.3
2.351020408,46441.3
2.356825397,52047.3
2.362630385,67661.3
2.368435374,68382.2
2.374240363,65360.5
2.380045351,70204.4
2.385850340,67335.4
2.391655329,123384
2.397460317,175072
2.403265306,166528
2.409070295,201149
2.414875283,343570
2.420680272,242897
2.426485261,169720
2.432290249,175700
2.438095238,250224
2.443900227,376835
2.449705215,322310
2.455510204,157289
2.461315193,111863
2.467120181,142900
2.472925170,264761
2.478730159,39110
2.484535147,10206.7
2.490340136,6706.11
2.496145125,3929.6
2.501950113,3527.04
2.507755102,1979.25
2.513560091,1787.81
2.519365079,2515.32
2.525170068,2617.01
2.530975057,2713.31
2.536780045,2476.09
2.542585034,2819.81
2.548390023,2696.72
2.554195011,2585.55
2.560000000,2885.39
2.565804989,2568.48
2.571609977,2980.53
2.577414966,2875.56
2.583219955,2918.32
2.589024943,2978.74
2.594829932,2860.81
2.600634921,3121.2
2.606439909,2821.6
2.612244898,2541.12
2.618049887,2349.1
2.623854875,2216.7
2.629659864,2533.35
2.635464853,2253.83
2.641269841,2083.99
2.647074830,2393.61
2.652879819,2310.06
2.658684807,2413.93
2.664489796,2575.6
2.670294785,2610.8
2.676099773,3130.03
2.681904762,3292.82
2.687709751,2721.23
2.693514739,2978.45
2.699319728,3117.57
2.705124717,2905.68
2.710929705,3103.27
2.716734694,3221.94
2.722539683,3090.32
2.728344671,3465.45
2.734149660,3706.72
2.739954649,4241.83
2.745759637,5634.56
2.751564626,6040.95
2.757369615,7557.46
2.763174603,9582.58
2.768979592,10707.9
2.774784580,12740.6
2.780589569,14010.4
2.786394558,16471.2
2.792199546,19097.9
2.798004535,22922
2.803809524,28305
2.809614512,39327.7
2.815419501,55326
2.821224490,103677
2.827029478,178843
2.832834467,401480
2.838639456,454739
2.844444444,491909
2.850249433,372376
2.856054422,189827
2.861859410,151715
2.867664399,239938
2.873469388,311446
2.879274376,169617
2.885079365,119000
2.890884354,31707.5
2.896689342,5535.82
2.902494331,4017.24
2.908299320,6598.27
2.914104308,10822.5
2.919909297,12707.8
2.925714286,11147.3
2.931519274,6828.4
2.937324263,3050.68
2.943129252,2002.86
2.948934240,2128.5
2.954739229,2259.16
2.960544218,2261.85
2.966349206,2383.98
2.972154195,2645.9
2.977959184,2691.78
2.983764172,2917.36
2.989569161,3550.14
2.995374150,4868.77
3.001179138,10684.2
3.006984127,22854.8
3.012789116,34682.1
3.018594104,39854.9
3.024399093,49228.4
3.030204082,60957
3.036009070,67536.5
3.041814059,81083.6
3.047619048,80507.1
3.053424036,109823
3.059229025,148491
3.065034014,246914
3.070839002,177220
3.076643991,131434
3.082448980,114557
3.088253968,109148
3.094058957,138703
3.099863946,252136
3.105668934,196041
3.111473923,183692
3.117278912,346074
3.123083900,259203
3.128888889,59618
3.134693878,9441.92
3.140498866,7934.66
3.146303855,7186.79
3.152108844,7019.52
3.157913832,9177.46
3.163718821,7280.01
3.169523810,3688.96
3.175328798,2674.9
3.181133787,3963.18
3.186938776,4568.55
3.192743764,4178.55
3.198548753,4748.78
3.204353741,4385.01
3.210158730,4717.14
3.215963719,4867.08
3.221768707,4602.41
3.227573696,4909.94
3.233378685,4465.25
3.239183673,4799.29
3.244988662,5670.7
3.250793651,6328.75
3.256598639,8634.35
3.262403628,11256.8
3.268208617,13763.7
3.274013605,16399.1
3.279818594,18038.7
3.285623583,18916.8
3.291428571,20104.9
3.297233560,20921
3.303038549,20881.5
3.308843537,19536.3
3.314648526,17760.8
3.320453515,15612.7
3.326258503,15215.1
3.332063492,12280.6
3.337868481,9293.87
3.343673469,5493.09
3.349478458,3772.01
3.355283447,2766.16
3.361088435,2345.99
3.366893424,2177.16
3.372698413,1931.38
3.378503401,2011.58
3.384308390,2029.93
3.390113379,1950.99
3.395918367,2143.92
3.401723356,2205.64
3.407528345,2153.57
3.413333333,2361.02
3.419138322,2620.1
3.424943311,2658.56
3.430748299,3740.23
3.436553288,5830.44
3.442358277,12163.6
3.448163265,10888.6
3.453968254,9913.39
3.459773243,7515.93
3.465578231,6951.39
3.471383220,5669.58
3.477188209,4302.42
3.482993197,3784.83
3.488798186,3706.84
3.494603175,3424.02
3.500408163,3576.05
3.506213152,3657.93
3.512018141,3771.03
3.517823129,4406.91
3.523628118,4553.41
3.529433107,5320.93
3.535238095,6305.62
3.541043084,5736.96
3.546848073,5488.01
3.552653061,5138.82
3.558458050,4184.09
3.564263039,4133.71
3.570068027,3673.95
3.575873016,3272.36
3.581678005,3538.29
3.587482993,3165.71
3.593287982,3075.07
3.599092971,3110.02
3.604897959,2830.95
3.610702948,3037.57
3.616507937,3115.09
3.622312925,3067.88
3.628117914,3340.29
3.633922902,3258.1
3.639727891,3074.49
3.645532880,3327.77
3.651337868,3146.94
3.657142857,3024.77
3.662947846,3390.97
3.668752834,3229.69
3.674557823,3652.55
3.680362812,4934.13
3.686167800,5385.63
3.691972789,6289.54
3.697777778,7507.21
3.703582766,7055.07
3.709387755,7229.77
3.715192744,7801.04
3.720997732,7560.21
3.726802721,8122.65
3.732607710,8608.17
3.738412698,8298.34
3.744217687,8262.66
3.750022676,8126.94
3.755827664,8301.31
3.761632653,8277.46
3.767437642,8388.26
3.773242630,8630.34
3.779047619,8311.69
3.784852608,8234.72
3.790657596,8443.72
3.796462585,8030.25
3.802267574,7852.21
3.808072562,8190.08
3.813877551,8180.68
3.819682540,8361.41
3.825487528,9023.33
3.831292517,9485.03
3.837097506,10300
3.842902494,9563.45
3.848707483,7767.28
3.854512472,11215.7
3.860317460,15702.5
3.866122449,16104.8
3.871927438,15502.8
3.877732426,12686.5
3.883537415,9492.92
3.889342404,7883.9
3.895147392,6208.12
3.900952381,5092.41
3.906757370,4331.72
3.912562358,3615.4
3.918367347,3185.51
3.924172336,2930.7
3.929977324,2452.23
3.935782313,2096.92
3.941587302,2027.28
3.947392290,1737.85
3.953197279,1674.96
3.959002268,1746.39
3.964807256,1555.98
3.970612245,1585.22
3.976417234,1793.59
3.982222222,1850.09
3.988027211,2208.06
3.993832200,2867.41
3.999637188,3123.45
4.005442177,4165.65
4.011247166,5096.64
4.017052154,6704.78
4.022857143,9440.16
4.028662132,12829.1
4.034467120,19507.4
4.040272109,22355
4.046077098,20840.3
4.051882086,13360.4
4.057687075,10637.8
4.063492063,7171.61
4.069297052,4651.17
4.075102041,3737.82
4.080907029,3116.29
4.086712018,2739.39
4.092517007,2775.56
4.098321995,2634.92
4.104126984,2710.62
4.109931973,2942.13
4.115736961,2978.53
4.121541950,5702.33
4.127346939,10822.8
4.133151927,18946.8
4.138956916,21081.1
4.144761905,25325.9
4.150566893,30271.8
4.156371882,29528.2
4.162176871,29695.7
4.167981859,29763.8
4.173786848,26171
4.179591837,23477.2
4.185396825,15508.2
4.191201814,7062.49
4.197006803,5311.23
4.202811791,3747.8
4.208616780,3611.63
4.214421769,3036.66
4.220226757,3363.89
4.226031746,4122.82
4.231836735,6005.22
4.237641723,9485.24
4.243446712,16757.6
4.249251701,20378.3
4.255056689,24207.5
4.260861678,36705.5
4.266666667,60211.7
4.272471655,103216
4.278276644,180333
4.284081633,133027
4.289886621,120024
4.295691610,105067
4.301496599,113184
4.307301587,191083
4.313106576,10792.1
4.318911565,4994.93
4.324716553,5729.02
4.330521542,8349.53
4.336326531,7781.24
4.342131519,6004.87
4.347936508,2837.3
4.353741497,2926.38
4.359546485,3122.21
4.365351474,3781
4.371156463,3850.03
4.376961451,4544.88
4.382766440,5634.82
4.388571429,5834.09
4.394376417,7016.05
4.400181406,8569.82
4.405986395,10824.4
4.411791383,25759.8
4.417596372,51820.1
4.423401361,59142.3
4.429206349,65699.1
4.435011338,81736
4.440816327,132459
4.446621315,232576
4.452426304,183406
4.458231293,147579
4.464036281,128699
4.469841270,122873
4.475646259,155995
4.481451247,255531
4.487256236,189992
4.493061224,162472
4.498866213,187165
4.504671202,242770
4.510476190,396633
4.516281179,407420
4.522086168,303044
4.527891156,235142
4.533696145,32832
4.539501134,7023.42
4.545306122,4915.02
4.551111111,5706.2
4.556916100,5826.17
4.562721088,4251
4.568526077,3263.58
4.574331066,3893.16
4.580136054,4409.03
4.585941043,4037.32
4.591746032,3786.12
4.597551020,3200.77
4.603356009,3225.71
4.609160998,3329.01
4.614965986,3406.42
4.620770975,5739.28
4.626575964,7863.31
4.632380952,15088.9
4.638185941,17358.9
4.643990930,16876
4.649795918,17438.8
4.655600907,18795.4
4.661405896,17813.7
4.667210884,19389
4.673015873,21783.9
4.678820862,24071.7
4.684625850,28814
4.690430839,28545.2
4.696235828,28504.4
4.702040816,28005.9
4.707845805,32104.2
4.713650794,25844.2
4.719455782,16514
4.725260771,5132.53
4.731065760,2946.41
4.736870748,2665.57
4.742675737,2332.43
4.748480726,2205.51
4.754285714,2475.24
4.760090703,2632.85
4.765895692,2809.22
4.771700680,2945.83
4.777505669,2883.62
4.783310658,3420.93
4.789115646,4036.68
4.794920635,4047.39
4.800725624,4693.04
4.806530612,4930.92
4.812335601,4934.71
4.818140590,4933.79
4.823945578,5113.78
4.829750567,5148.57
4.835555556,4962.43
4.841360544,4589.8
4.847165533,4448.27
4.852970522,4205.9
4.858775510,3914.01
4.864580499,3570.74
4.870385488,3320.53
4.876190476,2934.67
4.881995465,2646.94
4.887800454,2666.42
4.893605442,2558.11
4.899410431,2428.11
4.905215420,2240.05
4.911020408,2297.16
4.916825397,2239.16
4.922630385,2446.31
4.928435374,3329.44
4.934240363,6770.84
4.940045351,7051.8
4.945850340,7102.37
4.951655329,7175.6
4.957460317,8043.9
4.963265306,7933.16
4.969070295,8163.36
4.974875283,7826.28
4.980680272,8117.72
4.986485261,8712.71
4.992290249,9510.49
4.998095238,8031.68
5.003900227,7792.3
5.009705215,7343.67
5.015510204,6534.13
5.021315193,6361.04
5.027120181,5287.36
5.032925170,4979.1
5.038730159,4624.21
5.044535147,3935.71
5.050340136,4207.3
5.056145125,3578.39
5.061950113,3799.71
5.067755102,3601.41
5.073560091,3546.7
5.079365079,3984.09
5.085170068,3456.49
5.090975057,3894.52
5.096780045,3438.89
5.102585034,4229.48
5.108390023,3930.52
5.114195011,3819.34
5.120000000,4271.19
5.125804989,4554.89
5.131609977,5349.41
5.137414966,4311.3
5.143219955,5402.91
5.149024943,4855.74
5.154829932,5962.33
5.160634921,5020.37
5.166439909,5395.7
5.172244898,5313.98
5.178049887,6997.66
5.183854875,7578.4
5.189659864,8246.77
5.195464853,9386.71
5.201269841,9990.06
5.207074830,12001.2
5.212879819,10022.5
5.218684807,11015.1
5.224489796,9451.42
5.230294785,12630.9
5.236099773,11267.4
5.241904762,12266.1
5.247709751,10102.9
5.253514739,11827.3
5.259319728,10690.2
5.265124717,12510.8
5.270929705,11357.3
5.276734694,10478.7
5.282539683,11223.6
5.288344671,17123.9
5.294149660,13661.2
5.299954649,10471.1
5.305759637,12562.1
5.311564626,20765.4
5.317369615,13783.6
5.323174603,10533.4
5.328979592,11604.1
5.334784580,22618
5.340589569,15813.1
5.346394558,17990.8
5.352199546,14016.7
5.358004535,22029.7
5.363809524,43371.6
5.369614512,38253.7
5.375419501,21419
5.381224490,25477.2
5.387029478,22295.9
5.392834467,23565.6
5.398639456,21156.3
5.404444444,24846.7
5.410249433,24859.3
5.416054422,22767.4
5.421859410,18743.9
5.427664399,33861.9
5.433469388,66647
5.439274376,94380.6
5.445079365,106433
5.450884354,104547
5.456689342,84913
5.462494331,77203.3
5.468299320,84037.5
5.474104308,96706.2
5.479909297,87328.4
5.485714286,94562.8
5.491519274,99026.8
5.497324263,76148.8
5.503129252,74413.4
5.508934240,87976.2
5.514739229,83263.5
5.520544218,67457.6
5.526349206,85051.9
5.532154195,101669
5.537959184,92844.3
5.543764172,77629.6
5.549569161,89317.4
5.555374150,124250
5.561179138,156982
5.566984127,172830
5.572789116,147131
5.578594104,109648
5.584399093,114221
5.590204082,109522
5.596009070,86147.4
5.601814059,72233.4
5.607619048,48218.6
5.613424036,66907.1
5.619229025,158357
5.625034014,170664
5.630839002,237919
5.636643991,553854
5.642448980,8.81613e+6
5.648253968,0
5.654058957,0
5.659863946,0
5.665668934,0
5.671473923,0
5.677278912,0
5.683083900,0
5.688888889,0
5.694693878,0
5.700498866,0
5.706303855,0
5.712108844,0
5.717913832,0
5.723718821,0
5.729523810,0
5.735328798,0
5.741133787,0
5.746938776,0
5.752743764,0
5.758548753,0
5.764353741,0
5.770158730,0
5.775963719,0
5.781768707,0
5.787573696,0
5.793378685,0
5.799183673,0
5.804988662,0
5.810793651,0
5.816598639,0
5.822403628,0
5.828208617,0
5.834013605,0
5.839818594,0
5.845623583,0
5.851428571,0
5.857233560,0
5.863038549,0
5.868843537,0
5.874648526,0
5.880453515,0
5.886258503,0
5.892063492,0
5.897868481,0
5.903673469,0
5.909478458,0
5.915283447,0
5.921088435,0
5.926893424,0
5.932698413,0
5.938503401,0
5.944308390,0
5.950113379,0
5.955918367,0
5.961723356,0
5.967528345,0
5.973333333,0
5.979138322,0
5.984943311,0
5.990748299,0
5.996553288,0
6.002358277,0
6.008163265,0
6.013968254,0
6.019773243,0
6.025578231,0
6.031383220,0
6.037188209,0
6.042993197,0
6.048798186,0
6.054603175,0
6.060408163,0
6.066213152,0
6.072018141,0
6.077823129,0
6.083628118,0
6.089433107,0
6.095238095,0
6.101043084,0
6.106848073,0
6.112653061,0
6.118458050,0
6.124263039,0
6.130068027,0
6.135873016,0
6.141678005,0
6.147482993,0
6.153287982,0
6.159092971,0
6.164897959,0
6.170702948,0
6.176507937,0
6.182312925,0
6.188117914,0
6.193922902,0
6.199727891,0
6.205532880,0
6.211337868,0
6.217142857,0
6.222947846,0
6.228752834,0
6.234557823,0
6.240362812,0
6.246167800,0
6.251972789,0
6.257777778,0
6.263582766,0
6.269387755,0
6.275192744,0
6.280997732,0
6.286802721,0
6.292607710,0
6.298412698,0
6.304217687,0
6.310022676,0
6.315827664,0
6.321632653,0
6.327437642,0
6.333242630,0
6.339047619,0
6.344852608,0
6.350657596,0
6.356462585,0
6.362267574,0
6.368072562,0
6.373877551,0
6.379682540,0
6.385487528,0
6.391292517,0
6.397097506,0
6.402902494,0
6.408707483,0
6.414512472,0
6.420317460,0
6.426122449,0
6.431927438,0
6.437732426,0
6.443537415,0
6.449342404,0
6.455147392,0
6.460952381,0
6.466757370,0
6.472562358,0
6.478367347,0
6.484172336,0
6.489977324,0
6.495782313,0
6.501587302,0
6.507392290,0
6.513197279,0
6.519002268,0
6.524807256,0
6.530612245,0
6.536417234,0
6.542222222,0
6.548027211,0
6.553832200,0
6.559637188,0
6.565442177,0
6.571247166,0
6.577052154,0
6.582857143,0
6.588662132,0
6.594467120,0
6.600272109,0
6.606077098,0
6.611882086,0
6.617687075,0
6.623492063,0
6.629297052,0
6.635102041,0
6.640907029,0
6.646712018,0
6.652517007,0
6.658321995,0
6.664126984,0
6.669931973,0
6.675736961,0
6.681541950,0
6.687346939,0
6.693151927,0
6.698956916,0
6.704761905,0
6.710566893,0
6.716371882,0
6.722176871,0
6.727981859,0
6.733786848,0
6.739591837,0
6.745396825,0
6.751201814,0
6.757006803,0
6.762811791,0
6.768616780,0
6.774421769,0
6.780226757,0
6.786031746,0
6.791836735,0
6.797641723,0
6.803446712,0
6.809251701,0
6.815056689,0
6.820861678,0
6.826666667,0
6.832471655,0
6.838276644,0
6.844081633,0
6.849886621,0
6.855691610,0
6.861496599,0
6.867301587,0
6.873106576,0
6.878911565,0
6.884716553,0
6.890521542,0
6.896326531,0
6.902131519,0
6.907936508,0
6.913741497,0
6.919546485,0
6.925351474,0
6.931156463,0
6.936961451,0
6.942766440,0
6.948571429,0
6.954376417,0
6.960181406,0
6.965986395,0
6.971791383,0
6.977596372,0
6.983401361,0
6.989206349,0
6.995011338,0
7.000816327,0
7.006621315,0
7.012426304,0
7.018231293,0
7.024036281,0
7.029841270,0
7.035646259,0
7.041451247,0
7.047256236,0
7.053061224,0
7.058866213,0
7.064671202,0
7.070476190,0
7.076281179,0
7.082086168,0
7.087891156,0
7.093696145,0
7.099501134,0
7.105306122,0
7.111111111,0
7.116916100,0
7.122721088,0
7.128526077,0
7.134331066,0
7.140136054,0
7.145941043,0
7.151746032,0
7.157551020,0
7.163356009,0
7.169160998,0
7.174965986,0
7.180770975,0
7.186575964,0
7.192380952,0
7.198185941,0
7.203990930,0
7.209795918,0
7.215600907,0
7.221405896,0
7.227210884,0
7.233015873,0
7.238820862,0
7.244625850,0
7.250430839,0
7.256235828,0
7.262040816,0
7.267845805,0
7.273650794,0
7.279455782,0
7.285260771,0
7.291065760,0
7.296870748,0
7.302675737,0
7.308480726,0
7.314285714,0
7.320090703,0
7.325895692,0
7.331700680,0
7.337505669,0
7.343310658,0
7.349115646,0
7.354920635,0
7.360725624,0
7.366530612,0
7.372335601,0
7.378140590,0
7.383945578,0
7.389750567,0
7.395555556,0
7.401360544,0
7.407165533,0
7.412970522,0
7.418775510,0
7.424580499,0
7.430385488,0
7.436190476,0
7.441995465,0
7.447800454,0
7.453605442,0
7.459410431,0
7.465215420,0
7.471020408,0
7.476825397,0
7.482630385,0
7.488435374,0
7.494240363,0
7.500045351,0
7.505850340,0
7.511655329,0
7.517460317,0
7.523265306,0
7.529070295,0
7.534875283,0
7.540680272,0
7.546485261,0
7.552290249,0
7.558095238,0
7.563900227,0
7.569705215,0
7.575510204,0
7.581315193,0
7.587120181,0
7.592925170,0
7.598730159,0
7.604535147,0
7.610340136,0
7.616145125,0
7.621950113,0
7.627755102,0
7.633560091,0
7.639365079,0
7.645170068,0
7.650975057,0
7.656780045,0
7.662585034,0
7.668390023,0
7.674195011,0
7.680000000,0
7.685804989,0
7.691609977,0
7.697414966,0
7.703219955,0
7.709024943,0
7.714829932,0
7.720634921,0
7.726439909,0
7.732244898,0
7.738049887,0
7.743854875,0
7.749659864,0
7.755464853,0
7.761269841,0
7.767074830,0
7.772879819,0
7.778684807,0
7.784489796,0
7.790294785,0
7.796099773,0
7.801904762,0
7.807709751,0
7.813514739,0
7.819319728,0
7.825124717,0
7.830929705,0
7.836734694,0
7.842539683,0
7.848344671,0
7.854149660,0
7.859954649,0
7.865759637,0
7.871564626,0
7.877369615,0
7.883174603,0
7.888979592,0
7.894784580,0
7.900589569,0
7.906394558,0
7.912199546,0
7.918004535,0
7.923809524,0
7.929614512,0
7.935419501,0
7.941224490,0
7.947029478,0
7.952834467,0
7.958639456,0
7.964444444,0
7.970249433,0
7.976054422,0
7.981859410,0
7.987664399,0
7.993469388,0
7.999274376,0
8.005079365,0
8.010884354,0
8.016689342,0
8.022494331,0
8.028299320,0
8.034104308,0
8.039909297,0
8.045714286,0
8.051519274,0
8.057324263,0
8.063129252,0
8.068934240,0
8.074739229,0
8.080544218,0
8.086349206,0
8.092154195,0
8.097959184,0
8.103764172,0
8.109569161,0
8.115374150,0
8.121179138,0
8.126984127,0
8.132789116,0
8.138594104,0
8.144399093,0
8.150204082,0
8.156009070,0
8.161814059,0
8.167619048,0
8.173424036,0
8.179229025,0
8.185034014,0
8.190839002,0
8.196643991,0
8.202448980,0
8.208253968,0
8.214058957,0
8.219863946,0
8.225668934,0
8.231473923,0
8.237278912,0
8.243083900,0
8.248888889,0
8.254693878,0
8.260498866,0
8.266303855,0
8.272108844,0
8.277913832,0
8.283718821,0
8.289523810,0
8.295328798,0
8.301133787,0
8.306938776,0
8.312743764,0
8.318548753,0
8.324353741,0
8.330158730,0
8.335963719,0
8.341768707,0
8.347573696,0
8.353378685,0
8.359183673,0
8.364988662,0
8.370793651,0
8.376598639,0
8.382403628,0
8.388208617,0
8.394013605,0
8.399818594,0
8.405623583,0
8.411428571,0
8.417233560,0
8.423038549,0
8.428843537,0
8.434648526,0
8.440453515,0
8.446258503,0
8.452063492,0
8.457868481,0
8.463673469,0
8.469478458,0
8.475283447,0
8.481088435,0
8.486893424,0
8.492698413,0
8.498503401,0
8.504308390,0
8.510113379,0
8.515918367,0
8.521723356,0
8.527528345,0
8.533333333,0
8.539138322,0
8.544943311,0
8.550748299,0
8.556553288,0
8.562358277,0
8.568163265,0
8.573968254,0
8.579773243,0
8.585578231,0
8.591383220,0
8.597188209,0
8.602993197,0
8.608798186,0
8.614603175,0
8.620408163,0
8.626213152,0
8.632018141,0
8.637823129,0
8.643628118,0
8.649433107,0
8.655238095,0
8.661043084,0
8.666848073,0
8.672653061,0
8.678458050,0
8.684263039,0
8.690068027,0
8.695873016,0
8.701678005,0
8.707482993,0
8.713287982,0
8.719092971,0
8.724897959,0
8.730702948,0
8.736507937,0
8.742312925,0
8.748117914,0
8.753922902,0
8.759727891,0
8.765532880,0
8.771337868,0
8.777142857,0
8.782947846,0
8.788752834,0
8.794557823,0
8.800362812,0
8.806167800,0
8.811972789,0
8.817777778,0
8.823582766,0
8.829387755,0
8.835192744,0
8.840997732,0
8.846802721,0
8.852607710,0
8.858412698,0
8.864217687,0
8.870022676,0
8.875827664,0
8.881632653,0
8.887437642,0
8.893242630,0
8.899047619,0
8.904852608,0
8.910657596,0
8.916462585,0
8.922267574,0
8.928072562,0
8.933877551,0
8.939682540,0
8.945487528,0
8.951292517,0
8.957097506,0
8.962902494,0
8.968707483,0
8.974512472,0
8.980317460,0
8.986122449,0
8.991927438,0
8.997732426,0
9.003537415,0
9.009342404,0
9.015147392,0
9.020952381,0
9.026757370,0
9.032562358,0
9.038367347,0
9.044172336,0
9.049977324,0
9.055782313,0
9.061587302,0
9.067392290,0
9.073197279,0
9.079002268,0
9.084807256,0
9.090612245,0
9.096417234,0
9.102222222,0
9.108027211,0
9.113832200,0
9.119637188,0
9.125442177,0
9.131247166,0
9.137052154,0
9.142857143,0
9.148662132,0
9.154467120,0
9.160272109,0
9.166077098,0
9.171882086,0
9.177687075,0
9.183492063,0
9.189297052,0
9.195102041,0
9.200907029,0
9.206712018,0
9.212517007,0
9.218321995,0
9.224126984,0
9.229931973,0
9.235736961,0
9.241541950,0
9.247346939,0
9.253151927,0
9.258956916,0
9.264761905,0
9.270566893,0
9.276371882,0
9.282176871,0
9.287981859,0
9.293786848,0
9.299591837,0
9.305396825,0
9.311201814,0
9.317006803,0
9.322811791,0
9.328616780,0
9.334421769,0
9.340226757,0
9.346031746,0
9.351836735,0
9.357641723,0
9.363446712,0
9.369251701,0
9.375056689,0
9.380861678,0
9.386666667,0
9.392471655,0
9.398276644,0
9.404081633,0
9.409886621,0
9.415691610,0
9.421496599,0
9.427301587,0
9.433106576,0
9.438911565,0
9.444716553,0
9.450521542,0
9.456326531,0
9.462131519,0
9.467936508,0
9.473741497,0
9.479546485,0
9.485351474,0
9.491156463,0
9.496961451,0
9.502766440,0
9.508571429,0
9.514376417,0
9.520181406,0
9.525986395,0
9.531791383,0
9.537596372,0
9.543401361,0
9.549206349,0
9.555011338,0
9.560816327,0
9.566621315,0
9.572426304,0
9.578231293,0
9.584036281,0
9.589841270,0
9.595646259,0
9.601451247,0
9.607256236,0
9.613061224,0
9.618866213,0
9.624671202,0
9.630476190,0
9.636281179,0
9.642086168,0
9.647891156,0
9.653696145,0
9.659501134,0
9.665306122,0
9.671111111,0
9.676916100,0
9.682721088,0
9.688526077,0
9.694331066,0
9.700136054,0
9.705941043,0
9.711746032,0
9.717551020,0
9.723356009,0
9.729160998,0
9.734965986,0
9.740770975,0
9.746575964,0
9.752380952,0
9.758185941,0
9.763990930,0
9.769795918,0
9.775600907,0
9.781405896,0
9.787210884,0
9.793015873,0
9.798820862,0
9.804625850,0
9.810430839,0
9.816235828,0
9.822040816,0
9.827845805,0
9.833650794,0
9.839455782,0
9.845260771,0
9.851065760,0
9.856870748,0
9.862675737,0
9.868480726,0
9.874285714,0
9.880090703,0
9.885895692,0
9.891700680,0
9.897505669,0
9.903310658,0
9.909115646,0
9.914920635,0
9.920725624,0
9.926530612,0
9.932335601,0
9.938140590,0
9.943945578,0
9.949750567,0
9.955555556,0
9.961360544,0
9.967165533,0
9.972970522,0
9.978775510,0
9.984580499,0
9.990385488,0
9.996190476,0
10.001995465,0
10.007800454,0
10.013605442,0
10.019410431,0
10.025215420,0
10.031020408,0
10.036825397,0
10.042630385,0
10.048435374,0
10.054240363,0
10.060045351,0
10.065850340,0
10.071655329,0
10.077460317,0
10.083265306,0
10.089070295,0
10.094875283,0
10.100680272,0
10.106485261,0
10.112290249,0
10.118095238,0
10.123900227,0
10.129705215,0
10.135510204,0
10.141315193,0
10.147120181,0
10.152925170,0
10.158730159,0
10.164535147,0
10.170340136,0
10.176145125,0
10.181950113,0
10.187755102,0
10.193560091,0
10.199365079,0
10.205170068,0
10.210975057,0
10.216780045,0
10.222585034,0
10.228390023,0
10.234195011,0
10.240000000,0
10.245804989,0
10.251609977,0
10.257414966,0
10.263219955,0
10.269024943,0
10.274829932,0
10.280634921,0
10.286439909,0
10.292244898,0
10.298049887,0
10.303854875,0
10.309659864,0
10.315464853,0
10.321269841,0
10.327074830,0
10.332879819,0
10.338684807,0
10.344489796,0
10.350294785,0
10.356099773,0
10.361904762,0
10.367709751,0
10.373514739,0
10.379319728,0
10.385124717,0
10.390929705,0
10.396734694,0
10.402539683,0
10.408344671,0
10.414149660,0
10.419954649,0
10.425759637,0
10.431564626,0
10.437369615,0
10.443174603,0
10.448979592,0
10.454784580,0
10.460589569,0
10.466394558,0
10.472199546,0
10.478004535,0
10.483809524,0
10.489614512,0
10.495419501,0
10.501224490,0
10.507029478,0
10.512834467,0
10.518639456,0
10.524444444,0
10.530249433,0
10.536054422,0
10.541859410,0
10.547664399,0
10.553469388,0
10.559274376,0
10.565079365,0
10.570884354,0
10.576689342,0
10.582494331,0
10.588299320,0
10.594104308,0
10.599909297,0
10.605714286,0
10.611519274,0
10.617324263,0
10.623129252,0
10.628934240,0
10.634739229,0
10.640544218,0
10.646349206,0
10.652154195,0
10.657959184,0
10.663764172,0
10.669569161,0
10.675374150,0
10.681179138,0
10.686984127,0
10.692789116,0
10.698594104,0
10.704399093,0
10.710204082,0
10.716009070,0
10.721814059,0
10.727619048,0
10.733424036,0
10.739229025,0
10.745034014,0
10.750839002,0
10.756643991,0
10.762448980,0
10.768253968,0
10.774058957,0
10.779863946,0
10.785668934,0
10.791473923,0
10.797278912,0
10.803083900,0
10.808888889,0
10.814693878,0
10.820498866,0
10.826303855,0
10.832108844,0
10.837913832,0
10.843718821,0
10.849523810,0
10.855328798,0
10.861133787,0
10.866938776,0
10.872743764,0
10.878548753,0
10.884353741,0
10.890158730,0
10.895963719,0
10.901768707,0
10.907573696,0
10.913378685,0
10.919183673,0
10.924988662,0
10.930793651,0
10.936598639,0
10.942403628,0
10.948208617,0
10.954013605,0
10.959818594,0
10.965623583,0
10.971428571,0
10.977233560,0
10.983038549,0
10.988843537,0
10.994648526,0
11.000453515,0
11.006258503,0
11.012063492,0
11.017868481,0
11.023673469,0
11.029478458,0
11.035283447,0
11.041088435,0
11.046893424,0
11.052698413,0
11.058503401,0
11.064308390,0
11.070113379,0
11.075918367,0
11.081723356,0
11.087528345,0
11.093333333,0
11.099138322,0
11.104943311,0
11.110748299,0
11.116553288,0
11.122358277,0
11.128163265,0
11.133968254,0
11.139773243,0
11.145578231,0
11.151383220,0
11.157188209,0
11.162993197,0
11.168798186,0
11.174603175,0
11.180408163,0
11.186213152,0
11.192018141,0
11.197823129,0
11.203628118,0
11.209433107,0
11.215238095,0
11.221043084,0
11.226848073,0
11.232653061,0
11.238458050,0
11.244263039,0
11.250068027,0
11.255873016,0
11.261678005,0
11.267482993,0
11.273287982,0
11.279092971,0
11.284897959,0
11.290702948,0
11.296507937,0
11.302312925,0
11.308117914,0
11.313922902,0
11.319727891,0
11.325532880,0
11.331337868,0
11.337142857,0
11.342947846,0
11.348752834,0
11.354557823,0
11.360362812,0
11.366167800,0
11.371972789,0
11.377777778,0
11.383582766,0
11.389387755,0
11.395192744,0
11.400997732,0
11.406802721,0
11.412607710,0
11.418412698,0
11.424217687,0
11.430022676,0
11.435827664,0
11.441632653,0
11.447437642,0
11.453242630,0
11.459047619,0
11.464852608,0
11.470657596,0
11.476462585,0
11.482267574,0
11.488072562,0
11.493877551,0
11.499682540,0
11.505487528,0
11.511292517,0
11.517097506,0
11.522902494,0
11.528707483,0
11.534512472,0
11.540317460,0
11.546122449,0
11.551927438,0
11.557732426,0
11.563537415,0
11.569342404,0
11.575147392,0
11.580952381,0
11.586757370,0
11.592562358,0
11.598367347,0
11.604172336,0
11.609977324,0
11.615782313,0
11.621587302,0
11.627392290,0
11.633197279,0
11.639002268,0
11.644807256,0
11.650612245,0
11.656417234,0
11.662222222,0
11.668027211,0
11.673832200,0
11.679637188,0
11.685442177,0
11.691247166,0
11.697052154,0
11.702857143,0
11.708662132,0
11.714467120,0
11.720272109,0
11.726077098,0
11.731882086,0
11.737687075,0
11.743492063,0
11.749297052,0
11.755102041,0
11.760907029,0
11.766712018,0
11.772517007,0
11.778321995,0
11.784126984,0
11.789931973,0
11.795736961,0
11.801541950,0
11.807346939,0
11.813151927,0
11.818956916,0
11.824761905,0
11.830566893,0
11.836371882,0
11.842176871,0
11.847981859,0
11.853786848,0
11.859591837,0
11.865396825,0
11.871201814,0
11.877006803,0
11.882811791,0
11.888616780,0
11.894421769,0
11.900226757,0
11.906031746,0
11.911836735,0
11.917641723,0
11.923446712,0
11.929251701,0
11.935056689,0
11.940861678,0
11.946666667,0
11.952471655,0
11.958276644,0
11.964081633,0
11.969886621,0
11.975691610,0
11.981496599,0
11.987301587,0
11.993106576,0
11.998911565,0
12.004716553,0
12.010521542,0
12.016326531,0
12.022131519,0
12.027936508,0
12.033741497,0
12.039546485,0
12.045351474,0
12.051156463,0
12.056961451,0
12.062766440,0
12.068571429,0
12.074376417,0
12.080181406,0
12.085986395,0
12.091791383,0
12.097596372,0
12.103401361,0
12.109206349,0
12.115011338,0
12.120816327,0
12.126621315,0
12.132426304,0
12.138231293,0
12.144036281,0
12.149841270,0
12.155646259,0
12.161451247,0
12.167256236,0
12.173061224,0
12.178866213,0
12.184671202,0
12.190476190,0
12.196281179,0
12.202086168,0
12.207891156,0
12.213696145,0
12.219501134,0
12.225306122,0
12.231111111,0
12.236916100,0
12.242721088,0
12.248526077,0
12.254331066,0
12.260136054,0
12.265941043,0
12.271746032,0
12.277551020,0
12.283356009,0
12.289160998,0
12.294965986,0
12.300770975,0
12.306575964,0
12.312380952,0
12.318185941,0
12.323990930,0
12.329795918,0
12.335600907,0
12.341405896,0
12.347210884,0
12.353015873,0
12.358820862,0
12.364625850,0
12.370430839,0
12.376235828,0
12.382040816,0
12.387845805,0
12.393650794,0
12.399455782,0
12.405260771,0
12.411065760,0
12.416870748,0
12.422675737,0
12.428480726,0
12.434285714,0
12.440090703,0
12.445895692,0
12.451700680,0
12.457505669,0
12.463310658,0
12.469115646,0
12.474920635,0
12.480725624,0
12.486530612,0
12.492335601,0
12.498140590,0
12.503945578,0
12.509750567,0
12.515555556,0
12.521360544,0
12.527165533,0
12.532970522,0
12.538775510,0
12.544580499,0
12.550385488,0
12.556190476,0
12.561995465,0
12.567800454,0
12.573605442,0
12.579410431,0
12.585215420,0
12.591020408,0
12.596825397,0
12.602630385,0
12.608435374,0
12.614240363,0
12.620045351,0
12.625850340,0
12.631655329,0
12.637460317,0
12.643265306,0
12.649070295,0
12.654875283,0
12.660680272,0
12.666485261,0
12.672290249,0
12.678095238,0
12.683900227,0
12.689705215,0
12.695510204,0
12.701315193,0
12.707120181,0
12.712925170,0
12.718730159,0
12.724535147,0
12.730340136,0
12.736145125,0
12.741950113,0
12.747755102,0
12.753560091,0
12.759365079,0
12.765170068,0
12.770975057,0
12.776780045,0
12.782585034,0
12.788390023,0
12.794195011,0
12.800000000,0
12.805804989,0
12.811609977,0
12.817414966,0
12.823219955,0
12.829024943,0
12.834829932,0
12.840634921,0
12.846439909,0
12.852244898,0
12.858049887,0
12.863854875,0
12.869659864,0
12.875464853,0
12.881269841,0
12.887074830,0
12.892879819,0
12.898684807,0
12.904489796,0
12.910294785,0
12.916099773,0
12.921904762,0
12.927709751,0
12.933514739,0
12.939319728,0
12.945124717,0
12.950929705,0
12.956734694,0
12.962539683,0
12.968344671,0
12.974149660,0
12.979954649,0
12.985759637,0
12.991564626,0
12.997369615,0
13.003174603,0
13.008979592,0
13.014784580,0
13.020589569,0
13.026394558,0
13.032199546,0
13.038004535,0
13.043809524,0
13.049614512,0
13.055419501,0
13.061224490,0
13.067029478,0
13.072834467,0
13.078639456,0
13.084444444,0
13.090249433,0
13.096054422,0
13.101859410,0
13.107664399,0
13.113469388,0
13.119274376,0
13.125079365,0
13.130884354,0
13.136689342,0
13.142494331,0
13.148299320,0
13.154104308,0
13.159909297,0
13.165714286,0
13.171519274,0
13.177324263,0
13.183129252,0
13.188934240,0
13.194739229,0
13.200544218,0
13.206349206,0
13.212154195,0
13.217959184,0
13.223764172,0
13.229569161,0
13.235374150,0
13.241179138,0
13.246984127,0
13.252789116,0
13.258594104,0
13.264399093,0
13.270204082,0
13.276009070,0
13.281814059,0
13.287619048,0
13.293424036,0
13.299229025,0
13.305034014,0
13.310839002,0
13.316643991,0
13.322448980,0
13.328253968,0
13.334058957,0
13.339863946,0
13.345668934,0
13.351473923,0
13.357278912,0
13.363083900,0
13.368888889,0
13.374693878,0
13.380498866,0
13.386303855,0
13.392108844,0
13.397913832,0
13.403718821,0
13.409523810,0
13.415328798,0
13.421133787,0
13.426938776,0
13.432743764,0
13.438548753,0
13.444353741,0
13.450158730,0
13.455963719,0
13.461768707,0
13.467573696,0
13.473378685,0
13.479183673,0
13.484988662,0
13.490793651,0
13.496598639,0
13.502403628,0
13.508208617,0
13.514013605,0
13.519818594,0
13.525623583,0
13.531428571,0
13.537233560,0
13.543038549,0
13.548843537,0
13.554648526,0
13.560453515,0
13.566258503,0
13.572063492,0
13.577868481,0
13.583673469,0
13.589478458,0
13.595283447,0
13.601088435,0
13.606893424,0
13.612698413,0
13.618503401,0
13.624308390,0
13.630113379,0
13.635918367,0
13.641723356,0
13.647528345,0
13.653333333,0
13.659138322,0
13.664943311,0
13.670748299,0
13.676553288,0
13.682358277,0
13.688163265,0
13.693968254,0
13.699773243,0
13.705578231,0
13.711383220,0
13.717188209,0
13.722993197,0
13.728798186,0
13.734603175,0
13.740408163,0
13.746213152,0
13.752018141,0
13.757823129,0
13.763628118,0
13.769433107,0
13.775238095,0
13.781043084,0
13.786848073,0
13.792653061,0
13.798458050,0
13.804263039,0
13.810068027,0
13.815873016,0
13.821678005,0
13.827482993,0
13.833287982,0
13.839092971,0
13.844897959,0
13.850702948,0
13.856507937,0
13.862312925,0
13.868117914,0
13.873922902,0
13.879727891,0
13.885532880,0
13.891337868,0
13.897142857,0
13.902947846,0
13.908752834,0
13.914557823,0
13.920362812,0
13.926167800,0
13.931972789,0
13.937777778,0
13.943582766,0
13.949387755,0
13.955192744,0
13.960997732,0
13.966802721,0
13.972607710,0
13.978412698,0
13.984217687,0
13.990022676,0
13.995827664,0
14.001632653,0
14.007437642,0
14.013242630,0
14.019047619,0
14.024852608,0
14.030657596,0
14.036462585,0
14.042267574,0
14.048072562,0
14.053877551,0
14.059682540,0
14.065487528,0
14.071292517,0
14.077097506,0
14.082902494,0
14.088707483,0
14.094512472,0
14.100317460,0
14.106122449,0
14.111927438,0
14.117732426,0
14.123537415,0
14.129342404,0
14.135147392,0
14.140952381,0
14.146757370,0
14.152562358,0
14.158367347,0
14.164172336,0
14.169977324,0
14.175782313,0
14.181587302,0
14.187392290,0
14.193197279,0
14.199002268,0
14.204807256,0
14.210612245,0
14.216417234,0
14.222222222,0
14.228027211,0
14.233832200,0
14.239637188,0
14.245442177,0
14.251247166,0
14.257052154,0
14.262857143,0
14.268662132,0
14.274467120,0
14.280272109,0
14.286077098,0
14.291882086,0
14.297687075,0
14.303492063,0
14.309297052,0
14.315102041,0
14.320907029,0
14.326712018,0
14.332517007,0
14.338321995,0
14.344126984,0
14.349931973,0
14.355736961,0
14.361541950,0
14.367346939,0
14.373151927,0
14.378956916,0
14.384761905,0
14.390566893,0
14.396371882,0
14.402176871,0
14.407981859,0
14.413786848,0
14.419591837,0
14.425396825,0
14.431201814,0
14.437006803,0
14.442811791,0
14.448616780,0
14.454421769,0
14.460226757,0
14.466031746,0
14.471836735,0
14.477641723,0
14.483446712,0
14.489251701,0
14.495056689,0
14.500861678,0
14.506666667,0
14.512471655,0
14.518276644,0
14.524081633,0
14.529886621,0
14.535691610,0
14.541496599,0
14.547301587,0
14.553106576,0
14.558911565,0
14.564716553,0
14.570521542,0
14.576326531,0
14.582131519,0
14.587936508,0
14.593741497,0
14.599546485,0
14.605351474,0
14.611156463,0
14.616961451,0
14.622766440,0
14.628571429,0
14.634376417,0
14.640181406,0
14.645986395,0
14.651791383,0
14.657596372,0
14.663401361,0
14.669206349,0
14.675011338,0
14.680816327,0
14.686621315,0
14.692426304,0
14.698231293,0
14.704036281,0
14.709841270,0
14.715646259,0
14.721451247,0
14.727256236,0
14.733061224,0
14.738866213,0
14.744671202,0
14.750476190,0
14.756281179,0
14.762086168,0
14.767891156,0
14.773696145,0
14.779501134,0
14.785306122,0
14.791111111,0
14.796916100,0
14.802721088,0
14.808526077,0
14.814331066,0
14.820136054,0
14.825941043,0
14.831746032,0
14.837551020,0
14.843356009,0
14.849160998,0
14.854965986,0
14.860770975,0
14.866575964,0
14.872380952,0
14.878185941,0
14.883990930,0
14.889795918,0
14.895600907,0
14.901405896,0
14.907210884,0
14.913015873,0
14.918820862,0
14.924625850,0
14.930430839,0
14.936235828,0
14.942040816,0
14.947845805,0
14.953650794,0
14.959455782,0
14.965260771,0
14.971065760,0
14.976870748,0
14.982675737,0
14.988480726,0
14.994285714,0
15.000090703,0
15.005895692,0
15.011700680,0
15.017505669,0
15.023310658,0
15.029115646,0
15.034920635,0
15.040725624,0
15.046530612,0
15.052335601,0
15.058140590,0
15.063945578,0
15.069750567,0
15.075555556,0
15.081360544,0
15.087165533,0
15.092970522,0
15.098775510,0
15.104580499,0
15.110385488,0
15.116190476,0
15.121995465,0
15.127800454,0
15.133605442,0
15.139410431,0
15.145215420,0
15.151020408,0
15.156825397,0
15.162630385,0
15.168435374,0
15.174240363,0
15.180045351,0
15.185850340,0
15.191655329,0
15.197460317,0
15.203265306,0
15.209070295,0
15.214875283,0
15.220680272,0
15.226485261,0
15.232290249,0
15.238095238,0
15.243900227,0
15.249705215,0
15.255510204,0
15.261315193,0
15.267120181,0
15.272925170,0
15.278730159,0
15.284535147,0
15.290340136,0
15.296145125,0
15.301950113,0
15.307755102,0
15.313560091,0
15.319365079,0
15.325170068,0
15.330975057,0
15.336780045,0
15.342585034,0
15.348390023,0
15.354195011,0
15.360000000,0
15.365804989,0
15.371609977,0
15.377414966,0
15.383219955,0
15.389024943,0
15.394829932,0
15.400634921,0
15.406439909,0
15.412244898,0
15.418049887,0
15.423854875,0
15.429659864,0
15.435464853,0
15.441269841,0
15.447074830,0
15.452879819,0
15.458684807,0
15.464489796,0
15.470294785,0
15.476099773,0
15.481904762,0
15.487709751,0
15.493514739,0
15.499319728,0
15.505124717,0
15.510929705,0
15.516734694,0
15.522539683,0
15.528344671,0
15.534149660,0
15.539954649,0
15.545759637,0
15.551564626,0
15.557369615,0
15.563174603,0
15.568979592,0
15.574784580,0
15.580589569,0
15.586394558,0
15.592199546,0
15.598004535,0
15.603809524,0
15.609614512,0
15.615419501,0
15.621224490,0
15.627029478,0
15.632834467,0
15.638639456,0
15.644444444,0
15.650249433,0
15.656054422,0
15.661859410,0
15.667664399,0
15.673469388,0
15.679274376,0
15.685079365,0
15.690884354,0
15.696689342,0
15.702494331,0
15.708299320,0
15.714104308,0
15.719909297,0
15.725714286,0
15.731519274,0
15.737324263,0
15.743129252,0
15.748934240,0
15.754739229,0
15.760544218,0
15.766349206,0
15.772154195,0
15.777959184,0
15.783764172,0
15.789569161,0
15.795374150,0
15.801179138,0
15.806984127,0
15.812789116,0
15.818594104,0
15.824399093,0
15.830204082,0
15.836009070,0
15.841814059,0
15.847619048,0
15.853424036,0
15.859229025,0
15.865034014,0
15.870839002,0
15.876643991,0
15.882448980,0
15.888253968,0
15.894058957,0
15.899863946,0
15.905668934,0
15.911473923,0
15.917278912,0
15.923083900,0
15.928888889,0
15.934693878,0
15.940498866,0
15.946303855,0
15.952108844,0
15.957913832,0
15.963718821,0
15.969523810,0
15.975328798,0
15.981133787,0
15.986938776,0
15.992743764,0
15.998548753,0
16.004353741,0
16.010158730,0
16.015963719,0
16.021768707,0
16.027573696,0
16.033378685,0
16.039183673,0
16.044988662,0
16.050793651,0
16.056598639,0
16.062403628,0
16.068208617,0
16.074013605,0
16.079818594,0
16.085623583,0
16.091428571,0
16.097233560,0
16.103038549,0
16.108843537,0
16.114648526,0
16.120453515,0
16.126258503,0
16.132063492,0
16.137868481,0
16.143673469,0
16.149478458,0
16.155283447,0
16.161088435,0
16.166893424,0
16.172698413,0
16.178503401,0
16.184308390,0
16.190113379,0
16.195918367,0
16.201723356,0
16.207528345,0
16.213333333,0
16.219138322,0
16.224943311,0
16.230748299,0
16.236553288,0
16.242358277,0
16.248163265,0
16.253968254,0
16.259773243,0
16.265578231,0
16.271383220,0
16.277188209,0
16.282993197,0
16.288798186,0
16.294603175,0
16.300408163,0
16.306213152,0
16.312018141,0
16.317823129,0
16.323628118,0
16.329433107,0
16.335238095,0
16.341043084,0
16.346848073,0
16.352653061,0
16.358458050,0
16.364263039,0
16.370068027,0
16.375873016,0
16.381678005,0
16.387482993,0
16.393287982,0
16.399092971,0
16.404897959,0
16.410702948,0
16.416507937,0
16.422312925,0
16.428117914,0
16.433922902,0
16.439727891,0
16.445532880,0
16.451337868,0
16.457142857,0
16.462947846,0
16.468752834,0
16.474557823,0
16.480362812,0
16.486167800,0
16.491972789,0
16.497777778,0
16.503582766,0
16.509387755,0
16.515192744,0
16.520997732,0
16.526802721,0
16.532607710,0
16.538412698,0
16.544217687,0
16.550022676,0
16.555827664,0
16.561632653,0
16.567437642,0
16.573242630,0
16.579047619,0
16.584852608,0
16.590657596,0
16.596462585,0
16.602267574,0
16.608072562,0
16.613877551,0
16.619682540,0
16.625487528,0
16.631292517,0
16.637097506,0
16.642902494,0
16.648707483,0
16.654512472,0
16.660317460,0
16.666122449,0
16.671927438,0
16.677732426,0
16.683537415,0
16.689342404,0
16.695147392,0
16.700952381,0
16.706757370,0
16.712562358,0
16.718367347,0
16.724172336,0
16.729977324,0
16.735782313,0
16.741587302,0
16.747392290,0
16.753197279,0
16.759002268,0
16.764807256,0
16.770612245,0
16.776417234,0
16.782222222,0
16.788027211,0
16.793832200,0
16.799637188,0
16.805442177,0
16.811247166,0
16.817052154,0
16.822857143,0
16.828662132,0
16.834467120,0
16.840272109,0
16.846077098,0
16.851882086,0
16.857687075,0
16.863492063,0
16.869297052,0
16.875102041,0
16.880907029,0
16.886712018,0
16.892517007,0
16.898321995,0
16.904126984,0
16.909931973,0
16.915736961,0
16.921541950,0
16.927346939,0
16.933151927,0
16.938956916,0
16.944761905,0
16.950566893,0
16.956371882,0
16.962176871,0
16.967981859,0
16.973786848,0
16.979591837,0
16.985396825,0
16.991201814,0
16.997006803,0
17.002811791,0
17.008616780,0
17.014421769,0
17.020226757,0
17.026031746,0
17.031836735,0
17.037641723,0
17.043446712,0
17.049251701,0
17.055056689,0
17.060861678,0
17.066666667,0
17.072471655,0
17.078276644,0
17.084081633,0
17.089886621,0
17.095691610,0
17.101496599,0
17.107301587,0
17.113106576,0
17.118911565,0
17.124716553,0
17.130521542,0
17.136326531,0
17.142131519,0
17.147936508,0
17.153741497,0
17.159546485,0
17.165351474,0
17.171156463,0
17.176961451,0
17.182766440,0
17.188571429,0
17.194376417,0
17.200181406,0
17.205986395,0
17.211791383,0
17.217596372,0
17.223401361,0
17.229206349,0
17.235011338,0
17.240816327,0
17.246621315,0
17.252426304,0
17.258231293,0
17.264036281,0
17.269841270,0
17.275646259,0
17.281451247,0
17.287256236,0
17.293061224,0
17.298866213,0
17.304671202,0
17.310476190,0
17.316281179,0
17.322086168,0
17.327891156,0
17.333696145,0
17.339501134,0
17.345306122,0
17.351111111,0
17.356916100,0
17.362721088,0
17.368526077,0
17.374331066,0
17.380136054,0
17.385941043,0
17.391746032,0
17.397551020,0
17.403356009,0
17.409160998,0
17.414965986,0
17.420770975,0
17.426575964,0
17.432380952,0
17.438185941,0
17.443990930,0
17.449795918,0
17.455600907,0
17.461405896,0
17.467210884,0
17.473015873,0
17.478820862,0
17.484625850,0
17.490430839,0
17.496235828,0
17.502040816,0
17.507845805,0
17.513650794,0
17.519455782,0
17.525260771,0
17.531065760,0
17.536870748,0
17.542675737,0
17.548480726,0
17.554285714,0
17.560090703,0
17.565895692,0
17.571700680,0
17.577505669,0
17.583310658,0
17.589115646,0
17.594920635,0
17.600725624,0
17.606530612,0
17.612335601,0
17.618140590,0
17.623945578,0
17.629750567,0
17.635555556,0
17.641360544,0
17.647165533,0
17.652970522,0
17.658775510,0
17.664580499,0
17.670385488,0
17.676190476,0
17.681995465,0
17.687800454,0
17.693605442,0
17.699410431,0
17.705215420,0
17.711020408,0
17.716825397,0
17.722630385,0
17.728435374,0
17.734240363,0
17.740045351,0
17.745850340,0
17.751655329,0
17.757460317,0
17.763265306,0
17.769070295,0
17.774875283,0
17.780680272,0
17.786485261,0
17.792290249,0
17.798095238,0
17.803900227,0
17.809705215,0
17.815510204,0
17.821315193,0
17.827120181,0
17.832925170,0
17.838730159,0
17.844535147,0
17.850340136,0
17.856145125,0
17.861950113,0
17.867755102,0
17.873560091,0
17.879365079,0
17.885170068,0
17.890975057,0
17.896780045,0
17.902585034,0
17.908390023,0
17.914195011,0
17.920000000,0
17.925804989,0
17.931609977,0
17.937414966,0
17.943219955,0
17.949024943,0
17.954829932,0
17.960634921,0
17.966439909,0
17.972244898,0
17.978049887,0
17.983854875,0
17.989659864,0
17.995464853,0
18.001269841,0
18.007074830,0
18.012879819,0
18.018684807,0
18.024489796,0
18.030294785,0
18.036099773,0
18.041904762,0
18.047709751,0
18.053514739,0
18.059319728,0
18.065124717,0
18.070929705,0
18.076734694,0
18.082539683,0
18.088344671,0
18.094149660,0
18.099954649,0
18.105759637,0
18.111564626,0
18.117369615,0
18.123174603,0
18.128979592,0
18.134784580,0
18.140589569,0
18.146394558,0
18.152199546,0
18.158004535,0
18.163809524,0
18.169614512,0
18.175419501,0
18.181224490,0
18.187029478,0
18.192834467,0
18.198639456,0
18.204444444,0
18.210249433,0
18.216054422,0
18.221859410,0
18.227664399,0
18.233469388,0
18.239274376,0
18.245079365,0
18.250884354,0
18.256689342,0
18.262494331,0
18.268299320,0
18.274104308,0
18.279909297,0
18.285714286,0
18.291519274,0
18.297324263,0
18.303129252,0
18.308934240,0
18.314739229,0
18.320544218,0
18.326349206,0
18.332154195,0
18.337959184,0
18.343764172,0
18.349569161,0
18.355374150,0
18.361179138,0
18.366984127,0
18.372789116,0
18.378594104,0
18.384399093,0
18.390204082,0
18.396009070,0
18.401814059,0
18.407619048,0
18.413424036,0
18.419229025,0
18.425034014,0
18.430839002,0
18.436643991,0
18.442448980,0
18.448253968,0
18.454058957,0
18.459863946,0
18.465668934,0
18.471473923,0
18.477278912,0
18.483083900,0
18.488888889,0
18.494693878,0
18.500498866,0
18.506303855,0
18.512108844,0
18.517913832,0
18.523718821,0
18.529523810,0
18.535328798,0
18.541133787,0
18.546938776,0
18.552743764,0
18.558548753,0
18.564353741,0
18.570158730,0
18.575963719,0
18.581768707,0
18.587573696,0
18.593378685,0
18.599183673,0
18.604988662,0
18.610793651,0
18.616598639,0
18.622403628,0
18.628208617,0
18.634013605,0
18.639818594,0
18.645623583,0
18.651428571,0
18.657233560,0
18.663038549,0
18.668843537,0
18.674648526,0
18.680453515,0
18.686258503,0
18.692063492,0
18.697868481,0
18.703673469,0
18.709478458,0
18.715283447,0
18.721088435,0
18.726893424,0
18.732698413,0
18.738503401,0
18.744308390,0
18.750113379,0
18.755918367,0
18.761723356,0
18.767528345,0
18.773333333,0
18.779138322,0
18.784943311,0
18.790748299,0
18.796553288,0
18.802358277,0
18.808163265,0
18.813968254,0
18.819773243,0
18.825578231,0
18.831383220,0
18.837188209,0
18.842993197,0
18.848798186,0
18.854603175,0
18.860408163,0
18.866213152,0
18.872018141,0
18.877823129,0
18.883628118,0
18.889433107,0
18.895238095,0
18.901043084,0
18.906848073,0
18.912653061,0
18.918458050,0
18.924263039,0
18.930068027,0
18.935873016,0
18.941678005,0
18.947482993,0
18.953287982,0
18.959092971,0
18.964897959,0
18.970702948,0
18.976507937,0
18.982312925,0
18.988117914,0
18.993922902,0
18.999727891,0
19.005532880,0
19.011337868,0
19.017142857,0
19.022947846,0
19.028752834,0
19.034557823,0
19.040362812,0
19.046167800,0
19.051972789,0
19.057777778,0
19.063582766,0
19.069387755,0
19.075192744,0
19.080997732,0
19.086802721,0
19.092607710,0
19.098412698,0
19.104217687,0
19.110022676,0
19.115827664,0
19.121632653,0
19.127437642,0
19.133242630,0
19.139047619,0
19.144852608,0
19.150657596,0
19.156462585,0
19.162267574,0
19.168072562,0
19.173877551,0
19.179682540,0
19.185487528,0
19.191292517,0
19.197097506,0
19.202902494,0
19.208707483,0
19.214512472,0
19.220317460,0
19.226122449,0
19.231927438,0
19.237732426,0
19.243537415,0
19.249342404,0
19.255147392,0
19.260952381,0
19.266757370,0
19.272562358,0
19.278367347,0
19.284172336,0
19.289977324,0
19.295782313,0
19.301587302,0
19.307392290,0
19.313197279,0
19.319002268,0
19.324807256,0
19.330612245,0
19.336417234,0
19.342222222,0
19.348027211,0
19.353832200,0
19.359637188,0
19.365442177,0
19.371247166,0
19.377052154,0
19.382857143,0
19.388662132,0
19.394467120,0
19.400272109,0
19.406077098,0
19.411882086,0
19.417687075,0
19.423492063,0
19.429297052,0
19.435102041,0
19.440907029,0
19.446712018,0
19.452517007,0
19.458321995,0
19.464126984,0
19.469931973,0
19.475736961,0
19.481541950,0
19.487346939,0
19.493151927,0
19.498956916,0
19.504761905,0
19.510566893,0
19.516371882,0
19.522176871,0
19.527981859,0
19.533786848,0
19.539591837,0
19.545396825,0
19.551201814,0
19.557006803,0
19.562811791,0
19.568616780,0
19.574421769,0
19.580226757,0
19.586031746,0
19.591836735,0
19.597641723,0
19.603446712,0
19.609251701,0
19.615056689,0
19.620861678,0
19.626666667,0
19.632471655,0
19.638276644,0
19.644081633,0
19.649886621,0
19.655691610,0
19.661496599,0
19.667301587,0
19.673106576,0
19.678911565,0
19.684716553,0
19.690521542,0
19.696326531,0
19.702131519,0
19.707936508,0
19.713741497,0
19.719546485,0
19.725351474,0
19.731156463,0
19.736961451,0
19.742766440,0
19.748571429,0
19.754376417,0
19.760181406,0
19.765986395,0
19.771791383,0
19.777596372,0
19.783401361,0
19.789206349,0
19.795011338,0
19.800816327,0
19.806621315,0
19.812426304,0
19.818231293,0
19.824036281,0
19.829841270,0
19.835646259,0
19.841451247,0
19.847256236,0
19.853061224,0
19.858866213,0
19.864671202,0
19.870476190,0
19.876281179,0
19.882086168,0
19.887891156,0
19.893696145,0
19.899501134,0
19.905306122,0
19.911111111,0
19.916916100,0
19.922721088,0
19.928526077,0
19.934331066,0
19.940136054,0
19.945941043,0
19.951746032,0
19.957551020,0
19.963356009,0
19.969160998,0
19.974965986,0
19.980770975,0
19.986575964,0
19.992380952,0
19.998185941,0
20.003990930,0
20.009795918,0
20.015600907,0
20.021405896,0
20.027210884,0
20.033015873,0
20.038820862,0
20.044625850,0
20.050430839,0
20.056235828,0
20.062040816,0
20.067845805,0
20.073650794,0
20.079455782,0
20.085260771,0
20.091065760,0
20.096870748,0
20.102675737,0
20.108480726,0
20.114285714,0
20.120090703,0
20.125895692,0
20.131700680,0
20.137505669,0
20.143310658,0
20.149115646,0
20.154920635,0
20.160725624,0
20.166530612,0
20.172335601,0
20.178140590,0
20.183945578,0
20.189750567,0
20.195555556,0
20.201360544,0
20.207165533,0
20.212970522,0
20.218775510,0
20.224580499,0
20.230385488,0
20.236190476,0
20.241995465,0
20.247800454,0
20.253605442,0
20.259410431,0
20.265215420,0
20.271020408,0
20.276825397,0
20.282630385,0
20.288435374,0
20.294240363,0
20.300045351,0
20.305850340,0
20.311655329,0
20.317460317,0
20.323265306,0
20.329070295,0
20.334875283,0
20.340680272,0
20.346485261,0
20.352290249,0
20.358095238,0
20.363900227,0
20.369705215,0
20.375510204,0
20.381315193,0
20.387120181,0
20.392925170,0
20.398730159,0
20.404535147,0
20.410340136,0
20.416145125,0
20.421950113,0
20.427755102,0
20.433560091,0
20.439365079,0
20.445170068,0
20.450975057,0
20.456780045,0
20.462585034,0
20.468390023,0
20.474195011,0
20.480000000,0
20.485804989,0
20.491609977,0
20.497414966,0
20.503219955,0
20.509024943,0
20.514829932,0
20.520634921,0
20.526439909,0
20.532244898,0
20.538049887,0
20.543854875,0
20.549659864,0
20.555464853,0
20.561269841,0
20.567074830,0
20.572879819,0
20.578684807,0
20.584489796,0
20.590294785,0
20.596099773,0
20.601904762,0
20.607709751,0
20.613514739,0
20.619319728,0
20.625124717,0
20.630929705,0
20.636734694,0
20.642539683,0
20.648344671,0
20.654149660,0
20.659954649,0
20.665759637,0
20.671564626,0
20.677369615,0
20.683174603,0
20.688979592,0
20.694784580,0
20.700589569,0
20.706394558,0
20.712199546,0
20.718004535,0
20.723809524,0
20.729614512,0
20.735419501,0
20.741224490,0
20.747029478,0
20.752834467,0
20.758639456,0
20.764444444,0
20.770249433,0
20.776054422,0
20.781859410,0
20.787664399,0
20.793469388,0
20.799274376,0
20.805079365,0
20.810884354,0
20.816689342,0
20.822494331,0
20.828299320,0
20.834104308,0
20.839909297,0
20.845714286,0
20.851519274,0
20.857324263,0
20.863129252,0
20.868934240,0
20.874739229,0
20.880544218,0
20.886349206,0
20.892154195,0
20.897959184,0
20.903764172,0
20.909569161,0
20.915374150,0
20.921179138,0
20.926984127,0
20.932789116,0
20.938594104,0
20.944399093,0
20.950204082,0
20.956009070,0
20.961814059,0
20.967619048,0
20.973424036,0
20.979229025,0
20.985034014,0
20.990839002,0
20.996643991,0
21.002448980,0
21.008253968,0
21.014058957,0
21.019863946,0
21.025668934,0
21.031473923,0
21.037278912,0
21.043083900,0
21.048888889,0
21.054693878,0
21.060498866,0
21.066303855,0
21.072108844,0
21.077913832,0
21.083718821,0
21.089523810,0
21.095328798,0
21.101133787,0
21.106938776,0
21.112743764,0
21.118548753,0
21.124353741,0
21.130158730,0
21.135963719,0
21.141768707,0
21.147573696,0
21.153378685,0
21.159183673,0
21.164988662,0
21.170793651,0
21.176598639,0
21.182403628,0
21.188208617,0
21.194013605,0
21.199818594,0
21.205623583,0
21.211428571,0
21.217233560,0
21.223038549,0
21.228843537,0
21.234648526,0
21.240453515,0
21.246258503,0
21.252063492,0
21.257868481,0
21.263673469,0
21.269478458,0
21.275283447,0
21.281088435,0
21.286893424,0
21.292698413,0
21.298503401,0
21.304308390,0
21.310113379,0
21.315918367,0
21.321723356,0
21.327528345,0
21.333333333,0
21.339138322,0
21.344943311,0
21.350748299,0
21.356553288,0
21.362358277,0
21.368163265,0
21.373968254,0
21.379773243,0
21.385578231,0
21.391383220,0
21.397188209,0
21.402993197,0
21.408798186,0
21.414603175,0
21.420408163,0
21.426213152,0
21.432018141,0
21.437823129,0
21.443628118,0
21.449433107,0
21.455238095,0
21.461043084,0
21.466848073,0
21.472653061,0
21.478458050,0
21.484263039,0
21.490068027,0
21.495873016,0
21.501678005,0
21.507482993,0
21.513287982,0
21.519092971,0
21.524897959,0
21.530702948,0
21.536507937,0
21.542312925,0
21.548117914,0
21.553922902,0
21.559727891,0
21.565532880,0
21.571337868,0
21.577142857,0
21.582947846,0
21.588752834,0
21.594557823,0
21.600362812,0
21.606167800,0
21.611972789,0
21.617777778,0
21.623582766,0
21.629387755,0
21.635192744,0
21.640997732,0
21.646802721,0
21.652607710,0
21.658412698,0
21.664217687,0
21.670022676,0
21.675827664,0
21.681632653,0
21.687437642,0
21.693242630,0
21.699047619,0
21.704852608,0
21.710657596,0
21.716462585,0
21.722267574,0
21.728072562,0
21.733877551,0
21.739682540,0
21.745487528,0
21.751292517,0
21.757097506,0
21.762902494,0
21.768707483,0
21.774512472,0
21.780317460,0
21.786122449,0
21.791927438,0
21.797732426,0
21.803537415,0
21.809342404,0
21.815147392,0
21.820952381,0
21.826757370,0
21.832562358,0
21.838367347,0
21.844172336,0
21.849977324,0
21.855782313,0
21.861587302,0
21.867392290,0
21.873197279,0
21.879002268,0
21.884807256,0
21.890612245,0
21.896417234,0
21.902222222,0
21.908027211,0
21.913832200,0
21.919637188,0
21.925442177,0
21.931247166,0
21.937052154,0
21.942857143,0
21.948662132,0
21.954467120,0
21.960272109,0
21.966077098,0
21.971882086,0
21.977687075,0
21.983492063,0
21.989297052,0
21.995102041,0
22.000907029,0
22.006712018,0
22.012517007,0
22.018321995,0
22.024126984,0
22.029931973,0
22.035736961,0
22.041541950,0
22.047346939,0
22.053151927,0
22.058956916,0
22.064761905,0
22.070566893,0
22.076371882,0
22.082176871,0
22.087981859,0
22.093786848,0
22.099591837,0
22.105396825,0
22.111201814,0
22.117006803,0
22.122811791,0
22.128616780,0
22.134421769,0
22.140226757,0
22.146031746,0
22.151836735,0
22.157641723,0
22.163446712,0
22.169251701,0
22.175056689,0
22.180861678,0
22.186666667,0
22.192471655,0
22.198276644,0
22.204081633,0
22.209886621,0
22.215691610,0
22.221496599,0
22.227301587,0
22.233106576,0
22.238911565,0
22.244716553,0
22.250521542,0
22.256326531,0
22.262131519,0
22.267936508,0
22.273741497,0
22.279546485,0
22.285351474,0
22.291156463,0
22.296961451,0
22.302766440,0
22.308571429,0
22.314376417,0
22.320181406,0
22.325986395,0
22.331791383,0
22.337596372,0
22.343401361,0
22.349206349,0
22.355011338,0
22.360816327,0
22.366621315,0
22.372426304,0
22.378231293,0
22.384036281,0
22.389841270,0
22.395646259,0
22.401451247,0
22.407256236,0
22.413061224,0
22.418866213,0
22.424671202,0
22.430476190,0
22.436281179,0
22.442086168,0
22.447891156,0
22.453696145,0
22.459501134,0
22.465306122,0
22.471111111,0
22.476916100,0
22.482721088,0
22.488526077,0
22.494331066,0
22.500136054,0
22.505941043,0
22.511746032,0
22.517551020,0
22.523356009,0
22.529160998,0
22.534965986,0
22.540770975,0
22.546575964,0
22.552380952,0
22.558185941,0
22.563990930,0
22.569795918,0
22.575600907,0
22.581405896,0
22.587210884,0
22.593015873,0
22.598820862,0
22.604625850,0
22.610430839,0
22.616235828,0
22.622040816,0
22.627845805,0
22.633650794,0
22.639455782,0
22.645260771,0
22.651065760,0
22.656870748,0
22.662675737,0
22.668480726,0
22.674285714,0
22.680090703,0
22.685895692,0
22.691700680,0
22.697505669,0
22.703310658,0
22.709115646,0
22.714920635,0
22.720725624,0
22.726530612,0
22.732335601,0
22.738140590,0
22.743945578,0
22.749750567,0
22.755555556,0
22.761360544,0
22.767165533,0
22.772970522,0
22.778775510,0
22.784580499,0
22.790385488,0
22.796190476,0
22.801995465,0
22.807800454,0
22.813605442,0
22.819410431,0
22.825215420,0
22.831020408,0
22.836825397,0
22.842630385,0
22.848435374,0
22.854240363,0
22.860045351,0
22.865850340,0
22.871655329,0
22.877460317,0
22.883265306,0
22.889070295,0
22.894875283,0
22.900680272,0
22.906485261,0
22.912290249,0
22.918095238,0
22.923900227,0
22.929705215,0
22.935510204,0
22.941315193,0
22.947120181,0
22.952925170,0
22.958730159,0
22.964535147,0
22.970340136,0
22.976145125,0
22.981950113,0
22.987755102,0
22.993560091,0
22.999365079,0
23.005170068,0
23.010975057,0
23.016780045,0
23.022585034,0
23.028390023,0
23.034195011,0
23.040000000,0
23.045804989,0
23.051609977,0
23.057414966,0
23.063219955,0
23.069024943,0
23.074829932,0
23.080634921,0
23.086439909,0
23.092244898,0
23.098049887,0
23.103854875,0
23.109659864,0
23.115464853,0
23.121269841,0
23.127074830,0
23.132879819,0
23.138684807,0
23.144489796,0
23.150294785,0
23.156099773,0
23.161904762,0
23.167709751,0
23.173514739,0
23.179319728,0
23.185124717,0
23.190929705,0
23.196734694,0
23.202539683,0
23.208344671,0
23.214149660,0
23.219954649,0
23.225759637,0
23.231564626,0
23.237369615,0
23.243174603,0
23.248979592,0
23.254784580,0
23.260589569,0
23.266394558,0
23.272199546,0
23.278004535,0
23.283809524,0
23.289614512,0
23.295419501,0
23.301224490,0
23.307029478,0
23.312834467,0
23.318639456,0
23.324444444,0
23.330249433,0
23.336054422,0
23.341859410,0
23.347664399,0
23.353469388,0
23.359274376,0
23.365079365,0
23.370884354,0
23.376689342,0
23.382494331,0
23.388299320,0
23.394104308,0
23.399909297,0
23.405714286,0
23.411519274,0
23.417324263,0
23.423129252,0
23.428934240,0
23.434739229,0
23.440544218,0
23.446349206,0
23.452154195,0
23.457959184,0
23.463764172,0
23.469569161,0
23.475374150,0
23.481179138,0
23.486984127,0
23.492789116,0
23.498594104,0
23.504399093,0
23.510204082,0
23.516009070,0
23.521814059,0
23.527619048,0
23.533424036,0
23.539229025,0
23.545034014,0
23.550839002,0
23.556643991,0
23.562448980,0
23.568253968,0
23.574058957,0
23.579863946,0
23.585668934,0
23.591473923,0
23.597278912,0
23.603083900,0
23.608888889,0
23.614693878,0
23.620498866,0
23.626303855,0
23.632108844,0
23.637913832,0
23.643718821,0
23.649523810,0
23.655328798,0
23.661133787,0
23.666938776,0
23.672743764,0
23.678548753,0
23.684353741,0
23.690158730,0
23.695963719,0
23.701768707,0
23.707573696,0
23.713378685,0
23.719183673,0
23.724988662,0
23.730793651,0
23.736598639,0
23.742403628,0
23.748208617,0
23.754013605,0
23.759818594,0
23.765623583,0
23.771428571,0
23.777233560,0
23.783038549,0
23.788843537,0
23.794648526,0
23.800453515,0
23.806258503,0
23.812063492,0
23.817868481,0
23.823673469,0
23.829478458,0
23.835283447,0
23.841088435,0
23.846893424,0
23.852698413,0
23.858503401,0
23.864308390,0
23.870113379,0
23.875918367,0
23.881723356,0
23.887528345,0
23.893333333,0
23.899138322,0
23.904943311,0
23.910748299,0
23.916553288,0
23.922358277,0
23.928163265,0
23.933968254,0
23.939773243,0
23.945578231,0
23.951383220,0
23.957188209,0
23.962993197,0
23.968798186,0
23.974603175,0
23.980408163,0
23.986213152,0
23.992018141,0
23.997823129,0
24.003628118,0
24.009433107,0
24.015238095,0
24.021043084,0
24.026848073,0
24.032653061,0
24.038458050,0
24.044263039,0
24.050068027,0
24.055873016,0
24.061678005,0
24.067482993,0
24.073287982,0
24.079092971,0
24.084897959,0
24.090702948,0
24.096507937,0
24.102312925,0
24.108117914,0
24.113922902,0
24.119727891,0
24.125532880,0
24.131337868,0
24.137142857,0
24.142947846,0
24.148752834,0
24.154557823,0
24.160362812,0
24.166167800,0
24.171972789,0
24.177777778,0
24.183582766,0
24.189387755,0
24.195192744,0
24.200997732,0
24.206802721,0
24.212607710,0
24.218412698,0
24.224217687,0
24.230022676,0
24.235827664,0
24.241632653,0
24.247437642,0
24.253242630,0
24.259047619,0
24.264852608,0
24.270657596,0
24.276462585,0
24.282267574,0
24.288072562,0
24.293877551,0
24.299682540,0
24.305487528,0
24.311292517,0
24.317097506,0
24.322902494,0
24.328707483,0
24.334512472,0
24.340317460,0
24.346122449,0
24.351927438,0
24.357732426,0
24.363537415,0
24.369342404,0
24.375147392,0
24.380952381,0
24.386757370,0
24.392562358,0
24.398367347,0
24.404172336,0
24.409977324,0
24.415782313,0
24.421587302,0
24.427392290,0
24.433197279,0
24.439002268,0
24.444807256,0
24.450612245,0
24.456417234,0
24.462222222,0
24.468027211,0
24.473832200,0
24.479637188,0
24.485442177,0
24.491247166,0
24.497052154,0
24.502857143,0
24.508662132,0
24.514467120,0
24.520272109,0
24.526077098,0
24.531882086,0
24.537687075,0
24.543492063,0
24.549297052,0
24.555102041,0
24.560907029,0
24.566712018,0
24.572517007,0
24.578321995,0
24.584126984,0
24.589931973,0
24.595736961,0
24.601541950,0
24.607346939,0
24.613151927,0
24.618956916,0
