0.000000000,2.52549e-5
0.005804989,8.73886e-5
0.011609977,0.000153269
0.017414966,0.00015185
0.023219955,0.000349783
0.029024943,0.000474912
0.034829932,0.00187332
0.040634921,0.00427363
0.046439909,0.0291471
0.052244898,0.0436315
0.058049887,0.0692709
0.063854875,0.0780377
0.069659864,0.0874526
0.075464853,0.0948894
0.081269841,0.0758
0.087074830,0.0674624
0.092879819,0.0488502
0.098684807,0.0524733
0.104489796,0.0578308
0.110294785,0.0567094
0.116099773,0.0559168
0.121904762,0.0569005
0.127709751,0.0568858
0.133514739,0.0549664
0.139319728,0.0500884
0.145124717,0.0445518
0.150929705,0.0423624
0.156734694,0.0373785
0.162539683,0.0245149
0.168344671,0.0175358
0.174149660,0.0130791
0.179954649,0.0124857
0.185759637,0.0100346
0.191564626,0.0112186
0.197369615,0.0112457
0.203174603,0.0127055
0.208979592,0.0137509
0.214784580,0.012864
0.220589569,0.0114597
0.226394558,0.00995639
0.232199546,0.00804817
0.238004535,0.00534317
0.243809524,0.00361492
0.249614512,0.00201047
0.255419501,0.00156505
0.261224490,0.00125918
0.267029478,0.00114751
0.272834467,0.00120837
0.278639456,0.00085628
0.284444444,0.000999955
0.290249433,0.00136864
0.296054422,0.00194216
0.301859410,0.00490966
0.307664399,0.0176201
0.313469388,0.0380876
0.319274376,0.0455234
0.325079365,0.0379438
0.330884354,0.0305276
0.336689342,0.0175951
0.342494331,0.0085815
0.348299320,0.00672819
0.354104308,0.00292677
0.359909297,0.00231051
0.365714286,0.00323849
0.371519274,0.00461838
0.377324263,0.00463367
0.383129252,0.00696845
0.388934240,0.00698883
0.394739229,0.00865544
0.400544218,0.00727768
0.406349206,0.013677
0.412154195,0.0339343
0.417959184,0.0573716
0.423764172,0.0804509
0.429569161,0.0903885
0.435374150,0.0969594
0.441179138,0.0938885
0.446984127,0.0979526
0.452789116,0.0926827
0.458594104,0.078717
0.464399093,0.0566077
0.470204082,0.0507786
0.476009070,0.0431765
0.481814059,0.0441848
0.487619048,0.0359945
0.493424036,0.0336969
0.499229025,0.0294944
0.505034014,0.0301431
0.510839002,0.0345915
0.516643991,0.0374261
0.522448980,0.036731
0.528253968,0.0403821
0.534058957,0.0391554
0.539863946,0.0463219
0.545668934,0.0482035
0.551473923,0.0538739
0.557278912,0.05997
0.563083900,0.0543712
0.568888889,0.0463358
0.574693878,0.0414338
0.580498866,0.0364456
0.586303855,0.0228656
0.592108844,0.0178342
0.597913832,0.0170984
0.603718821,0.01557
0.609523810,0.0131845
0.615328798,0.0135178
0.621133787,0.0128516
0.626938776,0.0131025
0.632743764,0.0143281
0.638548753,0.013899
0.644353741,0.0147299
0.650158730,0.0133734
0.655963719,0.0145394
0.661768707,0.013631
0.667573696,0.0147825
0.673378685,0.0167429
0.679183673,0.0153037
0.684988662,0.0168289
0.690793651,0.0137865
0.696598639,0.0104904
0.702403628,0.00754573
0.708208617,0.0134983
0.714013605,0.0614357
0.719818594,0.0966298
0.725623583,0.114935
0.731428571,0.126714
0.737233560,0.125393
0.743038549,0.119487
0.748843537,0.125193
0.754648526,0.129489
0.760453515,0.131393
0.766258503,0.128513
0.772063492,0.12991
0.777868481,0.12679
0.783673469,0.114549
0.789478458,0.127836
0.795283447,0.0947287
0.801088435,0.127822
0.806893424,0.113559
0.812698413,0.126673
0.818503401,0.124272
0.824308390,0.101568
0.830113379,0.10917
0.835918367,0.0890736
0.841723356,0.103321
0.847528345,0.0947965
0.853333333,0.0713149
0.859138322,0.0625867
0.864943311,0.0581821
0.870748299,0.06247
0.876553288,0.0581589
0.882358277,0.0607919
0.888163265,0.059149
0.893968254,0.058323
0.899773243,0.0573274
0.905578231,0.0551862
0.911383220,0.0509448
0.917188209,0.0502566
0.922993197,0.0495312
0.928798186,0.0504114
0.934603175,0.0501088
0.940408163,0.0532137
0.946213152,0.0624064
0.952018141,0.0698842
0.957823129,0.0811931
0.963628118,0.0752077
0.969433107,0.0755834
0.975238095,0.0743517
0.981043084,0.0748077
0.986848073,0.0715173
0.992653061,0.0702818
0.998458050,0.0700354
1.004263039,0.0671458
1.010068027,0.0679949
1.015873016,0.0674293
1.021678005,0.066463
1.027482993,0.0621982
1.033287982,0.0579897
1.039092971,0.0466741
1.044897959,0.0414737
1.050702948,0.0377047
1.056507937,0.0309392
1.062312925,0.0255415
1.068117914,0.0235977
1.073922902,0.0271799
1.079727891,0.034215
1.085532880,0.0365444
1.091337868,0.0363259
1.097142857,0.0393058
1.102947846,0.0366125
1.108752834,0.0347498
1.114557823,0.0316897
1.120362812,0.0315308
1.126167800,0.0373488
1.131972789,0.045515
1.137777778,0.0522632
1.143582766,0.0585276
1.149387755,0.058542
1.155192744,0.0692004
1.160997732,0.0733885
1.166802721,0.0751373
1.172607710,0.075507
1.178412698,0.0727103
1.184217687,0.0798435
1.190022676,0.0714961
1.195827664,0.0754019
1.201632653,0.0803055
1.207437642,0.080215
1.213242630,0.073845
1.219047619,0.0736047
1.224852608,0.0678404
1.230657596,0.0490972
1.236462585,0.043899
1.242267574,0.0353227
1.248072562,0.0230066
1.253877551,0.0164708
1.259682540,0.0132163
1.265487528,0.0115007
1.271292517,0.00893069
1.277097506,0.00604293
1.282902494,0.00495909
1.288707483,0.00430333
1.294512472,0.00380446
1.300317460,0.00253326
1.306122449,0.00223426
1.311927438,0.00183245
1.317732426,0.00195491
1.323537415,0.00344449
1.329342404,0.0042714
1.335147392,0.00953007
1.340952381,0.00762303
1.346757370,0.00684433
1.352562358,0.00651835
1.358367347,0.013739
1.364172336,0.0111624
1.369977324,0.0263587
1.375782313,0.0249223
1.381587302,0.0386602
1.387392290,0.0475298
1.393197279,0.0541675
1.399002268,0.0627059
1.404807256,0.0624083
1.410612245,0.0661052
1.416417234,0.0763773
1.422222222,0.0774631
1.428027211,0.0818129
1.433832200,0.084015
1.439637188,0.0869022
1.445442177,0.085885
1.451247166,0.0915274
1.457052154,0.0924385
1.462857143,0.0959099
1.468662132,0.0973547
1.474467120,0.0931488
1.480272109,0.092752
1.486077098,0.0893222
1.491882086,0.0932385
1.497687075,0.0888612
1.503492063,0.0785656
1.509297052,0.0656498
1.515102041,0.0639539
1.520907029,0.055481
1.526712018,0.0362048
1.532517007,0.0329072
1.538321995,0.0413951
1.544126984,0.0324007
1.549931973,0.0332852
1.555736961,0.0279973
1.561541950,0.0263733
1.567346939,0.0224601
1.573151927,0.026528
1.578956916,0.0263274
1.584761905,0.0224238
1.590566893,0.0159586
1.596371882,0.0178807
1.602176871,0.011227
1.607981859,0.0261866
1.613786848,0.0286126
1.619591837,0.0305284
1.625396825,0.0510061
1.631201814,0.0438302
1.637006803,0.0454577
1.642811791,0.0707246
1.648616780,0.036661
1.654421769,0.0642481
1.660226757,0.049583
1.666031746,0.0279293
1.671836735,0.0472277
1.677641723,0.0249565
1.683446712,0.0323067
1.689251701,0.0453491
1.695056689,0.031509
1.700861678,0.0371362
1.706666667,0.0416319
1.712471655,0.0287021
1.718276644,0.0358789
1.724081633,0.047802
1.729886621,0.034227
1.735691610,0.0449438
1.741496599,0.0545112
1.747301587,0.0477074
1.753106576,0.0633671
1.758911565,0.100964
1.764716553,0.0670435
1.770521542,0.0609772
1.776326531,0.0817211
1.782131519,0.0673723
1.787936508,0.0618785
1.793741497,0.0767347
1.799546485,0.0797375
1.805351474,0.0574571
1.811156463,0.0582749
1.816961451,0.0763421
1.822766440,0.0843706
1.828571429,0.0549924
1.834376417,0.0686785
1.840181406,0.0820764
1.845986395,0.0909526
1.851791383,0.0736531
1.857596372,0.0610447
1.863401361,0.0904966
1.869206349,0.0946646
1.875011338,0.0887439
1.880816327,0.0822078
1.886621315,0.0948209
1.892426304,0.0997449
1.898231293,0.102486
1.904036281,0.0851147
1.909841270,0.0856889
1.915646259,0.0899697
1.921451247,0.0983122
1.927256236,0.0890645
1.933061224,0.0703716
1.938866213,0.079473
1.944671202,0.0907987
1.950476190,0.0846106
1.956281179,0.0682293
1.962086168,0.0592663
1.967891156,0.0668962
1.973696145,0.0673577
1.979501134,0.0319187
1.985306122,0.022264
1.991111111,0.0190576
1.996916100,0.011126
2.002721088,0.00929432
2.008526077,0.0117007
2.014331066,0.00894739
2.020136054,0.00519525
2.025941043,0.00673379
2.031746032,0.0062677
2.037551020,0.00374382
2.043356009,0.0068084
2.049160998,0.00645996
2.054965986,0.0036958
2.060770975,0.00645335
2.066575964,0.0119805
2.072380952,0.0155924
2.078185941,0.0219513
2.083990930,0.0255154
2.089795918,0.0320618
2.095600907,0.0334094
2.101405896,0.035033
2.107210884,0.060623
2.113015873,0.0521803
2.118820862,0.056897
2.124625850,0.0570735
2.130430839,0.0574723
2.136235828,0.0511014
2.142040816,0.0405206
2.147845805,0.0394423
2.153650794,0.0384119
2.159455782,0.0403571
2.165260771,0.0428708
2.171065760,0.0430644
2.176870748,0.0483945
2.182675737,0.0532027
2.188480726,0.0542369
2.194285714,0.0485054
2.200090703,0.0501888
2.205895692,0.0475175
2.211700680,0.040264
2.217505669,0.0339105
2.223310658,0.0317537
2.229115646,0.0190286
2.234920635,0.0151703
2.240725624,0.0150503
2.246530612,0.0153721
2.252335601,0.0215735
2.258140590,0.0267205
2.263945578,0.0262171
2.269750567,0.0203754
2.275555556,0.0213357
2.281360544,0.0168097
2.287165533,0.0165796
2.292970522,0.0187044
2.298775510,0.01434
2.304580499,0.019509
2.310385488,0.0160851
2.316190476,0.0164662
2.321995465,0.0158575
2.327800454,0.00839527
2.333605442,0.00526437
2.339410431,0.0036653
2.345215420,0.00345746
2.351020408,0.004225
2.356825397,0.0066517
2.362630385,0.00778725
2.368435374,0.00937977
2.374240363,0.00668719
2.380045351,0.00550595
2.385850340,0.0217011
2.391655329,0.0256026
2.397460317,0.0496506
2.403265306,0.0683554
2.409070295,0.0522933
2.414875283,0.048775
2.420680272,0.060602
2.426485261,0.0760739
2.432290249,0.0699824
2.438095238,0.0679157
2.443900227,0.0686694
2.449705215,0.072438
2.455510204,0.0662471
2.461315193,0.0527924
2.467120181,0.0499863
2.472925170,0.0452168
2.478730159,0.0322999
2.484535147,0.022822
2.490340136,0.0233892
2.496145125,0.0187385
2.501950113,0.0188184
2.507755102,0.016884
2.513560091,0.01961
2.519365079,0.0171536
2.525170068,0.019679
2.530975057,0.0202255
2.536780045,0.0227755
2.542585034,0.0290236
2.548390023,0.0249082
2.554195011,0.0252371
2.560000000,0.0251702
2.565804989,0.0173115
2.571609977,0.0144577
2.577414966,0.0106829
2.583219955,0.00840607
2.589024943,0.0172191
2.594829932,0.017137
2.600634921,0.0466437
2.606439909,0.0501635
2.612244898,0.0370187
2.618049887,0.0371037
2.623854875,0.0411652
2.629659864,0.0316559
2.635464853,0.0263422
2.641269841,0.0314285
2.647074830,0.0301577
2.652879819,0.0170455
2.658684807,0.0194066
2.664489796,0.0127169
2.670294785,0.00858175
2.676099773,0.0049186
2.681904762,0.00323494
2.687709751,0.00303676
2.693514739,0.00273212
2.699319728,0.00211285
2.705124717,0.00217967
2.710929705,0.00307627
2.716734694,0.00531495
2.722539683,0.00742767
2.728344671,0.007882
2.734149660,0.00584839
2.739954649,0.00659822
2.745759637,0.00532452
2.751564626,0.00514155
2.757369615,0.0124667
2.763174603,0.0236193
2.768979592,0.0338888
2.774784580,0.0481665
2.780589569,0.0475303
2.786394558,0.0387578
2.792199546,0.04268
2.798004535,0.0379295
2.803809524,0.0425973
2.809614512,0.0282666
2.815419501,0.0495465
2.821224490,0.0491469
2.827029478,0.0359668
2.832834467,0.0461207
2.838639456,0.0516327
2.844444444,0.0635238
2.850249433,0.0504611
2.856054422,0.0464551
2.861859410,0.0670907
2.867664399,0.0654127
2.873469388,0.0527887
2.879274376,0.0577734
2.885079365,0.0617582
2.890884354,0.0506233
2.896689342,0.0446529
2.902494331,0.0494876
2.908299320,0.0535065
2.914104308,0.0587304
2.919909297,0.0466736
2.925714286,0.0551488
2.931519274,0.053876
2.937324263,0.0394672
2.943129252,0.0384948
2.948934240,0.0383671
2.954739229,0.0225044
2.960544218,0.0176054
2.966349206,0.0141042
2.972154195,0.00687514
2.977959184,0.00936803
2.983764172,0.00725887
2.989569161,0.0063249
2.995374150,0.00587777
3.001179138,0.0035115
3.006984127,0.00666212
3.012789116,0.00319098
3.018594104,0.00448844
3.024399093,0.00344513
3.030204082,0.0028733
3.036009070,0.00579292
3.041814059,0.00658116
3.047619048,0.0142187
3.053424036,0.0291492
3.059229025,0.0204315
3.065034014,0.0316471
3.070839002,0.0250137
3.076643991,0.0201307
3.082448980,0.0303985
3.088253968,0.0143211
3.094058957,0.0202971
3.099863946,0.0174828
3.105668934,0.01452
3.111473923,0.0251776
3.117278912,0.0176932
3.123083900,0.0190549
3.128888889,0.0270187
3.134693878,0.0211665
3.140498866,0.0251737
3.146303855,0.0330614
3.152108844,0.0242046
3.157913832,0.0300655
3.163718821,0.0381943
3.169523810,0.0342349
3.175328798,0.0332109
3.181133787,0.0448989
3.186938776,0.0528313
3.192743764,0.0500524
3.198548753,0.0473302
3.204353741,0.0567391
3.210158730,0.0555541
3.215963719,0.0498467
3.221768707,0.0491079
3.227573696,0.0495192
3.233378685,0.0466739
3.239183673,0.0495314
3.244988662,0.0513202
3.250793651,0.0483906
3.256598639,0.0446812
3.262403628,0.0405192
3.268208617,0.0364603
3.274013605,0.0355002
3.279818594,0.0340886
3.285623583,0.0371154
3.291428571,0.0218232
3.297233560,0.0206688
3.303038549,0.0127504
3.308843537,0.0121306
3.314648526,0.00856604
3.320453515,0.0179639
3.326258503,0.012299
3.332063492,0.0119307
3.337868481,0.0166869
3.343673469,0.00713602
3.349478458,0.0153949
3.355283447,0.00871083
3.361088435,0.0208083
3.366893424,0.0114049
3.372698413,0.0230454
3.378503401,0.0255963
3.384308390,0.0334276
3.390113379,0.0185179
3.395918367,0.0228127
3.401723356,0.0590822
3.407528345,0.0432579
3.413333333,0.0632456
3.419138322,0.0612764
3.424943311,0.06905
3.430748299,0.0686037
3.436553288,0.0607978
3.442358277,0.11584
3.448163265,0.107553
3.453968254,0.080246
3.459773243,0.10477
3.465578231,0.099993
3.471383220,0.107488
3.477188209,0.0869015
3.482993197,0.104404
3.488798186,0.114293
3.494603175,0.112405
3.500408163,0.0974019
3.506213152,0.0998813
3.512018141,0.0583891
3.517823129,0.0539174
3.523628118,0.0279464
3.529433107,0.0251304
3.535238095,0.0171476
3.541043084,0.0106011
3.546848073,0.0105879
3.552653061,0.00787611
3.558458050,0.00707188
3.564263039,0.00593721
3.570068027,0.00455023
3.575873016,0.00474573
3.581678005,0.004881
3.587482993,0.00501902
3.593287982,0.00502476
3.599092971,0.00559243
3.604897959,0.00566059
3.610702948,0.0045505
3.616507937,0.00401172
3.622312925,0.00314495
3.628117914,0.00354886
3.633922902,0.0127373
3.639727891,0.0143009
3.645532880,0.037838
3.651337868,0.0322662
3.657142857,0.0235599
3.662947846,0.0266316
3.668752834,0.021686
3.674557823,0.0122937
3.680362812,0.0150834
3.686167800,0.011188
3.691972789,0.0134046
3.697777778,0.012203
3.703582766,0.0127349
3.709387755,0.0126165
3.715192744,0.0109437
3.720997732,0.012134
3.726802721,0.0109726
3.732607710,0.00997734
3.738412698,0.00905106
3.744217687,0.00877081
3.750022676,0.00895656
3.755827664,0.00751335
3.761632653,0.00786005
3.767437642,0.00921255
3.773242630,0.00807874
3.779047619,0.00919871
3.784852608,0.00834015
3.790657596,0.00810718
3.796462585,0.00637637
3.802267574,0.0053086
3.808072562,0.0044042
3.813877551,0.00338675
3.819682540,0.00287915
3.825487528,0.00748543
3.831292517,0.0113826
3.837097506,0.0284285
3.842902494,0.0358239
3.848707483,0.0235374
3.854512472,0.0410904
3.860317460,0.0256036
3.866122449,0.0223018
3.871927438,0.0302541
3.877732426,0.014892
3.883537415,0.0231746
3.889342404,0.0160186
3.895147392,0.0123217
3.900952381,0.0113154
3.906757370,0.0055491
3.912562358,0.00723355
3.918367347,0.00462729
3.924172336,0.00505621
3.929977324,0.00420382
3.935782313,0.00423707
3.941587302,0.00428131
3.947392290,0.00382648
3.953197279,0.00366384
3.959002268,0.00425909
3.964807256,0.00509811
3.970612245,0.00458374
3.976417234,0.00490367
3.982222222,0.00367685
3.988027211,0.00535041
3.993832200,0.00499545
3.999637188,0.00492229
4.005442177,0.00301578
4.011247166,0.00244574
4.017052154,0.00239109
4.022857143,0.00181744
4.028662132,0.00193896
4.034467120,0.00190963
4.040272109,0.00149034
4.046077098,0.00162276
4.051882086,0.00124715
4.057687075,0.00142119
4.063492063,0.00130627
4.069297052,0.00107271
4.075102041,0.00134151
4.080907029,0.000981182
4.086712018,0.00106631
4.092517007,0.000849187
4.098321995,0.000791169
4.104126984,0.000617718
4.109931973,0.00058164
4.115736961,0.000609561
4.121541950,0.00203178
4.127346939,0.00798435
4.133151927,0.0189217
4.138956916,0.0230814
4.144761905,0.0272792
4.150566893,0.0279836
4.156371882,0.0356695
4.162176871,0.0400015
4.167981859,0.0388459
4.173786848,0.0369329
4.179591837,0.0407314
4.185396825,0.042291
4.191201814,0.0407871
4.197006803,0.0395776
4.202811791,0.0381902
4.208616780,0.039102
4.214421769,0.0376123
4.220226757,0.039627
4.226031746,0.0409035
4.231836735,0.0429133
4.237641723,0.045345
4.243446712,0.0506195
4.249251701,0.0578278
4.255056689,0.0631579
4.260861678,0.0678873
4.266666667,0.0721061
4.272471655,0.0796902
4.278276644,0.0811534
4.284081633,0.0750933
4.289886621,0.0716972
4.295691610,0.0815688
4.301496599,0.0873888
4.307301587,0.07914
4.313106576,0.0712911
4.318911565,0.073185
4.324716553,0.076462
4.330521542,0.0764583
4.336326531,0.0674671
4.342131519,0.0648548
4.347936508,0.0626574
4.353741497,0.0539942
4.359546485,0.0587372
4.365351474,0.0573858
4.371156463,0.0664023
4.376961451,0.0627175
4.382766440,0.0543455
4.388571429,0.0541971
4.394376417,0.0502603
4.400181406,0.050829
4.405986395,0.0560231
4.411791383,0.0546021
4.417596372,0.0343175
4.423401361,0.0298272
4.429206349,0.0169455
4.435011338,0.00754145
4.440816327,0.0084443
4.446621315,0.00629209
4.452426304,0.00358529
4.458231293,0.00292381
4.464036281,0.00181879
4.469841270,0.00141739
4.475646259,0.00166434
4.481451247,0.00183136
4.487256236,0.0036674
4.493061224,0.00542294
4.498866213,0.00588889
4.504671202,0.0103291
4.510476190,0.0151621
4.516281179,0.0124832
4.522086168,0.0178107
4.527891156,0.0177037
4.533696145,0.0222264
4.539501134,0.0152869
4.545306122,0.0100653
4.551111111,0.0059195
4.556916100,0.00499432
4.562721088,0.0123224
4.568526077,0.0132931
4.574331066,0.0389716
4.580136054,0.0465639
4.585941043,0.0307791
4.591746032,0.054611
4.597551020,0.0569212
4.603356009,0.0384258
4.609160998,0.0493211
4.614965986,0.0500031
4.620770975,0.0551646
4.626575964,0.0637198
4.632380952,0.050415
4.638185941,0.0903759
4.643990930,0.0717157
4.649795918,0.0697354
4.655600907,0.0839036
4.661405896,0.0709229
4.667210884,0.059583
4.673015873,0.0634454
4.678820862,0.064254
4.684625850,0.0412317
4.690430839,0.0407679
4.696235828,0.0394475
4.702040816,0.0179713
4.707845805,0.0182644
4.713650794,0.0119221
4.719455782,0.0125137
4.725260771,0.0123953
4.731065760,0.0162968
4.736870748,0.0180975
4.742675737,0.0203545
4.748480726,0.0206693
4.754285714,0.0201041
4.760090703,0.0162467
4.765895692,0.0162797
4.771700680,0.0140909
4.777505669,0.0164311
4.783310658,0.0150573
4.789115646,0.0155089
4.794920635,0.0159239
4.800725624,0.0149775
4.806530612,0.01466
4.812335601,0.0107586
4.818140590,0.00797906
4.823945578,0.00436362
4.829750567,0.0026264
4.835555556,0.00173212
4.841360544,0.00143079
4.847165533,0.0015258
4.852970522,0.00131337
4.858775510,0.00185876
4.864580499,0.00277889
4.870385488,0.00301198
4.876190476,0.00499117
4.881995465,0.00481413
4.887800454,0.00531288
4.893605442,0.00470882
4.899410431,0.00468051
4.905215420,0.00544569
4.911020408,0.00547242
4.916825397,0.00600587
4.922630385,0.00535444
4.928435374,0.00520639
4.934240363,0.0049685
4.940045351,0.0045617
4.945850340,0.00476783
4.951655329,0.0044693
4.957460317,0.00389187
4.963265306,0.00512054
4.969070295,0.00302496
4.974875283,0.00323781
4.980680272,0.00307419
4.986485261,0.00249651
4.992290249,0.00278544
4.998095238,0.00248611
5.003900227,0.0023081
5.009705215,0.00184928
5.015510204,0.00190551
5.021315193,0.00161829
5.027120181,0.00134552
5.032925170,0.000994547
5.038730159,0.000921063
5.044535147,0.000834601
5.050340136,0.000744165
5.056145125,0.000696519
5.061950113,0.000722968
5.067755102,0.00070919
5.073560091,0.000633692
5.079365079,0.000586705
5.085170068,0.000676111
5.090975057,0.000602863
5.096780045,0.000681293
5.102585034,0.000517352
5.108390023,0.000472376
5.114195011,0.000427096
5.120000000,0.000494952
5.125804989,0.000571846
5.131609977,0.000594055
5.137414966,0.00100436
5.143219955,0.00202065
5.149024943,0.0151822
5.154829932,0.0129958
5.160634921,0.0363979
5.166439909,0.0277234
5.172244898,0.0182805
5.178049887,0.0248841
5.183854875,0.0154958
5.189659864,0.0135912
5.195464853,0.0172785
5.201269841,0.010277
5.207074830,0.0124149
5.212879819,0.0129327
5.218684807,0.0104796
5.224489796,0.0151082
5.230294785,0.0133105
5.236099773,0.0152706
5.241904762,0.0171765
5.247709751,0.0213848
5.253514739,0.0312433
5.259319728,0.0408133
5.265124717,0.0590192
5.270929705,0.0855895
5.276734694,0.102205
5.282539683,0.111492
5.288344671,0.126091
5.294149660,0.120755
5.299954649,0.134379
5.305759637,0.142274
5.311564626,0.125508
5.317369615,0.11503
5.323174603,0.0867724
5.328979592,0.0427459
5.334784580,0.025759
5.340589569,0.0135083
5.346394558,0.00825311
5.352199546,0.00487744
5.358004535,0.00334601
5.363809524,0.00256252
5.369614512,0.00263102
5.375419501,0.0029103
5.381224490,0.00293075
5.387029478,0.00263029
5.392834467,0.0023574
5.398639456,0.00192605
5.404444444,0.00170284
5.410249433,0.00152191
5.416054422,0.00102096
5.421859410,0.00122491
5.427664399,0.00125581
5.433469388,0.00209052
5.439274376,0.00470791
5.445079365,0.00989678
5.450884354,0.0235734
5.456689342,0.0623787
5.462494331,0.0895229
5.468299320,0.0933964
5.474104308,0.0876893
5.479909297,0.0760286
5.485714286,0.0530181
5.491519274,0.0536278
5.497324263,0.0512356
5.503129252,0.0601324
5.508934240,0.0632463
5.514739229,0.0648108
5.520544218,0.0645781
5.526349206,0.063789
5.532154195,0.0624548
5.537959184,0.0627218
5.543764172,0.0601004
5.549569161,0.0625902
5.555374150,0.0657262
5.561179138,0.0568253
5.566984127,0.0450507
5.572789116,0.0436728
5.578594104,0.0329109
5.584399093,0.0260158
5.590204082,0.0203284
5.596009070,0.0293834
5.601814059,0.0302475
5.607619048,0.0271972
5.613424036,0.0257949
5.619229025,0.0294059
5.625034014,0.0268825
5.630839002,0.0225243
5.636643991,0.046736
5.642448980,0.0394482
5.648253968,0.0474973
5.654058957,0.0604267
5.659863946,0.0517188
5.665668934,0.0455877
5.671473923,0.052632
5.677278912,0.0363406
5.683083900,0.0239705
5.688888889,0.0279293
5.694693878,0.0230282
5.700498866,0.0161134
5.706303855,0.0213189
5.712108844,0.0182324
5.717913832,0.0136946
5.723718821,0.0212789
5.729523810,0.0220352
5.735328798,0.0173594
5.741133787,0.0230044
5.746938776,0.0291848
5.752743764,0.0337877
5.758548753,0.0409506
5.764353741,0.051619
5.770158730,0.083905
5.775963719,0.0862312
5.781768707,0.0825119
5.787573696,0.0900154
5.793378685,0.0954573
5.799183673,0.0928516
5.804988662,0.0840139
5.810793651,0.0789505
5.816598639,0.080323
5.822403628,0.0806487
5.828208617,0.0563807
5.834013605,0.0518304
5.839818594,0.0508276
5.845623583,0.056736
5.851428571,0.0575694
5.857233560,0.0598157
5.863038549,0.0594221
5.868843537,0.0580927
5.874648526,0.0547859
5.880453515,0.0537739
5.886258503,0.0530614
5.892063492,0.0531065
5.897868481,0.0516767
5.903673469,0.048416
5.909478458,0.0529584
5.915283447,0.0475719
5.921088435,0.0718199
5.926893424,0.0780612
5.932698413,0.0678709
5.938503401,0.0467198
5.944308390,0.0420358
5.950113379,0.0256908
5.955918367,0.0216457
5.961723356,0.0170508
5.967528345,0.0145834
5.973333333,0.011817
5.979138322,0.00995765
5.984943311,0.0078709
5.990748299,0.00784449
5.996553288,0.00692846
6.002358277,0.005485
6.008163265,0.00723792
6.013968254,0.00687263
6.019773243,0.0136424
6.025578231,0.0314375
6.031383220,0.0453518
6.037188209,0.0590047
6.042993197,0.0791071
6.048798186,0.0862532
6.054603175,0.0856605
6.060408163,0.0843777
6.066213152,0.0831578
6.072018141,0.0861823
6.077823129,0.0912653
6.083628118,0.0917424
6.089433107,0.0896139
6.095238095,0.0890694
6.101043084,0.0905827
6.106848073,0.0947906
6.112653061,0.101099
6.118458050,0.0947365
6.124263039,0.0769011
6.130068027,0.0667866
6.135873016,0.0547642
6.141678005,0.0365777
6.147482993,0.0378854
6.153287982,0.0191869
6.159092971,0.0277305
6.164897959,0.0087535
6.170702948,0.0124014
6.176507937,0.00573445
6.182312925,0.00354713
6.188117914,0.0100056
6.193922902,0.00338694
6.199727891,0.0044672
6.205532880,0.0022575
6.211337868,0.00152729
6.217142857,0.00158249
6.222947846,0.00152695
6.228752834,0.00152715
6.234557823,0.00103113
6.240362812,0.00132682
6.246167800,0.00181937
6.251972789,0.00133529
6.257777778,0.00150159
6.263582766,0.0014442
6.269387755,0.0010671
6.275192744,0.000896925
6.280997732,0.000820727
6.286802721,0.000708416
6.292607710,0.000729703
6.298412698,0.000820179
6.304217687,0.000744575
6.310022676,0.000809952
6.315827664,0.000677482
6.321632653,0.000639196
6.327437642,0.000671966
6.333242630,0.000618558
6.339047619,0.00054386
6.344852608,0.000504629
6.350657596,0.000526795
6.356462585,0.000462464
6.362267574,0.000508432
6.368072562,0.00040415
6.373877551,0.000420689
6.379682540,0.000448828
6.385487528,0.000391774
6.391292517,0.000408978
6.397097506,0.00038009
6.402902494,0.000383553
6.408707483,0.000362191
6.414512472,0.000367265
6.420317460,0.000353129
6.426122449,0.00034949
6.431927438,0.00033849
6.437732426,0.000344923
6.443537415,0.000372307
6.449342404,0.00034499
6.455147392,0.000359388
6.460952381,0.000359323
6.466757370,0.000341187
6.472562358,0.000352739
6.478367347,0.000327248
6.484172336,0.000365195
6.489977324,0.000345512
6.495782313,0.000338873
6.501587302,0.000324043
6.507392290,0.000285837
6.513197279,0.000312968
6.519002268,0.000380352
6.524807256,0.000415014
6.530612245,0.000429402
6.536417234,0.000370788
6.542222222,0.000311311
6.548027211,0.000298519
6.553832200,0.00038315
6.559637188,0.000822244
6.565442177,0.00338974
6.571247166,0.00448123
6.577052154,0.00532714
6.582857143,0.00598044
6.588662132,0.00699005
6.594467120,0.0079137
6.600272109,0.011571
6.606077098,0.0122396
6.611882086,0.0121759
6.617687075,0.00851555
6.623492063,0.00760749
6.629297052,0.0052638
6.635102041,0.00539167
6.640907029,0.00433116
6.646712018,0.0071087
6.652517007,0.0294001
6.658321995,0.0535453
6.664126984,0.078229
6.669931973,0.0967368
6.675736961,0.120397
6.681541950,0.134924
6.687346939,0.13591
6.693151927,0.137266
6.698956916,0.144184
6.704761905,0.150692
6.710566893,0.166842
6.716371882,0.153172
6.722176871,0.150002
6.727981859,0.149276
6.733786848,0.15705
6.739591837,0.154738
6.745396825,0.152284
6.751201814,0.12788
6.757006803,0.132352
6.762811791,0.103589
6.768616780,0.0989708
6.774421769,0.103852
6.780226757,0.100978
6.786031746,0.110806
6.791836735,0.1096
6.797641723,0.104959
6.803446712,0.090345
6.809251701,0.0887028
6.815056689,0.0862062
6.820861678,0.0864092
6.826666667,0.0867524
6.832471655,0.0829636
6.838276644,0.081712
6.844081633,0.0796078
6.849886621,0.0841053
6.855691610,0.101541
6.861496599,0.134509
6.867301587,0.131047
6.873106576,0.115987
6.878911565,0.121623
6.884716553,0.115835
6.890521542,0.117401
6.896326531,0.104238
6.902131519,0.0870093
6.907936508,0.0661018
6.913741497,0.0533476
6.919546485,0.0407659
6.925351474,0.0453986
6.931156463,0.0484269
6.936961451,0.0471934
6.942766440,0.0416334
6.948571429,0.0367526
6.954376417,0.0358965
6.960181406,0.0357284
6.965986395,0.0332577
6.971791383,0.0288452
6.977596372,0.0292674
6.983401361,0.0289416
6.989206349,0.029042
6.995011338,0.0370604
7.000816327,0.035113
7.006621315,0.0423161
7.012426304,0.0451319
7.018231293,0.031003
7.024036281,0.027785
7.029841270,0.032172
7.035646259,0.0364079
7.041451247,0.0355401
7.047256236,0.0337724
7.053061224,0.0367585
7.058866213,0.03534
7.064671202,0.0343246
7.070476190,0.0319289
7.076281179,0.0389286
7.082086168,0.0357487
7.087891156,0.0301384
7.093696145,0.0414717
7.099501134,0.0394697
7.105306122,0.0301611
7.111111111,0.0345526
7.116916100,0.0392274
7.122721088,0.0238025
7.128526077,0.0240496
7.134331066,0.0226957
7.140136054,0.0112334
7.145941043,0.0120891
7.151746032,0.00866337
7.157551020,0.00516229
7.163356009,0.00699782
7.169160998,0.00637191
7.174965986,0.00669188
7.180770975,0.0123373
7.186575964,0.0235132
7.192380952,0.0291573
7.198185941,0.0501145
7.203990930,0.0592971
7.209795918,0.063378
7.215600907,0.0766853
7.221405896,0.0697823
7.227210884,0.0838047
7.233015873,0.0873702
7.238820862,0.0723274
7.244625850,0.0861545
7.250430839,0.0883615
7.256235828,0.0807845
7.262040816,0.0782794
7.267845805,0.0805629
7.273650794,0.0777565
7.279455782,0.0765854
7.285260771,0.0749109
7.291065760,0.067988
7.296870748,0.0709794
7.302675737,0.0667878
7.308480726,0.0621555
7.314285714,0.0582957
7.320090703,0.0565142
7.325895692,0.0553328
7.331700680,0.0459003
7.337505669,0.0218265
7.343310658,0.0191766
7.349115646,0.0158175
7.354920635,0.0127584
7.360725624,0.0108314
7.366530612,0.00980404
7.372335601,0.00828408
7.378140590,0.00672534
7.383945578,0.00610104
7.389750567,0.008962
7.395555556,0.0114091
7.401360544,0.0141799
7.407165533,0.0184974
7.412970522,0.019897
7.418775510,0.0284002
7.424580499,0.0344275
7.430385488,0.0311144
7.436190476,0.0319669
7.441995465,0.0310544
7.447800454,0.0194038
7.453605442,0.0229796
7.459410431,0.0137656
7.465215420,0.00966455
7.471020408,0.0101579
7.476825397,0.00740905
7.482630385,0.00733995
7.488435374,0.0122023
7.494240363,0.0189574
7.500045351,0.0305113
7.505850340,0.0369926
7.511655329,0.0446434
7.517460317,0.0562681
7.523265306,0.0578519
7.529070295,0.0479796
7.534875283,0.0538137
7.540680272,0.0494908
7.546485261,0.031087
7.552290249,0.0380786
7.558095238,0.0398427
7.563900227,0.0301215
7.569705215,0.0242445
7.575510204,0.0279447
7.581315193,0.0283695
7.587120181,0.0182523
7.592925170,0.0235516
7.598730159,0.0301818
7.604535147,0.00974365
7.610340136,0.0117252
7.616145125,0.0103172
7.621950113,0.0160273
7.627755102,0.00526859
7.633560091,0.0134679
7.639365079,0.0117065
7.645170068,0.0106897
7.650975057,0.0141256
7.656780045,0.00955723
7.662585034,0.0169375
7.668390023,0.0169412
7.674195011,0.0138818
7.680000000,0.0231073
7.685804989,0.0249529
7.691609977,0.018182
7.697414966,0.0259238
7.703219955,0.0264086
7.709024943,0.0184658
7.714829932,0.0264978
7.720634921,0.0333303
7.726439909,0.0176004
7.732244898,0.0330994
7.738049887,0.0304993
7.743854875,0.0219576
7.749659864,0.0322616
7.755464853,0.0303402
7.761269841,0.0116783
7.767074830,0.0143071
7.772879819,0.00518033
7.778684807,0.00435335
7.784489796,0.00375736
7.790294785,0.00324275
7.796099773,0.00656394
7.801904762,0.00904185
7.807709751,0.0116142
7.813514739,0.0118147
7.819319728,0.0139768
7.825124717,0.0126335
7.830929705,0.0121407
7.836734694,0.0101287
7.842539683,0.00904284
7.848344671,0.00720586
7.854149660,0.0136085
7.859954649,0.0153547
7.865759637,0.0303105
7.871564626,0.0349784
7.877369615,0.0282657
7.883174603,0.0281878
7.888979592,0.0394405
7.894784580,0.0260954
7.900589569,0.0232017
7.906394558,0.0280904
7.912199546,0.0227192
7.918004535,0.0199895
7.923809524,0.0238552
7.929614512,0.0198189
7.935419501,0.0224914
7.941224490,0.0201805
7.947029478,0.0217182
7.952834467,0.0170654
7.958639456,0.0141678
7.964444444,0.00690301
7.970249433,0.00490164
7.976054422,0.00355388
7.981859410,0.00342656
7.987664399,0.00283484
7.993469388,0.00269135
7.999274376,0.00269964
8.005079365,0.00311542
8.010884354,0.00583785
8.016689342,0.00774961
8.022494331,0.0210188
8.028299320,0.0225834
8.034104308,0.0233856
8.039909297,0.0410111
8.045714286,0.0329159
8.051519274,0.0424598
8.057324263,0.0422592
8.063129252,0.0598805
8.068934240,0.0432559
8.074739229,0.0420849
8.080544218,0.0488691
8.086349206,0.0367759
8.092154195,0.0280438
8.097959184,0.0317755
8.103764172,0.0339791
8.109569161,0.0300491
8.115374150,0.033073
8.121179138,0.0349703
8.126984127,0.0285889
8.132789116,0.026954
8.138594104,0.0329627
8.144399093,0.0321798
8.150204082,0.0262969
8.156009070,0.0299371
8.161814059,0.0311796
8.167619048,0.0255672
8.173424036,0.025814
8.179229025,0.0263894
8.185034014,0.0263402
8.190839002,0.0250269
8.196643991,0.0242251
8.202448980,0.024388
8.208253968,0.023607
8.214058957,0.0212132
8.219863946,0.0209885
8.225668934,0.0205296
8.231473923,0.015322
8.237278912,0.0165193
8.243083900,0.0158179
8.248888889,0.0102485
8.254693878,0.0113
8.260498866,0.0148773
8.266303855,0.021404
8.272108844,0.031519
8.277913832,0.0391572
8.283718821,0.0613332
8.289523810,0.068501
8.295328798,0.0633194
8.301133787,0.0740896
8.306938776,0.0833022
8.312743764,0.081826
8.318548753,0.0766385
8.324353741,0.0727879
8.330158730,0.070333
8.335963719,0.0742297
8.341768707,0.0760302
8.347573696,0.0801731
8.353378685,0.0827854
8.359183673,0.0806257
8.364988662,0.0766643
8.370793651,0.0766148
8.376598639,0.077126
8.382403628,0.0798454
8.388208617,0.0872831
8.394013605,0.0881034
8.399818594,0.0872025
8.405623583,0.0835867
8.411428571,0.0846556
8.417233560,0.0889366
8.423038549,0.095358
8.428843537,0.0966615
8.434648526,0.084749
8.440453515,0.0883469
8.446258503,0.0908634
8.452063492,0.0930173
8.457868481,0.0830235
8.463673469,0.0783746
8.469478458,0.0781506
8.475283447,0.0790556
8.481088435,0.0699174
8.486893424,0.0599225
8.492698413,0.0529163
8.498503401,0.0463435
8.504308390,0.0388627
8.510113379,0.0374592
8.515918367,0.0346053
8.521723356,0.0304112
8.527528345,0.0259262
8.533333333,0.0172151
8.539138322,0.0156299
8.544943311,0.0126853
8.550748299,0.00566333
8.556553288,0.00473682
8.562358277,0.00267458
8.568163265,0.00186052
8.573968254,0.00160564
8.579773243,0.00122909
8.585578231,0.0014278
8.591383220,0.00174543
8.597188209,0.00219127
8.602993197,0.0025755
8.608798186,0.00267532
8.614603175,0.00319474
8.620408163,0.00291561
8.626213152,0.00310239
8.632018141,0.00297552
8.637823129,0.00355393
8.643628118,0.00343525
8.649433107,0.00346676
8.655238095,0.00348864
8.661043084,0.0039544
8.666848073,0.00394558
8.672653061,0.00396007
8.678458050,0.00407791
8.684263039,0.00373606
8.690068027,0.00422382
8.695873016,0.00447408
8.701678005,0.0045627
8.707482993,0.00414462
8.713287982,0.00387111
8.719092971,0.00423894
8.724897959,0.00410948
8.730702948,0.00435317
8.736507937,0.00436025
8.742312925,0.00465857
8.748117914,0.00534684
8.753922902,0.00449853
8.759727891,0.00439476
8.765532880,0.00458733
8.771337868,0.00419987
8.777142857,0.00438981
8.782947846,0.00343829
8.788752834,0.00351352
8.794557823,0.00299444
8.800362812,0.00368406
8.806167800,0.00359001
8.811972789,0.00291666
8.817777778,0.00376714
8.823582766,0.00379993
8.829387755,0.00354286
8.835192744,0.00306863
8.840997732,0.00288065
8.846802721,0.00186583
8.852607710,0.00148795
8.858412698,0.000985372
8.864217687,0.000951641
8.870022676,0.0010441
8.875827664,0.00104139
8.881632653,0.00121761
8.887437642,0.00131913
8.893242630,0.00113393
8.899047619,0.0033345
8.904852608,0.00386257
8.910657596,0.00534686
8.916462585,0.00813649
8.922267574,0.0101267
8.928072562,0.0712352
8.933877551,0.0556088
8.939682540,0.109482
8.945487528,0.111498
8.951292517,0.159423
8.957097506,0.12536
8.962902494,0.159174
8.968707483,0.164511
8.974512472,0.164085
8.980317460,0.150681
8.986122449,0.155739
8.991927438,0.172909
8.997732426,0.188576
9.003537415,0.169796
9.009342404,0.134498
9.015147392,0.112208
9.020952381,0.094111
9.026757370,0.0813967
9.032562358,0.0698641
9.038367347,0.0629366
9.044172336,0.0557345
9.049977324,0.0487137
9.055782313,0.0420842
9.061587302,0.0443375
9.067392290,0.0394582
9.073197279,0.039355
9.079002268,0.0436905
9.084807256,0.0436713
9.090612245,0.0413716
9.096417234,0.042723
9.102222222,0.0468769
9.108027211,0.0537678
9.113832200,0.0685033
9.119637188,0.0635245
9.125442177,0.0620187
9.131247166,0.063622
9.137052154,0.0562822
9.142857143,0.0511572
9.148662132,0.0473183
9.154467120,0.0590077
9.160272109,0.0541479
9.166077098,0.0391996
9.171882086,0.048767
9.177687075,0.04501
9.183492063,0.0358751
9.189297052,0.0360368
9.195102041,0.0516458
9.200907029,0.0313467
9.206712018,0.0552546
9.212517007,0.0565894
9.218321995,0.0308471
9.224126984,0.0845734
9.229931973,0.0420556
9.235736961,0.046511
9.241541950,0.070288
9.247346939,0.0367272
9.253151927,0.0497226
9.258956916,0.0643936
9.264761905,0.0302815
9.270566893,0.0560918
9.276371882,0.0342613
9.282176871,0.0249449
9.287981859,0.0349165
9.293786848,0.0179313
9.299591837,0.0209694
9.305396825,0.00898559
9.311201814,0.0102375
9.317006803,0.0071331
9.322811791,0.0083044
9.328616780,0.00856757
9.334421769,0.0100194
9.340226757,0.00896826
9.346031746,0.00832846
9.351836735,0.0068852
9.357641723,0.0067238
9.363446712,0.00779589
9.369251701,0.00657467
9.375056689,0.00633418
9.380861678,0.00439161
9.386666667,0.00301074
9.392471655,0.00365106
9.398276644,0.00495635
9.404081633,0.0265714
9.409886621,0.0256962
9.415691610,0.0377817
9.421496599,0.051189
9.427301587,0.0450396
9.433106576,0.0431398
9.438911565,0.0680565
9.444716553,0.0413971
9.450521542,0.0388594
9.456326531,0.0441816
9.462131519,0.0191398
9.467936508,0.0214808
9.473741497,0.0236497
9.479546485,0.0132022
9.485351474,0.0247021
9.491156463,0.0136388
9.496961451,0.0139189
9.502766440,0.013136
9.508571429,0.0066027
9.514376417,0.00570547
9.520181406,0.00460992
9.525986395,0.00309396
9.531791383,0.00241006
9.537596372,0.00215889
9.543401361,0.00160216
9.549206349,0.00154592
9.555011338,0.00121079
9.560816327,0.00122763
9.566621315,0.00109968
9.572426304,0.00193539
9.578231293,0.00445642
9.584036281,0.00856424
9.589841270,0.0066452
9.595646259,0.00475365
9.601451247,0.0052769
9.607256236,0.00661631
9.613061224,0.00760214
9.618866213,0.00894926
9.624671202,0.0116984
9.630476190,0.0138203
9.636281179,0.0218643
9.642086168,0.030515
9.647891156,0.0338155
9.653696145,0.0336741
9.659501134,0.05694
9.665306122,0.0840276
9.671111111,0.0753375
9.676916100,0.110919
9.682721088,0.130763
9.688526077,0.142144
9.694331066,0.133581
9.700136054,0.175344
9.705941043,0.163651
9.711746032,0.136841
9.717551020,0.130765
9.723356009,0.125203
9.729160998,0.122547
9.734965986,0.146705
9.740770975,0.13932
9.746575964,0.0841016
9.752380952,0.103456
9.758185941,0.0966722
9.763990930,0.0732526
9.769795918,0.0574857
9.775600907,0.0572844
9.781405896,0.0487939
9.787210884,0.0397411
9.793015873,0.0283075
9.798820862,0.0240578
9.804625850,0.0164299
9.810430839,0.0161808
9.816235828,0.0188637
9.822040816,0.0228957
9.827845805,0.0265251
9.833650794,0.0297516
9.839455782,0.0345722
9.845260771,0.0416367
9.851065760,0.040672
9.856870748,0.04189
9.862675737,0.0346681
9.868480726,0.0254023
9.874285714,0.0151929
9.880090703,0.00986801
9.885895692,0.00531832
9.891700680,0.00396057
9.897505669,0.0027795
9.903310658,0.00288909
9.909115646,0.00333156
9.914920635,0.00553646
9.920725624,0.00867246
9.926530612,0.00941264
9.932335601,0.0144988
9.938140590,0.0184778
9.943945578,0.036209
9.949750567,0.0194801
9.955555556,0.0596544
9.961360544,0.0355453
9.967165533,0.0261909
9.972970522,0.0162583
9.978775510,0.0102511
9.984580499,0.0102083
9.990385488,0.00502453
9.996190476,0.00667317
10.001995465,0.00512507
10.007800454,0.00558768
10.013605442,0.00449592
10.019410431,0.00392678
10.025215420,0.00510546
10.031020408,0.00348681
10.036825397,0.00444156
10.042630385,0.00408865
10.048435374,0.0044965
10.054240363,0.00313872
10.060045351,0.00262187
10.065850340,0.00423007
10.071655329,0.00234958
10.077460317,0.0030208
10.083265306,0.0017055
10.089070295,0.00202315
10.094875283,0.00190038
10.100680272,0.00582914
10.106485261,0.00721029
10.112290249,0.0140336
10.118095238,0.0138828
10.123900227,0.0175337
10.129705215,0.01848
10.135510204,0.0139364
10.141315193,0.0221338
10.147120181,0.0222935
10.152925170,0.0234009
10.158730159,0.04032
10.164535147,0.0326729
10.170340136,0.0364363
10.176145125,0.0564813
10.181950113,0.0404565
10.187755102,0.0431177
10.193560091,0.0542672
10.199365079,0.0592371
10.205170068,0.0586757
10.210975057,0.0580649
10.216780045,0.0792142
10.222585034,0.0766892
10.228390023,0.065709
10.234195011,0.0852446
10.240000000,0.098299
10.245804989,0.0768891
10.251609977,0.0807971
10.257414966,0.100504
10.263219955,0.0956368
10.269024943,0.0748644
10.274829932,0.112072
10.280634921,0.103583
10.286439909,0.061827
10.292244898,0.0958339
10.298049887,0.107172
10.303854875,0.0599309
10.309659864,0.112253
10.315464853,0.0715036
10.321269841,0.0658635
10.327074830,0.0831727
10.332879819,0.0406979
10.338684807,0.063095
10.344489796,0.0595539
10.350294785,0.0328867
10.356099773,0.067226
10.361904762,0.0319377
10.367709751,0.0411333
10.373514739,0.0332429
10.379319728,0.0177243
10.385124717,0.0144712
10.390929705,0.00912422
10.396734694,0.00964178
10.402539683,0.00844828
10.408344671,0.00752655
10.414149660,0.00790528
10.419954649,0.00553521
10.425759637,0.00760049
10.431564626,0.00413016
10.437369615,0.00519689
10.443174603,0.00317837
10.448979592,0.00272476
10.454784580,0.00231009
10.460589569,0.00301853
10.466394558,0.0025759
10.472199546,0.00168212
10.478004535,0.00128601
10.483809524,0.00086424
10.489614512,0.000952119
10.495419501,0.00101603
10.501224490,0.000932269
10.507029478,0.00147507
10.512834467,0.001705
10.518639456,0.00229904
10.524444444,0.00234541
10.530249433,0.00291525
10.536054422,0.00290988
10.541859410,0.00297851
10.547664399,0.0029582
10.553469388,0.00264335
10.559274376,0.00362371
10.565079365,0.00284356
10.570884354,0.00299889
10.576689342,0.00256391
10.582494331,0.00266197
10.588299320,0.00253499
10.594104308,0.00264389
10.599909297,0.00254156
10.605714286,0.0028579
10.611519274,0.00270916
10.617324263,0.00281246
10.623129252,0.00306476
10.628934240,0.00220492
10.634739229,0.00250895
10.640544218,0.00221592
10.646349206,0.00230912
10.652154195,0.00189465
10.657959184,0.00191521
10.663764172,0.00188369
10.669569161,0.00197335
10.675374150,0.00201274
10.681179138,0.00178336
10.686984127,0.00185254
10.692789116,0.00170174
10.698594104,0.00157247
10.704399093,0.00172992
10.710204082,0.0022505
10.716009070,0.00173841
10.721814059,0.00227939
10.727619048,0.00191703
10.733424036,0.00190393
10.739229025,0.00133369
10.745034014,0.00096853
10.750839002,0.00078291
10.756643991,0.000613974
10.762448980,0.000688212
10.768253968,0.000570965
10.774058957,0.000624867
10.779863946,0.000571437
10.785668934,0.000468989
10.791473923,0.000475845
10.797278912,0.000453102
10.803083900,0.000711147
10.808888889,0.00281177
10.814693878,0.00594634
10.820498866,0.0210052
10.826303855,0.0288948
10.832108844,0.046564
10.837913832,0.0547865
10.843718821,0.0709621
10.849523810,0.071082
10.855328798,0.0695167
10.861133787,0.0671874
10.866938776,0.0727163
10.872743764,0.0732727
10.878548753,0.0607516
10.884353741,0.0507475
10.890158730,0.041006
10.895963719,0.0193621
10.901768707,0.0116615
10.907573696,0.00655369
10.913378685,0.00328225
10.919183673,0.00319698
10.924988662,0.0042959
10.930793651,0.00713513
10.936598639,0.0113308
10.942403628,0.0113911
10.948208617,0.0127756
10.954013605,0.0117261
10.959818594,0.0112488
10.965623583,0.011948
10.971428571,0.0222251
10.977233560,0.0489587
10.983038549,0.0686131
10.988843537,0.0720451
10.994648526,0.0606604
11.000453515,0.0645038
11.006258503,0.0691194
11.012063492,0.0754943
11.017868481,0.093769
11.023673469,0.106748
11.029478458,0.112447
11.035283447,0.11314
11.041088435,0.107235
11.046893424,0.113198
11.052698413,0.11192
11.058503401,0.110526
11.064308390,0.094037
11.070113379,0.0885854
11.075918367,0.0938312
11.081723356,0.0997573
11.087528345,0.0875159
11.093333333,0.0833559
11.099138322,0.087928
11.104943311,0.0835794
11.110748299,0.0798551
11.116553288,0.0777808
11.122358277,0.0774566
11.128163265,0.0972002
11.133968254,0.0760435
11.139773243,0.0718069
11.145578231,0.0829112
11.151383220,0.061749
11.157188209,0.0550114
11.162993197,0.0660796
11.168798186,0.0420072
11.174603175,0.0390123
11.180408163,0.0398485
11.186213152,0.033924
11.192018141,0.0216338
11.197823129,0.0279462
11.203628118,0.0072329
11.209433107,0.0108551
11.215238095,0.00905934
11.221043084,0.0101007
11.226848073,0.00470836
11.232653061,0.00351698
11.238458050,0.00258336
11.244263039,0.00300497
11.250068027,0.00437234
11.255873016,0.00396695
11.261678005,0.00828613
11.267482993,0.0054476
11.273287982,0.00863667
11.279092971,0.0107683
11.284897959,0.00992881
11.290702948,0.0143849
11.296507937,0.0119081
11.302312925,0.0123014
11.308117914,0.016128
11.313922902,0.0118907
11.319727891,0.0133613
11.325532880,0.0185408
11.331337868,0.0124882
11.337142857,0.0166364
11.342947846,0.0172061
11.348752834,0.0131486
11.354557823,0.0170075
11.360362812,0.0160662
11.366167800,0.0140328
11.371972789,0.0174066
11.377777778,0.0185485
11.383582766,0.0150271
11.389387755,0.0189703
11.395192744,0.0179191
11.400997732,0.0144621
11.406802721,0.0200753
11.412607710,0.0178713
11.418412698,0.0150679
11.424217687,0.0210448
11.430022676,0.0185575
11.435827664,0.0159231
11.441632653,0.0215559
11.447437642,0.0252876
11.453242630,0.0229486
11.459047619,0.023851
11.464852608,0.0351635
11.470657596,0.0390149
11.476462585,0.0438342
11.482267574,0.0571664
11.488072562,0.0731617
11.493877551,0.084496
11.499682540,0.0846683
11.505487528,0.0877564
11.511292517,0.0924432
11.517097506,0.0919394
11.522902494,0.0913883
11.528707483,0.0892549
11.534512472,0.087698
11.540317460,0.0866146
11.546122449,0.0854971
11.551927438,0.0925281
11.557732426,0.0973518
11.563537415,0.0834835
11.569342404,0.0926691
11.575147392,0.0843311
11.580952381,0.0875015
11.586757370,0.0686454
11.592562358,0.0692708
11.598367347,0.0642839
11.604172336,0.0828156
11.609977324,0.0522522
11.615782313,0.0444036
11.621587302,0.0435984
11.627392290,0.0460756
11.633197279,0.0227421
11.639002268,0.0367747
11.644807256,0.0352352
11.650612245,0.025656
11.656417234,0.0225922
11.662222222,0.0190447
11.668027211,0.0190721
11.673832200,0.0154193
11.679637188,0.0177409
11.685442177,0.011412
11.691247166,0.0142852
11.697052154,0.012144
11.702857143,0.0227065
11.708662132,0.0201675
11.714467120,0.0316604
11.720272109,0.031899
11.726077098,0.0376145
11.731882086,0.0447419
11.737687075,0.049665
11.743492063,0.0508733
11.749297052,0.0584239
11.755102041,0.0507426
11.760907029,0.0506541
11.766712018,0.0409363
11.772517007,0.0439837
11.778321995,0.0432755
11.784126984,0.0508
11.789931973,0.0364807
11.795736961,0.0468856
11.801541950,0.0456934
11.807346939,0.0468185
11.813151927,0.0381891
11.818956916,0.0427747
11.824761905,0.0394638
11.830566893,0.0418938
11.836371882,0.0479984
11.842176871,0.0434741
11.847981859,0.0468963
11.853786848,0.0436392
11.859591837,0.035561
11.865396825,0.0415895
11.871201814,0.041971
11.877006803,0.0408159
11.882811791,0.0355216
11.888616780,0.038273
11.894421769,0.0443627
11.900226757,0.0406131
11.906031746,0.0381572
11.911836735,0.0313593
11.917641723,0.0384927
11.923446712,0.0327849
11.929251701,0.0358973
11.935056689,0.025866
11.940861678,0.0314756
11.946666667,0.0240268
11.952471655,0.0281242
11.958276644,0.0274263
11.964081633,0.0301053
11.969886621,0.0356385
11.975691610,0.0265621
11.981496599,0.0185281
11.987301587,0.0111972
11.993106576,0.00898045
11.998911565,0.00553073
12.004716553,0.00687344
12.010521542,0.0237293
12.016326531,0.0313299
12.022131519,0.0583815
12.027936508,0.0546813
12.033741497,0.0522619
12.039546485,0.0685553
12.045351474,0.0617551
12.051156463,0.0477908
12.056961451,0.0548255
12.062766440,0.0617255
12.068571429,0.0352587
12.074376417,0.030538
12.080181406,0.0260237
12.085986395,0.012859
12.091791383,0.0146982
12.097596372,0.0131128
12.103401361,0.0123019
12.109206349,0.0168714
12.115011338,0.0269215
12.120816327,0.0494313
12.126621315,0.0505331
12.132426304,0.0658469
12.138231293,0.072819
12.144036281,0.0679891
12.149841270,0.0677098
12.155646259,0.0668743
12.161451247,0.0646304
12.167256236,0.0569034
12.173061224,0.0503109
12.178866213,0.0649515
12.184671202,0.0734442
12.190476190,0.046518
12.196281179,0.0717362
12.202086168,0.0808842
12.207891156,0.0511817
12.213696145,0.0608915
12.219501134,0.0658814
12.225306122,0.0491161
12.231111111,0.0438137
12.236916100,0.0597879
12.242721088,0.0448762
12.248526077,0.0355946
12.254331066,0.0455763
12.260136054,0.0509139
12.265941043,0.0393362
12.271746032,0.0415095
12.277551020,0.050404
12.283356009,0.0608926
12.289160998,0.0537858
12.294965986,0.0665569
12.300770975,0.0741678
12.306575964,0.0707841
12.312380952,0.0730572
12.318185941,0.0728777
12.323990930,0.0810866
12.329795918,0.0861638
12.335600907,0.0901102
12.341405896,0.0891787
12.347210884,0.0900798
12.353015873,0.0938475
12.358820862,0.0977081
12.364625850,0.0965267
12.370430839,0.0921969
12.376235828,0.0851412
12.382040816,0.091954
12.387845805,0.097908
12.393650794,0.0886812
12.399455782,0.0752583
12.405260771,0.0710249
12.411065760,0.0675434
12.416870748,0.0556331
12.422675737,0.0430319
12.428480726,0.0373586
12.434285714,0.0425496
12.440090703,0.0320633
12.445895692,0.0212796
12.451700680,0.0247086
12.457505669,0.0203528
12.463310658,0.0149184
12.469115646,0.0207345
12.474920635,0.0181028
12.480725624,0.0140982
12.486530612,0.0193628
12.492335601,0.019172
12.498140590,0.0148408
12.503945578,0.0232847
12.509750567,0.0264425
12.515555556,0.0206502
12.521360544,0.0370018
12.527165533,0.0373232
12.532970522,0.030772
12.538775510,0.0461868
12.544580499,0.0453301
12.550385488,0.0380867
12.556190476,0.042231
12.561995465,0.053049
12.567800454,0.0452757
12.573605442,0.0443055
12.579410431,0.0475355
12.585215420,0.0492522
12.591020408,0.0521799
12.596825397,0.0519729
12.602630385,0.064103
12.608435374,0.06995
12.614240363,0.071006
12.620045351,0.0722384
12.625850340,0.0768145
12.631655329,0.0812898
12.637460317,0.0782773
12.643265306,0.0779849
12.649070295,0.075474
12.654875283,0.077319
12.660680272,0.0745998
12.666485261,0.0781824
12.672290249,0.0727835
12.678095238,0.0684897
12.683900227,0.0667486
12.689705215,0.0490091
12.695510204,0.0392695
12.701315193,0.0394403
12.707120181,0.0276519
12.712925170,0.0226296
12.718730159,0.0216902
12.724535147,0.0321681
12.730340136,0.0341699
12.736145125,0.0351911
12.741950113,0.0379818
12.747755102,0.0384252
12.753560091,0.0382566
12.759365079,0.0378832
12.765170068,0.0401578
12.770975057,0.0382275
12.776780045,0.0349841
12.782585034,0.034843
12.788390023,0.0264636
12.794195011,0.02067
12.800000000,0.0196422
12.805804989,0.013058
12.811609977,0.0120713
12.817414966,0.00849122
12.823219955,0.0308027
12.829024943,0.0159243
12.834829932,0.0290346
12.840634921,0.0368033
12.846439909,0.0191483
12.852244898,0.0381417
12.858049887,0.0186242
12.863854875,0.0225547
12.869659864,0.0255663
12.875464853,0.0128629
12.881269841,0.0197372
12.887074830,0.0111786
12.892879819,0.0157791
12.898684807,0.0132561
12.904489796,0.0200477
12.910294785,0.0199487
12.916099773,0.0286568
12.921904762,0.0236368
12.927709751,0.034253
12.933514739,0.0295814
12.939319728,0.0288882
12.945124717,0.0273253
12.950929705,0.0248546
12.956734694,0.0190691
12.962539683,0.0116262
12.968344671,0.00530848
12.974149660,0.0031095
12.979954649,0.00183521
12.985759637,0.0016415
12.991564626,0.00160203
12.997369615,0.00138276
13.003174603,0.00149247
13.008979592,0.00256986
13.014784580,0.00355338
13.020589569,0.00736113
13.026394558,0.00421592
13.032199546,0.00375583
13.038004535,0.0033359
13.043809524,0.00448442
13.049614512,0.00724244
13.055419501,0.037471
13.061224490,0.0262976
13.067029478,0.0393402
13.072834467,0.0237256
13.078639456,0.0193363
13.084444444,0.0294236
13.090249433,0.0213578
13.096054422,0.0222207
13.101859410,0.0306487
13.107664399,0.0167581
13.113469388,0.0289931
13.119274376,0.0240141
13.125079365,0.016048
13.130884354,0.0287014
13.136689342,0.0136097
13.142494331,0.0199658
13.148299320,0.0156801
13.154104308,0.00977647
13.159909297,0.0104634
13.165714286,0.00474071
13.171519274,0.00586342
13.177324263,0.00376211
13.183129252,0.00467813
13.188934240,0.00964072
13.194739229,0.0183855
13.200544218,0.0157021
13.206349206,0.0373803
13.212154195,0.0197386
13.217959184,0.0358669
13.223764172,0.0240991
13.229569161,0.0186917
13.235374150,0.024416
13.241179138,0.0135699
13.246984127,0.019846
13.252789116,0.0156365
13.258594104,0.0128202
13.264399093,0.0165516
13.270204082,0.00988434
13.276009070,0.0120414
13.281814059,0.00767018
13.287619048,0.00688179
13.293424036,0.00567794
13.299229025,0.00551841
13.305034014,0.00704331
13.310839002,0.00544893
13.316643991,0.00802625
13.322448980,0.00883795
13.328253968,0.00878343
13.334058957,0.0212494
13.339863946,0.0148424
13.345668934,0.0227754
13.351473923,0.036018
13.357278912,0.0199487
13.363083900,0.0406154
13.368888889,0.0283945
13.374693878,0.0239161
13.380498866,0.0434585
13.386303855,0.0227289
13.392108844,0.0293534
13.397913832,0.0319277
13.403718821,0.018045
13.409523810,0.0290546
13.415328798,0.0208669
13.421133787,0.0164657
13.426938776,0.0276559
13.432743764,0.013521
13.438548753,0.0213303
13.444353741,0.0186823
13.450158730,0.0116017
13.455963719,0.0221065
13.461768707,0.010282
13.467573696,0.0186119
13.473378685,0.0157684
13.479183673,0.0136574
13.484988662,0.0218243
13.490793651,0.00905326
13.496598639,0.0227306
13.502403628,0.00884276
13.508208617,0.0182177
13.514013605,0.0119392
13.519818594,0.0120527
13.525623583,0.0190696
13.531428571,0.0085713
13.537233560,0.0189972
13.543038549,0.00691138
13.548843537,0.0139812
13.554648526,0.00527185
13.560453515,0.00785901
13.566258503,0.00329742
13.572063492,0.00394626
13.577868481,0.00329367
13.583673469,0.00294617
13.589478458,0.00345102
13.595283447,0.00247216
13.601088435,0.0042277
13.606893424,0.0028707
13.612698413,0.00515867
13.618503401,0.00410644
13.624308390,0.00299367
13.630113379,0.00244156
13.635918367,0.00327894
13.641723356,0.00221457
13.647528345,0.00326038
13.653333333,0.00258898
13.659138322,0.00269279
13.664943311,0.00224008
13.670748299,0.00184133
13.676553288,0.00163276
13.682358277,0.00140001
13.688163265,0.00219312
13.693968254,0.00130363
13.699773243,0.00128844
13.705578231,0.00105743
13.711383220,0.00086142
13.717188209,0.000742225
13.722993197,0.000789159
13.728798186,0.000671477
13.734603175,0.00067284
13.740408163,0.000684217
13.746213152,0.0006421
13.752018141,0.000561589
13.757823129,0.000557927
13.763628118,0.000478033
13.769433107,0.000512406
13.775238095,0.000475079
13.781043084,0.000442274
13.786848073,0.000433783
13.792653061,0.000389621
13.798458050,0.00037009
13.804263039,0.000377288
13.810068027,0.000353703
13.815873016,0.0003386
13.821678005,0.000344545
13.827482993,0.000348932
13.833287982,0.000408241
13.839092971,0.000336422
13.844897959,0.000320201
13.850702948,0.000317398
13.856507937,0.00029149
13.862312925,0.0003099
13.868117914,0.000302762
13.873922902,0.000298908
13.879727891,0.00031252
13.885532880,0.000289296
13.891337868,0.000267087
13.897142857,0.000283029
13.902947846,0.000269526
13.908752834,0.00030491
13.914557823,0.000281951
13.920362812,0.000285076
13.926167800,0.00028998
13.931972789,0.000263473
13.937777778,0.000286665
13.943582766,0.000271364
13.949387755,0.000268041
13.955192744,0.000294897
13.960997732,0.000260025
13.966802721,0.000276362
13.972607710,0.00024989
13.978412698,0.000151595
13.984217687,2.82846e-5
