0.000000000,1.27857e+9
0.005804989,1.70131e+8
0.011609977,3.68881e+7
0.017414966,6.73059e+6
0.023219955,1.31418e+6
0.029024943,214982
0.034829932,67259.6
0.040634921,82845.3
0.046439909,76244.8
0.052244898,54155.1
0.058049887,46301.6
0.063854875,42325.8
0.069659864,39638.3
0.075464853,39722.8
0.081269841,40369.7
0.087074830,43489.3
0.092879819,45279.4
0.098684807,47035.5
0.104489796,48361.8
0.110294785,53374.2
0.116099773,55091
0.121904762,57359.1
0.127709751,57403.4
0.133514739,54600.4
0.139319728,54489.1
0.145124717,53570
0.150929705,49697.9
0.156734694,49327.7
0.162539683,45869.9
0.168344671,33108
0.174149660,28084.7
0.179954649,29433.8
0.185759637,31674.7
0.191564626,34057.9
0.197369615,38986.2
0.203174603,44428.9
0.208979592,53762.7
0.214784580,112645
0.220589569,179701
0.226394558,95564
0.232199546,50425.8
0.238004535,39164.8
0.243809524,32386.2
0.249614512,28077.6
0.255419501,25423.5
0.261224490,23130.4
0.267029478,22447.3
0.272834467,22107
0.278639456,24173.6
0.284444444,29237.3
0.290249433,28119.5
0.296054422,26815.6
0.301859410,25183.4
0.307664399,25024.2
0.313469388,27485.9
0.319274376,30941
0.325079365,34444.4
0.330884354,37531.8
0.336689342,39075.7
0.342494331,36872.9
0.348299320,32936.7
0.354104308,30447.3
0.359909297,30062
0.365714286,26189.4
0.371519274,21912.7
0.377324263,20121.3
0.383129252,20676.4
0.388934240,23419.6
0.394739229,30942.7
0.400544218,41792.1
0.406349206,43465.6
0.412154195,35091.7
0.417959184,34990.7
0.423764172,43352.6
0.429569161,41552.2
0.435374150,29712.7
0.441179138,27469.2
0.446984127,33870.5
0.452789116,47840
0.458594104,55723.4
0.464399093,51401.2
0.470204082,52198.7
0.476009070,64956.5
0.481814059,64123.1
0.487619048,48419.2
0.493424036,32742.1
0.499229025,26559
0.505034014,25450.6
0.510839002,24699
0.516643991,25217.4
0.522448980,27712.5
0.528253968,37893.6
0.534058957,41423.4
0.539863946,38619.4
0.545668934,45268
0.551473923,49840.8
0.557278912,43388.2
0.563083900,41868.8
0.568888889,42884.1
0.574693878,44049.3
0.580498866,46339.3
0.586303855,48421.5
0.592108844,46901.3
0.597913832,44627.2
0.603718821,42176.8
0.609523810,38918.8
0.615328798,37619
0.621133787,37825.1
0.626938776,38259.1
0.632743764,31247.6
0.638548753,24329.3
0.644353741,22701.2
0.650158730,21736.9
0.655963719,20655.5
0.661768707,19595.3
0.667573696,18708
0.673378685,22764.8
0.679183673,28217.5
0.684988662,28401.3
0.690793651,30062.7
0.696598639,33152.4
0.702403628,34754.6
0.708208617,36483.5
0.714013605,38494.7
0.719818594,43514.8
0.725623583,50633.2
0.731428571,58156.4
0.737233560,100307
0.743038549,258612
0.748843537,600610
0.754648526,877646
0.760453515,954564
0.766258503,904341
0.772063492,1.59803e+6
0.777868481,1.89527e+6
0.783673469,1.35985e+6
0.789478458,774730
0.795283447,1.38595e+6
0.801088435,2.55373e+6
0.806893424,4.83662e+6
0.812698413,8.35373e+6
0.818503401,1.21811e+7
0.824308390,1.78968e+7
0.830113379,1.25853e+7
0.835918367,1.33958e+7
0.841723356,2.16178e+7
0.847528345,2.1654e+7
0.853333333,1.99393e+7
0.859138322,1.984e+7
0.864943311,2.69541e+7
0.870748299,1.90783e+7
0.876553288,4.99389e+6
0.882358277,3.77223e+6
0.888163265,2.09566e+6
0.893968254,1.05664e+6
0.899773243,894088
0.905578231,1.5102e+6
0.911383220,2.0477e+6
0.917188209,1.17282e+6
0.922993197,244668
0.928798186,91481.2
0.934603175,78798.4
0.940408163,49151.2
0.946213152,39920.2
0.952018141,34254.3
0.957823129,37438.6
0.963628118,38588.2
0.969433107,42820.8
0.975238095,55097.3
0.981043084,60114.9
0.986848073,52938.2
0.992653061,45404.7
0.998458050,39662.8
1.004263039,45302.2
1.010068027,41925.1
1.015873016,37931.8
1.021678005,42333.6
1.027482993,38698.6
1.033287982,39672
1.039092971,43816.6
1.044897959,48173.1
1.050702948,48063.5
1.056507937,49801.3
1.062312925,57717.6
1.068117914,69773.8
1.073922902,84462.9
1.079727891,218764
1.085532880,582454
1.091337868,1.21983e+6
1.097142857,2.75272e+6
1.102947846,950412
1.108752834,634948
1.114557823,1.1117e+6
1.120362812,3.01711e+6
1.126167800,2.87636e+6
1.131972789,1.80687e+6
1.137777778,1.39635e+6
1.143582766,1.12598e+6
1.149387755,1.22955e+6
1.155192744,1.7656e+6
1.160997732,1.01072e+6
1.166802721,1.07467e+6
1.172607710,2.28601e+6
1.178412698,320441
1.184217687,103473
1.190022676,78705.3
1.195827664,55716.4
1.201632653,62992.3
1.207437642,101073
1.213242630,121997
1.219047619,119631
1.224852608,120356
1.230657596,125875
1.236462585,117332
1.242267574,117170
1.248072562,159883
1.253877551,155830
1.259682540,203620
1.265487528,190062
1.271292517,185892
1.277097506,218435
1.282902494,127866
1.288707483,124007
1.294512472,130498
1.300317460,112921
1.306122449,98633.9
1.311927438,93290.6
1.317732426,80700.2
1.323537415,75248.2
1.329342404,75512.6
1.335147392,72270.2
1.340952381,76667.2
1.346757370,80882.7
1.352562358,86846.5
1.358367347,96503.9
1.364172336,103587
1.369977324,108543
1.375782313,113602
1.381587302,106518
1.387392290,86288.4
1.393197279,72269.4
1.399002268,65084.3
1.404807256,65673.1
1.410612245,71324.9
1.416417234,79226.5
1.422222222,89388.5
1.428027211,100048
1.433832200,116496
1.439637188,124379
1.445442177,130150
1.451247166,116905
1.457052154,99665.6
1.462857143,84562.9
1.468662132,68636
1.474467120,57242.6
1.480272109,57862.9
1.486077098,80203.2
1.491882086,100731
1.497687075,80315.8
1.503492063,61746.3
1.509297052,56926.3
1.515102041,77325.2
1.520907029,94504.4
1.526712018,74596.3
1.532517007,75261.1
1.538321995,87882.2
1.544126984,72214
1.549931973,77547.4
1.555736961,83963.7
1.561541950,81416.9
1.567346939,82779.1
1.573151927,87217.7
1.578956916,101014
1.584761905,112167
1.590566893,123496
1.596371882,152098
1.602176871,127693
1.607981859,192833
1.613786848,193443
1.619591837,244477
1.625396825,244454
1.631201814,265456
1.637006803,303711
1.642811791,392927
1.648616780,430854
1.654421769,531932
1.660226757,654648
1.666031746,859055
1.671836735,1.07841e+6
1.677641723,1.80189e+6
1.683446712,3.77853e+6
1.689251701,9.25173e+6
1.695056689,1.93667e+7
1.700861678,2.94408e+7
1.706666667,2.84756e+7
1.712471655,4.35589e+7
1.718276644,4.1289e+7
1.724081633,3.52401e+7
1.729886621,3.71655e+7
1.735691610,3.62504e+7
1.741496599,3.30758e+7
1.747301587,3.41519e+7
1.753106576,3.07531e+7
1.758911565,4.11202e+7
1.764716553,3.13373e+7
1.770521542,2.47341e+7
1.776326531,2.30915e+7
1.782131519,2.31458e+7
1.787936508,9.77821e+6
1.793741497,1.3447e+6
1.799546485,898225
1.805351474,2.01799e+6
1.811156463,3.64245e+6
1.816961451,3.93763e+6
1.822766440,1.37624e+6
1.828571429,1.04332e+6
1.834376417,1.35103e+6
1.840181406,225234
1.845986395,62552.8
1.851791383,49997.9
1.857596372,47486.7
1.863401361,38795.6
1.869206349,35174.9
1.875011338,32208.9
1.880816327,30223.9
1.886621315,28767.7
1.892426304,28318.5
1.898231293,28483.2
1.904036281,27111.9
1.909841270,25952
1.915646259,25707.8
1.921451247,25251.4
1.927256236,25721.5
1.933061224,29039.8
1.938866213,41217.5
1.944671202,80843.3
1.950476190,141164
1.956281179,236427
1.962086168,430145
1.967891156,733952
1.973696145,1.37174e+6
1.979501134,3.12942e+6
1.985306122,5.70913e+6
1.991111111,9.84611e+6
1.996916100,1.29321e+7
2.002721088,1.17855e+7
2.008526077,1.18972e+7
2.014331066,1.34224e+7
2.020136054,1.4042e+7
2.025941043,1.2507e+7
2.031746032,1.0058e+7
2.037551020,981772
2.043356009,155740
2.049160998,115618
2.054965986,151278
2.060770975,202675
2.066575964,218227
2.072380952,221331
2.078185941,267238
2.083990930,461106
2.089795918,746699
2.095600907,1.3728e+6
2.101405896,4.12739e+6
2.107210884,1.23182e+7
2.113015873,2.81615e+7
2.118820862,2.26801e+7
2.124625850,2.08976e+7
2.130430839,2.28163e+7
2.136235828,4.40217e+7
2.142040816,3.46966e+7
2.147845805,4.36364e+7
2.153650794,2.20951e+7
2.159455782,2.71306e+7
2.165260771,4.26453e+6
2.171065760,1.37502e+6
2.176870748,1.1139e+6
2.182675737,1.54158e+6
2.188480726,1.47281e+6
2.194285714,1.01858e+6
2.200090703,1.12289e+6
2.205895692,1.23403e+6
2.211700680,1.08404e+6
2.217505669,1.26486e+6
2.223310658,2.52925e+6
2.229115646,2.72369e+6
2.234920635,294535
2.240725624,117539
2.246530612,82204.4
2.252335601,66281.2
2.258140590,58205.2
2.263945578,56091.6
2.269750567,49329.6
2.275555556,49947
2.281360544,51478.8
2.287165533,50056.9
2.292970522,48242.7
2.298775510,52028.3
2.304580499,46626.8
2.310385488,33986.1
2.316190476,29234.3
2.321995465,27689.7
2.327800454,26940.7
2.333605442,26142.2
2.339410431,25935
2.345215420,25759.8
2.351020408,25575.4
2.356825397,26049.7
2.362630385,26612.3
2.368435374,31276.2
2.374240363,41871.6
2.380045351,53253.4
2.385850340,58992
2.391655329,54275.7
2.397460317,55076.8
2.403265306,63359.2
2.409070295,51091.8
2.414875283,28256.8
2.420680272,23826.3
2.426485261,23593
2.432290249,24290.2
2.438095238,24596
2.443900227,24611.1
2.449705215,24252.9
2.455510204,23670.1
2.461315193,23306.2
2.467120181,24376
2.472925170,25719.2
2.478730159,30310.5
2.484535147,38155.5
2.490340136,45331
2.496145125,63035.9
2.501950113,96703.3
2.507755102,120391
2.513560091,136569
2.519365079,152580
2.525170068,157390
2.530975057,152833
2.536780045,174504
2.542585034,225944
2.548390023,133226
2.554195011,77222.2
2.560000000,54024.4
2.565804989,50514.8
2.571609977,49581
2.577414966,45577.6
2.583219955,46051.2
2.589024943,50785.1
2.594829932,55173
2.600634921,53032.9
2.606439909,49483.5
2.612244898,49410.5
2.618049887,44719.1
2.623854875,45081.5
2.629659864,44172.8
2.635464853,44591
2.641269841,42822.2
2.647074830,39968.3
2.652879819,40787.5
2.658684807,44135.5
2.664489796,56188.5
2.670294785,65521.6
2.676099773,84071.9
2.681904762,88853
2.687709751,93367.9
2.693514739,99636.5
2.699319728,91407.8
2.705124717,96266.2
2.710929705,104520
2.716734694,109546
2.722539683,95199.8
2.728344671,89099.5
2.734149660,92628.9
2.739954649,97271.1
2.745759637,80081.5
2.751564626,73982.9
2.757369615,64803.7
2.763174603,62783.9
2.768979592,64683.9
2.774784580,58030
2.780589569,49652.1
2.786394558,42054.1
2.792199546,45377
2.798004535,56374.5
2.803809524,67900.3
2.809614512,69548.4
2.815419501,75518.9
2.821224490,92657.5
2.827029478,112682
2.832834467,101082
2.838639456,102322
2.844444444,127108
2.850249433,142326
2.856054422,175517
2.861859410,180918
2.867664399,213204
2.873469388,272541
2.879274376,394799
2.885079365,575718
2.890884354,955978
2.896689342,1.72331e+6
2.902494331,3.71089e+6
2.908299320,9.95701e+6
2.914104308,2.01432e+7
2.919909297,1.67274e+7
2.925714286,1.02601e+7
2.931519274,1.66594e+7
2.937324263,5.16855e+7
2.943129252,1.12611e+8
2.948934240,1.00619e+8
2.954739229,6.72727e+7
2.960544218,6.41225e+6
2.966349206,1.73694e+6
2.972154195,2.06563e+6
2.977959184,1.66508e+6
2.983764172,1.38504e+6
2.989569161,2.74593e+6
2.995374150,9.16828e+6
3.001179138,5.04961e+6
3.006984127,1.9663e+6
3.012789116,565418
3.018594104,137413
3.024399093,71220.5
3.030204082,61856.5
3.036009070,38918.2
3.041814059,33350.2
3.047619048,36544.3
3.053424036,41922.1
3.059229025,46071.2
3.065034014,48979.2
3.070839002,52757.5
3.076643991,54213.7
3.082448980,55277.4
3.088253968,50077.4
3.094058957,53183.6
3.099863946,51358.7
3.105668934,46750.6
3.111473923,43216.5
3.117278912,39939.1
3.123083900,36835.1
3.128888889,34716.5
3.134693878,34528
3.140498866,39190.7
3.146303855,42958
3.152108844,55345.1
3.157913832,83665.3
3.163718821,92350.7
3.169523810,126667
3.175328798,88931.3
3.181133787,74334.2
3.186938776,91214
3.192743764,155690
3.198548753,275973
3.204353741,458057
3.210158730,656533
3.215963719,479017
3.221768707,602289
3.227573696,1.96257e+6
3.233378685,7.42291e+6
3.239183673,9.78337e+6
3.244988662,9.295e+6
3.250793651,1.16137e+7
3.256598639,1.5271e+7
3.262403628,9.27659e+6
3.268208617,6.44006e+6
3.274013605,5.79446e+6
3.279818594,8.28008e+6
3.285623583,9.31028e+6
3.291428571,9.16451e+6
3.297233560,5.51761e+6
3.303038549,2.934e+6
3.308843537,369678
3.314648526,140671
3.320453515,94271.2
3.326258503,86090
3.332063492,74857.7
3.337868481,60217.8
3.343673469,52777.8
3.349478458,52318.1
3.355283447,45096.6
3.361088435,44268
3.366893424,46603.6
3.372698413,39143.6
3.378503401,32724.7
3.384308390,31960.7
3.390113379,34904.3
3.395918367,40471.1
3.401723356,38298.5
3.407528345,39719
3.413333333,38094.2
3.419138322,34456.2
3.424943311,33112.5
3.430748299,35383.2
3.436553288,36648.8
3.442358277,39029.7
3.448163265,32037
3.453968254,32035.9
3.459773243,31498.6
3.465578231,30911.8
3.471383220,31998.2
3.477188209,37795
3.482993197,65278.7
3.488798186,150189
3.494603175,196283
3.500408163,245598
3.506213152,288719
3.512018141,371003
3.517823129,863881
3.523628118,1.02603e+6
3.529433107,273576
3.535238095,111772
3.541043084,78268.8
3.546848073,75198.9
3.552653061,65531.5
3.558458050,60411.4
3.564263039,56322.8
3.570068027,54318.2
3.575873016,57107.3
3.581678005,55120.8
3.587482993,53251.3
3.593287982,54940
3.599092971,53544.7
3.604897959,52892.1
3.610702948,55547.5
3.616507937,60578.3
3.622312925,78703.5
3.628117914,79467.5
3.633922902,88580.5
3.639727891,115466
3.645532880,204138
3.651337868,341878
3.657142857,719386
3.662947846,1.12001e+6
3.668752834,2.05349e+6
3.674557823,5.07337e+6
3.680362812,8.11834e+6
3.686167800,7.80746e+6
3.691972789,7.02103e+6
3.697777778,7.04828e+6
3.703582766,8.52206e+6
3.709387755,1.39783e+7
3.715192744,2.06192e+7
3.720997732,1.90748e+7
3.726802721,2.87794e+6
3.732607710,1.40529e+6
3.738412698,1.50266e+6
3.744217687,1.49104e+6
3.750022676,2.71955e+6
3.755827664,801135
3.761632653,196763
3.767437642,112616
3.773242630,81170.6
3.779047619,45715.3
3.784852608,38930.4
3.790657596,40208.8
3.796462585,43621.5
3.802267574,48849.8
3.808072562,55785
3.813877551,61795.8
3.819682540,65574.7
3.825487528,65803.9
3.831292517,64461.6
3.837097506,67545.3
3.842902494,67180.8
3.848707483,84035
3.854512472,97189.4
3.860317460,104556
3.866122449,109089
3.871927438,114281
3.877732426,107353
3.883537415,95642.9
3.889342404,107154
3.895147392,129043
3.900952381,157487
3.906757370,160508
3.912562358,153056
3.918367347,189991
3.924172336,396115
3.929977324,569799
3.935782313,533178
3.941587302,344405
3.947392290,207776
3.953197279,145777
3.959002268,111277
3.964807256,96683.7
3.970612245,95173.5
3.976417234,98440.4
3.982222222,89088.4
3.988027211,85784.7
3.993832200,82356.1
3.999637188,86429.3
4.005442177,92563.7
4.011247166,101015
4.017052154,117976
4.022857143,111741
4.028662132,97617
4.034467120,101872
4.040272109,105041
4.046077098,101487
4.051882086,102623
4.057687075,105965
4.063492063,108495
4.069297052,103741
4.075102041,104478
4.080907029,136402
4.086712018,131792
4.092517007,124653
4.098321995,147935
4.104126984,356804
4.109931973,590176
4.115736961,956048
4.121541950,1.21284e+6
4.127346939,1.39243e+6
4.133151927,1.52079e+6
4.138956916,1.52429e+6
4.144761905,1.5383e+6
4.150566893,1.52356e+6
4.156371882,1.38086e+6
4.162176871,1.16529e+6
4.167981859,999495
4.173786848,1.45487e+6
4.179591837,2.69981e+6
4.185396825,5.40472e+6
4.191201814,8.23368e+6
4.197006803,1.31344e+7
4.202811791,2.17379e+7
4.208616780,2.42856e+7
4.214421769,1.82162e+7
4.220226757,1.31331e+7
4.226031746,6.16077e+6
4.231836735,2.03168e+6
4.237641723,676485
4.243446712,205436
4.249251701,104536
4.255056689,93621
4.260861678,101265
4.266666667,104346
4.272471655,99692.8
4.278276644,101433
4.284081633,100289
4.289886621,97791.9
4.295691610,95554.5
4.301496599,91811.8
4.307301587,82755.8
4.313106576,67567.5
4.318911565,56919.3
4.324716553,53341.5
4.330521542,55520.5
4.336326531,58726.5
4.342131519,65944.2
4.347936508,79681.9
4.353741497,77139
4.359546485,75169.4
4.365351474,94388.3
4.371156463,146730
4.376961451,263862
4.382766440,451294
4.388571429,1.18887e+6
4.394376417,4.49503e+6
4.400181406,8.24724e+6
4.405986395,7.66087e+6
4.411791383,8.35825e+6
4.417596372,8.08634e+6
4.423401361,7.17934e+6
4.429206349,9.00685e+6
4.435011338,1.4766e+7
4.440816327,1.3478e+7
4.446621315,1.02222e+7
4.452426304,1.23177e+7
4.458231293,6.84022e+6
4.464036281,6.4568e+6
4.469841270,5.65415e+6
4.475646259,6.04059e+6
4.481451247,1.27293e+7
4.487256236,9.88446e+6
4.493061224,8.01824e+6
4.498866213,9.11378e+6
4.504671202,8.15264e+6
4.510476190,5.93765e+6
4.516281179,9.49374e+6
4.522086168,1.11815e+7
4.527891156,1.59213e+7
4.533696145,1.45278e+7
4.539501134,1.2913e+7
4.545306122,1.2e+7
4.551111111,1.12775e+7
4.556916100,1.25434e+7
4.562721088,1.65405e+7
4.568526077,1.26804e+7
4.574331066,9.02284e+6
4.580136054,9.81095e+6
4.585941043,9.90037e+6
4.591746032,8.7358e+6
4.597551020,1.23288e+7
4.603356009,2.96896e+7
4.609160998,3.65054e+7
4.614965986,3.00485e+7
4.620770975,2.22749e+7
4.626575964,3.53929e+7
4.632380952,3.6244e+7
4.638185941,2.86808e+7
4.643990930,3.08654e+7
4.649795918,3.6602e+7
4.655600907,7.31716e+7
4.661405896,7.29174e+7
4.667210884,1.20743e+8
4.673015873,1.45083e+8
4.678820862,1.95948e+8
4.684625850,1.76036e+8
4.690430839,1.69342e+8
4.696235828,2.04457e+8
4.702040816,2.12348e+8
4.707845805,3.59849e+7
4.713650794,4.57461e+6
4.719455782,3.53466e+6
4.725260771,1.34076e+6
4.731065760,146258
4.736870748,73580.7
4.742675737,78705
4.748480726,69288.5
4.754285714,54312
4.760090703,56577.1
4.765895692,60269.4
4.771700680,68224.4
4.777505669,83951.9
4.783310658,112299
4.789115646,144675
4.794920635,200601
4.800725624,302310
4.806530612,433763
4.812335601,636630
4.818140590,1.07338e+6
4.823945578,1.45172e+6
4.829750567,1.77114e+6
4.835555556,2.01274e+6
4.841360544,1.99496e+6
4.847165533,1.84086e+6
4.852970522,1.57268e+6
4.858775510,1.34993e+6
4.864580499,942722
4.870385488,958277
4.876190476,781537
4.881995465,619174
4.887800454,460166
4.893605442,357144
4.899410431,293229
4.905215420,259220
4.911020408,264145
4.916825397,285464
4.922630385,325162
4.928435374,355482
4.934240363,394916
4.940045351,450450
4.945850340,534839
4.951655329,639244
4.957460317,708056
4.963265306,735002
4.969070295,775924
4.974875283,764774
4.980680272,737886
4.986485261,668002
4.992290249,589357
4.998095238,490299
5.003900227,351610
5.009705215,225085
5.015510204,152503
5.021315193,112782
5.027120181,93264.4
5.032925170,86522.4
5.038730159,102782
5.044535147,153916
5.050340136,214903
5.056145125,336274
5.061950113,482237
5.067755102,658037
5.073560091,766283
5.079365079,648560
5.085170068,981495
5.090975057,1.77898e+6
5.096780045,1.21001e+6
5.102585034,1.33386e+6
5.108390023,638217
5.114195011,725636
5.120000000,367688
5.125804989,194109
5.131609977,100785
5.137414966,65727.6
5.143219955,43033.4
5.149024943,33421.1
5.154829932,32018.4
5.160634921,39894.3
5.166439909,40146.8
5.172244898,41447.1
5.178049887,44554.8
5.183854875,43960.8
5.189659864,42198.5
5.195464853,39182.4
5.201269841,36078.5
5.207074830,33103.8
5.212879819,31316
5.218684807,30567.7
5.224489796,27835.5
5.230294785,30364.3
5.236099773,36437.8
5.241904762,48350.2
5.247709751,60056.2
5.253514739,71230.2
5.259319728,86124.1
5.265124717,102840
5.270929705,117042
5.276734694,114509
5.282539683,102420
5.288344671,188420
5.294149660,285128
5.299954649,194466
5.305759637,267994
5.311564626,476953
5.317369615,2.06791e+6
5.323174603,7.7339e+6
5.328979592,7.23784e+6
5.334784580,7.56821e+6
5.340589569,7.82095e+6
5.346394558,9.19784e+6
5.352199546,1.23711e+7
5.358004535,1.30285e+7
5.363809524,1.8109e+7
5.369614512,4.69181e+6
5.375419501,1.20315e+6
5.381224490,1.29361e+6
5.387029478,3.0758e+6
5.392834467,2.22201e+6
5.398639456,1.37365e+6
5.404444444,806193
5.410249433,211168
5.416054422,99008.5
5.421859410,73311.9
5.427664399,63992.3
5.433469388,62023.2
5.439274376,56419.7
5.445079365,56942.2
5.450884354,59869.4
5.456689342,60569
5.462494331,57842.9
5.468299320,57775.3
5.474104308,60293.1
5.479909297,60880.8
5.485714286,59753.9
5.491519274,60340
5.497324263,62531
5.503129252,66405.2
5.508934240,65834.3
5.514739229,67648.4
5.520544218,77279.3
5.526349206,115811
5.532154195,267768
5.537959184,616935
5.543764172,1.33376e+6
5.549569161,1.18033e+6
5.555374150,1.18757e+6
5.561179138,866752
5.566984127,726025
5.572789116,1.38189e+6
5.578594104,1.22457e+6
5.584399093,1.95293e+6
5.590204082,2.53173e+6
5.596009070,1.94555e+6
5.601814059,1.56619e+6
5.607619048,1.27484e+6
5.613424036,1.25288e+6
5.619229025,696570
5.625034014,1.069e+6
5.630839002,2.2631e+6
5.636643991,3.52915e+6
5.642448980,3.03568e+6
5.648253968,442693
5.654058957,177781
5.659863946,169936
5.665668934,222504
5.671473923,168287
5.677278912,110536
5.683083900,97250.7
5.688888889,112961
5.694693878,98785.4
5.700498866,91452.2
5.706303855,90033
5.712108844,116268
5.717913832,154159
5.723718821,150993
5.729523810,151653
5.735328798,153565
5.741133787,147586
5.746938776,136706
5.752743764,132019
5.758548753,114023
5.764353741,112232
5.770158730,116181
5.775963719,108912
5.781768707,113591
5.787573696,113612
5.793378685,132997
5.799183673,154374
5.804988662,211026
5.810793651,285489
5.816598639,576246
5.822403628,1.08814e+6
5.828208617,2.98827e+6
5.834013605,9.17614e+6
5.839818594,1.08804e+7
5.845623583,1.08002e+7
5.851428571,1.2092e+7
5.857233560,1.35692e+7
5.863038549,1.4449e+7
5.868843537,1.53688e+7
5.874648526,1.33221e+7
5.880453515,2.41834e+6
5.886258503,1.13879e+6
5.892063492,1.11787e+6
5.897868481,1.46272e+6
5.903673469,322153
5.909478458,94204.5
5.915283447,69456.8
5.921088435,70340.7
5.926893424,62068.3
5.932698413,56360.3
5.938503401,48367.3
5.944308390,45750.4
5.950113379,43103.6
5.955918367,39635.3
5.961723356,38065.7
5.967528345,32877.5
5.973333333,34257.3
5.979138322,55813.3
5.984943311,78355
5.990748299,168677
5.996553288,350331
6.002358277,785811
6.008163265,1.77358e+6
6.013968254,2.09853e+6
6.019773243,2.10304e+6
6.025578231,2.30338e+6
6.031383220,3.40049e+6
6.037188209,1.42999e+6
6.042993197,1.3329e+6
6.048798186,695534
6.054603175,173830
6.060408163,95765.5
6.066213152,69005.6
6.072018141,51808.1
6.077823129,45730.1
6.083628118,43835.7
6.089433107,43138.2
6.095238095,43830.9
6.101043084,39424.5
6.106848073,34221.1
6.112653061,31206.2
6.118458050,29929
6.124263039,36464.4
6.130068027,36749.9
6.135873016,37712.4
6.141678005,39728
6.147482993,44585.3
6.153287982,59389.1
6.159092971,75202.8
6.164897959,79258.7
6.170702948,68723.2
6.176507937,60365.1
6.182312925,54443
6.188117914,56707
6.193922902,58146.4
6.199727891,64852.2
6.205532880,69339.1
6.211337868,72438.3
6.217142857,75884.8
6.222947846,106711
6.228752834,210383
6.234557823,379576
6.240362812,731924
6.246167800,1.63737e+6
6.251972789,2.79787e+6
6.257777778,1.35474e+6
6.263582766,645571
6.269387755,809783
6.275192744,1.98698e+6
6.280997732,2.03059e+6
6.286802721,1.97604e+6
6.292607710,1.77964e+6
6.298412698,1.64858e+6
6.304217687,1.40298e+6
6.310022676,1.3414e+6
6.315827664,1.87046e+6
6.321632653,913972
6.327437642,1.21464e+6
6.333242630,2.24912e+6
6.339047619,5.28295e+6
6.344852608,1.36702e+6
6.350657596,188170
6.356462585,114353
6.362267574,90236.6
6.368072562,91939.7
6.373877551,89626.8
6.379682540,86779.1
6.385487528,97228.4
6.391292517,106719
6.397097506,110861
6.402902494,122741
6.408707483,125689
6.414512472,130615
6.420317460,134220
6.426122449,138131
6.431927438,132409
6.437732426,129269
6.443537415,126725
6.449342404,124136
6.455147392,117097
6.460952381,108745
6.466757370,99818.6
6.472562358,92683.5
6.478367347,84656.2
6.484172336,78976.7
6.489977324,73252.3
6.495782313,65484.6
6.501587302,59439.8
6.507392290,53961.9
6.513197279,52140.7
6.519002268,55428.3
6.524807256,57315.1
6.530612245,59177.9
6.536417234,57102.6
6.542222222,57945.1
6.548027211,54205.1
6.553832200,52779.6
6.559637188,53666
6.565442177,53178
6.571247166,50957.2
6.577052154,51910.4
6.582857143,58140.6
6.588662132,60177
6.594467120,62146.5
6.600272109,69635
6.606077098,76197.2
6.611882086,78316.9
6.617687075,80541
6.623492063,92767.1
6.629297052,91951.4
6.635102041,93160.9
6.640907029,98071.4
6.646712018,89939.2
6.652517007,74938.2
6.658321995,69357.4
6.664126984,61055.1
6.669931973,55768.1
6.675736961,54373.9
6.681541950,48151.5
6.687346939,46253.6
6.693151927,45180.6
6.698956916,43540.8
6.704761905,40294.8
6.710566893,39781.6
6.716371882,39138.6
6.722176871,37445.8
6.727981859,37368.8
6.733786848,37035.6
6.739591837,36224.8
6.745396825,37682.9
6.751201814,39375.2
6.757006803,40909.4
6.762811791,40588.6
6.768616780,40802.9
6.774421769,44230.4
6.780226757,50720
6.786031746,65847.6
6.791836735,111289
6.797641723,124410
6.803446712,140428
6.809251701,177204
6.815056689,285033
6.820861678,738219
6.826666667,1.80589e+6
6.832471655,2.09368e+6
6.838276644,3.14895e+6
6.844081633,4.07226e+6
6.849886621,3.13754e+6
6.855691610,2.34034e+6
6.861496599,3.05494e+6
6.867301587,3.50062e+6
6.873106576,3.47171e+6
6.878911565,3.59726e+6
6.884716553,3.41471e+6
6.890521542,3.2946e+6
6.896326531,4.47749e+6
6.902131519,3.39629e+6
6.907936508,3.12372e+6
6.913741497,2.64659e+6
6.919546485,3.3173e+6
6.925351474,5.13284e+6
6.931156463,7.5561e+6
6.936961451,6.88541e+6
6.942766440,5.58234e+6
6.948571429,4.65649e+6
6.954376417,4.25838e+6
6.960181406,4.56984e+6
6.965986395,5.98647e+6
6.971791383,8.28005e+6
6.977596372,6.45333e+6
6.983401361,7.89821e+6
6.989206349,5.65987e+6
6.995011338,5.66728e+6
7.000816327,5.61218e+6
7.006621315,7.47672e+6
7.012426304,1.64957e+7
7.018231293,1.0623e+7
7.024036281,9.80253e+6
7.029841270,1.44408e+7
7.035646259,3.92027e+7
7.041451247,5.13255e+7
7.047256236,6.32936e+7
7.053061224,4.49312e+7
7.058866213,4.16144e+7
7.064671202,5.16684e+7
7.070476190,5.49522e+7
7.076281179,3.87526e+7
7.082086168,4.80178e+7
7.087891156,8.20164e+7
7.093696145,9.24224e+7
7.099501134,8.62064e+7
7.105306122,8.35276e+7
7.111111111,7.02714e+7
7.116916100,5.65399e+7
7.122721088,8.05968e+6
7.128526077,698768
7.134331066,87172.8
7.140136054,58665.6
7.145941043,77060.8
7.151746032,82772
7.157551020,69477
7.163356009,62719.6
7.169160998,44010
7.174965986,42057.5
7.180770975,48440
7.186575964,68510.9
7.192380952,77977.9
7.198185941,78467.1
7.203990930,74720
7.209795918,74679.6
7.215600907,66276.3
7.221405896,57725.3
7.227210884,54904
7.233015873,49209.5
7.238820862,43964.9
7.244625850,38460.8
7.250430839,31291.6
7.256235828,28179.2
7.262040816,35783.6
7.267845805,41656.4
7.273650794,41371.9
7.279455782,48975.2
7.285260771,56248.3
7.291065760,60427.1
7.296870748,65309.3
7.302675737,81458.2
7.308480726,101260
7.314285714,238910
7.320090703,212641
7.325895692,94775.8
7.331700680,62423.8
7.337505669,44130.9
7.343310658,41933.6
7.349115646,46943.1
7.354920635,49595.9
7.360725624,47456.2
7.366530612,44794.3
7.372335601,39963.1
7.378140590,36253.6
7.383945578,30738.3
7.389750567,25747.4
7.395555556,27619.1
7.401360544,32546.7
7.407165533,34564.7
7.412970522,40490.3
7.418775510,42251.9
7.424580499,51070.4
7.430385488,66775.2
7.436190476,161000
7.441995465,185630
7.447800454,214048
7.453605442,272452
7.459410431,487244
7.465215420,978759
7.471020408,1.03516e+6
7.476825397,1.40914e+6
7.482630385,1.77738e+6
7.488435374,3.48177e+6
7.494240363,6.89621e+6
7.500045351,8.75854e+6
7.505850340,4.86556e+6
7.511655329,4.51454e+6
7.517460317,3.74763e+6
7.523265306,3.08696e+6
7.529070295,2.14052e+6
7.534875283,2.47378e+6
7.540680272,2.04001e+6
7.546485261,1.40974e+6
7.552290249,550311
7.558095238,403692
7.563900227,742822
7.569705215,1.58788e+6
7.575510204,2.87924e+6
7.581315193,7.25922e+6
7.587120181,7.67567e+6
7.592925170,5.33902e+6
7.598730159,7.31881e+6
7.604535147,1.66325e+7
7.610340136,5.68382e+6
7.616145125,2.72349e+6
7.621950113,2.20619e+6
7.627755102,1.74321e+6
7.633560091,1.48189e+6
7.639365079,2.03882e+6
7.645170068,1.5319e+6
7.650975057,1.27513e+6
7.656780045,1.44394e+6
7.662585034,1.42047e+6
7.668390023,1.37335e+6
7.674195011,1.63333e+6
7.680000000,1.51376e+6
7.685804989,247860
7.691609977,93390
7.697414966,72750.5
7.703219955,49536.2
7.709024943,42513.1
7.714829932,38715.7
7.720634921,31828.1
7.726439909,26225.2
7.732244898,24627.2
7.738049887,26155.4
7.743854875,32063
7.749659864,43076.4
7.755464853,47840.2
7.761269841,49975.3
7.767074830,43475.2
7.772879819,42815.8
7.778684807,47029.3
7.784489796,45053.4
7.790294785,41785
7.796099773,40918.8
7.801904762,37576
7.807709751,39456
7.813514739,50562.1
7.819319728,63846.1
7.825124717,59210.1
7.830929705,62445.8
7.836734694,61740.7
7.842539683,61952.8
7.848344671,64452.4
7.854149660,87838
7.859954649,92177.7
7.865759637,89293
7.871564626,94479.6
7.877369615,87881.3
7.883174603,95439.3
7.888979592,98692.7
7.894784580,165208
7.900589569,184754
7.906394558,129037
7.912199546,176099
7.918004535,232724
7.923809524,219542
7.929614512,183375
7.935419501,158342
7.941224490,247113
7.947029478,544314
7.952834467,1.25492e+6
7.958639456,2.0207e+6
7.964444444,3.81824e+6
7.970249433,6.52585e+6
7.976054422,9.37036e+6
7.981859410,1.5536e+7
7.987664399,2.43949e+7
7.993469388,2.00179e+7
7.999274376,3.20343e+7
8.005079365,4.2372e+7
8.010884354,3.27618e+7
8.016689342,2.77857e+7
8.022494331,1.85324e+7
8.028299320,1.97747e+7
8.034104308,2.20068e+7
8.039909297,1.96911e+7
8.045714286,1.7717e+7
8.051519274,1.84691e+7
8.057324263,1.62159e+7
8.063129252,1.95875e+7
8.068934240,2.79652e+7
8.074739229,1.97909e+7
8.080544218,1.38297e+7
8.086349206,1.50974e+7
8.092154195,2.64933e+7
8.097959184,3.19749e+7
8.103764172,2.66657e+7
8.109569161,3.60894e+7
8.115374150,5.9242e+7
8.121179138,8.74538e+7
8.126984127,7.57698e+7
8.132789116,9.33584e+7
8.138594104,4.99335e+7
8.144399093,5.17314e+7
8.150204082,1.17586e+8
8.156009070,1.27084e+8
8.161814059,1.2166e+8
8.167619048,1.24159e+8
8.173424036,1.41109e+8
8.179229025,1.71331e+8
8.185034014,1.26204e+8
8.190839002,9.28855e+7
8.196643991,9.90275e+7
8.202448980,1.51005e+8
8.208253968,5.56155e+7
8.214058957,4.98475e+7
8.219863946,8.11619e+7
8.225668934,6.26552e+7
8.231473923,1.21516e+7
8.237278912,1.6517e+6
8.243083900,245745
8.248888889,103664
8.254693878,78771.4
8.260498866,70384.7
8.266303855,88009.1
8.272108844,99584.3
8.277913832,157469
8.283718821,153840
8.289523810,351633
8.295328798,262880
8.301133787,131535
8.306938776,87536.2
8.312743764,47835.2
8.318548753,47874.4
8.324353741,56342.2
8.330158730,89206.9
8.335963719,181109
8.341768707,265772
8.347573696,741766
8.353378685,2.44528e+6
8.359183673,7.03179e+6
8.364988662,3.53583e+6
8.370793651,2.40957e+6
8.376598639,3.19062e+6
8.382403628,1.5908e+6
8.388208617,1.21881e+6
8.394013605,1.34561e+6
8.399818594,255676
8.405623583,58461
8.411428571,37992.6
8.417233560,37427.2
8.423038549,36699.6
8.428843537,37273.4
8.434648526,35258.1
8.440453515,39790.9
8.446258503,53003.8
8.452063492,62265.2
8.457868481,93362.3
8.463673469,167977
8.469478458,259866
8.475283447,411392
8.481088435,566170
8.486893424,679424
8.492698413,732269
8.498503401,750809
8.504308390,688214
8.510113379,632954
8.515918367,571926
8.521723356,453642
8.527528345,348019
8.533333333,220414
8.539138322,121330
8.544943311,74721.1
8.550748299,62010
8.556553288,62474.3
8.562358277,69751.5
8.568163265,76878.3
8.573968254,83418.3
8.579773243,92935.4
8.585578231,108520
8.591383220,131259
8.597188209,176320
8.602993197,233358
8.608798186,266921
8.614603175,404333
8.620408163,831138
8.626213152,853011
8.632018141,762918
8.637823129,534260
8.643628118,198024
8.649433107,99187.3
8.655238095,72373.8
8.661043084,62443
8.666848073,59927.7
8.672653061,62265.7
8.678458050,64256.4
8.684263039,71636.8
8.690068027,76888.9
8.695873016,92853.7
8.701678005,162575
8.707482993,313742
8.713287982,580194
8.719092971,1.5025e+6
8.724897959,4.13461e+6
8.730702948,9.54862e+6
8.736507937,1.19541e+7
8.742312925,1.34886e+7
8.748117914,1.66241e+7
8.753922902,1.41067e+7
8.759727891,1.60536e+7
8.765532880,1.23445e+7
8.771337868,1.20543e+7
8.777142857,1.61007e+7
8.782947846,1.68352e+7
8.788752834,1.48902e+7
8.794557823,1.26225e+7
8.800362812,9.72337e+6
8.806167800,5.96654e+6
8.811972789,414926
8.817777778,117976
8.823582766,58393.4
8.829387755,47764.5
8.835192744,52980.9
8.840997732,45098.8
8.846802721,38297.9
8.852607710,45761.2
8.858412698,42306.2
8.864217687,54803.9
8.870022676,56386.8
8.875827664,61096
8.881632653,55961.5
8.887437642,51497.2
8.893242630,65801.6
8.899047619,62372.6
8.904852608,56186.5
8.910657596,54871.1
8.916462585,56851.2
8.922267574,58742.4
8.928072562,71430.1
8.933877551,82111.1
8.939682540,96953.9
8.945487528,107858
8.951292517,111331
8.957097506,136864
8.962902494,191524
8.968707483,370811
8.974512472,1.08011e+6
8.980317460,2.84859e+6
8.986122449,3.30297e+6
8.991927438,5.22525e+6
8.997732426,7.56694e+6
9.003537415,8.76124e+6
9.009342404,7.4753e+6
9.015147392,5.86523e+6
9.020952381,5.04988e+6
9.026757370,3.688e+6
9.032562358,3.0326e+6
9.038367347,2.87513e+6
9.044172336,3.87482e+6
9.049977324,4.87627e+6
9.055782313,4.23316e+6
9.061587302,6.14899e+6
9.067392290,1.3399e+7
9.073197279,1.30256e+6
9.079002268,187181
9.084807256,111186
9.090612245,124917
9.096417234,111972
9.102222222,107085
9.108027211,97577.8
9.113832200,108109
9.119637188,132060
9.125442177,137622
9.131247166,149530
9.137052154,317158
9.142857143,257558
9.148662132,173112
9.154467120,175219
9.160272109,101431
9.166077098,85418.1
9.171882086,138553
9.177687075,93872
9.183492063,78130.6
9.189297052,117074
9.195102041,95728
9.200907029,69932.9
9.206712018,73722.4
9.212517007,76374.9
9.218321995,72779.7
9.224126984,78241
9.229931973,81637.5
9.235736961,77230.1
9.241541950,65357.6
9.247346939,77674
9.253151927,76305.3
9.258956916,71429.9
9.264761905,68693.4
9.270566893,73457.6
9.276371882,77893.5
9.282176871,80639.4
9.287981859,73750.1
9.293786848,70974.3
9.299591837,69543
9.305396825,63166.6
9.311201814,55689.8
9.317006803,50547
9.322811791,47189.2
9.328616780,43570
9.334421769,40884.5
9.340226757,38191.8
9.346031746,36535.5
9.351836735,41667
9.357641723,71663.4
9.363446712,87451.7
9.369251701,98581.3
9.375056689,117195
9.380861678,149542
9.386666667,171820
9.392471655,192197
9.398276644,243780
9.404081633,281127
9.409886621,512154
9.415691610,299159
9.421496599,126398
9.427301587,79285.8
9.433106576,69882.9
9.438911565,67223.5
9.444716553,68557.1
9.450521542,73255.5
9.456326531,81655.4
9.462131519,91334.8
9.467936508,97285.3
9.473741497,96358.9
9.479546485,105858
9.485351474,108241
9.491156463,95171.9
9.496961451,104752
9.502766440,89997
9.508571429,76948.6
9.514376417,66480.6
9.520181406,59934.2
9.525986395,55870
9.531791383,59777
9.537596372,98748
9.543401361,156650
9.549206349,258152
9.555011338,325904
9.560816327,518264
9.566621315,1.02553e+6
9.572426304,2.08673e+6
9.578231293,4.82227e+6
9.584036281,9.83321e+6
9.589841270,1.16512e+7
9.595646259,7.39701e+6
9.601451247,1.23472e+7
9.607256236,1.53237e+7
9.613061224,7.37749e+6
9.618866213,2.93879e+6
9.624671202,1.17757e+6
9.630476190,1.09511e+6
9.636281179,1.73534e+6
9.642086168,1.84561e+6
9.647891156,1.15402e+6
9.653696145,1.51156e+6
9.659501134,2.27636e+6
9.665306122,1.24902e+6
9.671111111,1.21748e+6
9.676916100,1.96242e+6
9.682721088,2.37912e+6
9.688526077,1.06841e+7
9.694331066,1.88883e+7
9.700136054,2.51665e+7
9.705941043,2.52975e+7
9.711746032,4.29607e+7
9.717551020,4.02578e+7
9.723356009,3.57622e+7
9.729160998,1.64752e+7
9.734965986,1.20749e+7
9.740770975,6.49452e+6
9.746575964,4.88637e+6
9.752380952,4.41478e+6
9.758185941,2.59504e+6
9.763990930,3.00969e+6
9.769795918,3.26651e+6
9.775600907,3.86436e+6
9.781405896,3.85546e+6
9.787210884,4.63239e+6
9.793015873,653757
9.798820862,146407
9.804625850,88525
9.810430839,65951.7
9.816235828,60589.8
9.822040816,52308.3
9.827845805,49997.8
9.833650794,50153.5
9.839455782,50190.6
9.845260771,49507.9
9.851065760,50904.6
9.856870748,52500.6
9.862675737,56093.3
9.868480726,64892.2
9.874285714,73106.9
9.880090703,80311.6
9.885895692,84967.3
9.891700680,83412.7
9.897505669,82063.2
9.903310658,86427.9
9.909115646,66938.3
9.914920635,60737.7
9.920725624,58522.4
9.926530612,59476.9
9.932335601,60994.6
9.938140590,65592.5
9.943945578,63746.9
9.949750567,62272.3
9.955555556,72560.6
9.961360544,76234.7
9.967165533,62470.8
9.972970522,67669.4
9.978775510,71648.8
9.984580499,61759.4
9.990385488,59325.3
9.996190476,60741.2
10.001995465,55875.2
10.007800454,56804.1
10.013605442,59301.2
10.019410431,62010.8
10.025215420,68042
10.031020408,62773.8
10.036825397,67063.9
10.042630385,70407.1
10.048435374,67602.3
10.054240363,66491.9
10.060045351,68496.7
10.065850340,64219.2
10.071655329,53169.8
10.077460317,52118.7
10.083265306,54196.5
10.089070295,55386.9
10.094875283,59684.2
10.100680272,66887.2
10.106485261,82743.8
10.112290249,82659.8
10.118095238,78843.4
10.123900227,71914.6
10.129705215,72962.2
10.135510204,83209.5
10.141315193,92609.5
10.147120181,101872
10.152925170,110030
10.158730159,106088
10.164535147,107208
10.170340136,109630
10.176145125,110439
10.181950113,107244
10.187755102,99954.2
10.193560091,97691.5
10.199365079,96422.5
10.205170068,102063
10.210975057,120014
10.216780045,144810
10.222585034,172698
10.228390023,261639
10.234195011,435704
10.240000000,756198
10.245804989,1.19608e+6
10.251609977,1.30239e+6
10.257414966,1.23013e+6
10.263219955,893790
10.269024943,889221
10.274829932,668383
10.280634921,611947
10.286439909,888165
10.292244898,1.10893e+6
10.298049887,1.595e+6
10.303854875,1.581e+6
10.309659864,1.88629e+6
10.315464853,2.3087e+6
10.321269841,2.55967e+6
10.327074830,2.62131e+6
10.332879819,2.88156e+6
10.338684807,3.77593e+6
10.344489796,3.08237e+6
10.350294785,2.89527e+6
10.356099773,2.38357e+6
10.361904762,753524
10.367709751,375941
10.373514739,267462
10.379319728,177481
10.385124717,118636
10.390929705,125614
10.396734694,115722
10.402539683,80369.6
10.408344671,67325.3
10.414149660,60355.3
10.419954649,55258.8
10.425759637,51597.5
10.431564626,48336.2
10.437369615,56522.8
10.443174603,63892.4
10.448979592,66989
10.454784580,82995.5
10.460589569,71608.8
10.466394558,65542.4
10.472199546,77495.7
10.478004535,72492.2
10.483809524,73267.5
10.489614512,70517.3
10.495419501,68006.8
10.501224490,59274.9
10.507029478,58640
10.512834467,62103.6
10.518639456,60706.4
10.524444444,81860
10.530249433,102031
10.536054422,99561.2
10.541859410,119978
10.547664399,146398
10.553469388,121030
10.559274376,79073.8
10.565079365,137766
10.570884354,296344
10.576689342,182077
10.582494331,176483
10.588299320,226901
10.594104308,165409
10.599909297,215362
10.605714286,241579
10.611519274,189881
10.617324263,263436
10.623129252,229521
10.628934240,195354
10.634739229,297284
10.640544218,229730
10.646349206,240329
10.652154195,1.25617e+6
10.657959184,559478
10.663764172,173314
10.669569161,106913
10.675374150,95931.7
10.681179138,92997.9
10.686984127,118305
10.692789116,193127
10.698594104,314914
10.704399093,465099
10.710204082,1.8619e+6
10.716009070,7.99297e+6
10.721814059,1.97589e+7
10.727619048,1.30152e+7
10.733424036,9.67882e+6
10.739229025,3.04404e+6
10.745034014,1.25418e+6
10.750839002,1.94326e+6
10.756643991,5.61977e+6
10.762448980,5.37248e+6
10.768253968,835967
10.774058957,160947
10.779863946,103309
10.785668934,76395.4
10.791473923,77673.4
10.797278912,79605.3
10.803083900,82747.9
10.808888889,83145.6
10.814693878,87936.7
10.820498866,89013.7
10.826303855,82544.2
10.832108844,76404.2
10.837913832,73593.5
10.843718821,94098.8
10.849523810,74253.4
10.855328798,56881
10.861133787,50760.4
10.866938776,50752.4
10.872743764,48595.2
10.878548753,45199.6
10.884353741,43808.3
10.890158730,42356.3
10.895963719,38981.2
10.901768707,38265.7
10.907573696,40659.8
10.913378685,44148.5
10.919183673,49051
10.924988662,52212.4
10.930793651,56623.7
10.936598639,60606.1
10.942403628,61656.5
10.948208617,59323.9
10.954013605,56441.7
10.959818594,58162.3
10.965623583,55234.6
10.971428571,56136.5
10.977233560,62859.6
10.983038549,60834.7
10.988843537,62676.5
10.994648526,64457.1
11.000453515,61355.5
11.006258503,57225.1
11.012063492,55983.1
11.017868481,58624.5
11.023673469,63783.4
11.029478458,59796.1
11.035283447,57107.7
11.041088435,52896.1
11.046893424,61056.9
11.052698413,70065
11.058503401,75801.6
11.064308390,73734.7
11.070113379,77373.3
11.075918367,109218
11.081723356,151234
11.087528345,170475
11.093333333,171883
11.099138322,167685
11.104943311,163999
11.110748299,151225
11.116553288,136888
11.122358277,115241
11.128163265,111413
11.133968254,102312
11.139773243,112293
11.145578231,120116
11.151383220,120670
11.157188209,117503
11.162993197,121332
11.168798186,117126
11.174603175,111042
11.180408163,101293
11.186213152,99089.4
11.192018141,103181
11.197823129,106932
11.203628118,101878
11.209433107,98244.3
11.215238095,92121
11.221043084,80495.4
11.226848073,75954.1
11.232653061,76658.8
11.238458050,78119.9
11.244263039,80395.4
11.250068027,84896.5
11.255873016,94276.1
11.261678005,106409
11.267482993,127681
11.273287982,195230
11.279092971,261705
11.284897959,372050
11.290702948,510332
11.296507937,1.18172e+6
11.302312925,1.80889e+6
11.308117914,4.63942e+6
11.313922902,1.22449e+7
11.319727891,9.71497e+6
11.325532880,1.05067e+7
11.331337868,1.0993e+7
11.337142857,1.66212e+7
11.342947846,1.20936e+7
11.348752834,6.54916e+6
11.354557823,7.60479e+6
11.360362812,4.05109e+6
11.366167800,1.87039e+6
11.371972789,1.65523e+6
11.377777778,2.42187e+6
11.383582766,4.03477e+6
11.389387755,5.1069e+6
11.395192744,4.23322e+6
11.400997732,4.29295e+6
11.406802721,4.72592e+6
11.412607710,3.28365e+6
11.418412698,2.75185e+6
11.424217687,3.27947e+6
11.430022676,6.58297e+6
11.435827664,8.50302e+6
11.441632653,6.20263e+6
11.447437642,659262
11.453242630,185223
11.459047619,122510
11.464852608,76984
11.470657596,67454
11.476462585,66049.3
11.482267574,64025.6
11.488072562,69862.8
11.493877551,66097.5
11.499682540,70174.2
11.505487528,81886.8
11.511292517,84644
11.517097506,102758
11.522902494,114518
11.528707483,120446
11.534512472,118993
11.540317460,111539
11.546122449,224345
11.551927438,1.15486e+6
11.557732426,759994
11.563537415,1.25759e+6
11.569342404,4.89989e+6
11.575147392,1.02508e+7
11.580952381,1.24029e+7
11.586757370,1.68782e+7
11.592562358,1.72843e+7
11.598367347,2.7102e+7
11.604172336,3.39044e+7
11.609977324,2.04293e+7
11.615782313,1.04379e+7
11.621587302,7.02858e+6
11.627392290,5.29402e+6
11.633197279,3.38974e+6
11.639002268,3.55311e+6
11.644807256,2.56823e+6
11.650612245,3.09367e+6
11.656417234,2.03011e+6
11.662222222,2.03548e+6
11.668027211,2.30289e+6
11.673832200,2.60448e+6
11.679637188,4.23951e+6
11.685442177,3.30167e+6
11.691247166,3.1134e+6
11.697052154,987122
11.702857143,357999
11.708662132,214567
11.714467120,241631
11.720272109,294368
11.726077098,377407
11.731882086,534142
11.737687075,995726
11.743492063,1.08202e+6
11.749297052,2.03704e+6
11.755102041,5.7065e+6
11.760907029,8.8008e+6
11.766712018,1.28173e+7
11.772517007,1.56363e+7
11.778321995,1.73492e+7
11.784126984,2.34005e+7
11.789931973,2.83246e+7
11.795736961,2.69065e+7
11.801541950,7.53394e+6
11.807346939,4.51936e+6
11.813151927,9.09419e+6
11.818956916,6.26543e+6
11.824761905,2.93429e+6
11.830566893,1.2265e+6
11.836371882,218584
11.842176871,122382
11.847981859,102396
11.853786848,82774.3
11.859591837,68844.9
11.865396825,65342.8
11.871201814,70442
11.877006803,68448.5
11.882811791,64955.6
11.888616780,71946.4
11.894421769,71558.3
11.900226757,66018.2
11.906031746,64556.3
11.911836735,63093.7
11.917641723,62981.1
11.923446712,63255.5
11.929251701,64113.6
11.935056689,65540.5
11.940861678,66228.7
11.946666667,58390.1
11.952471655,49191.3
11.958276644,48513
11.964081633,44028.3
11.969886621,43272.9
11.975691610,44318.9
11.981496599,43869.2
11.987301587,45887.2
11.993106576,46284.9
11.998911565,46451.8
12.004716553,49210.6
12.010521542,55012.1
12.016326531,59866
12.022131519,68921.4
12.027936508,74411.5
12.033741497,87436
12.039546485,119682
12.045351474,177987
12.051156463,294530
12.056961451,689351
12.062766440,3.19376e+6
12.068571429,7.3976e+6
12.074376417,1.37046e+7
12.080181406,7.99845e+6
12.085986395,4.33191e+6
12.091791383,4.24201e+6
12.097596372,2.63138e+6
12.103401361,2.28041e+6
12.109206349,2.18712e+6
12.115011338,1.75339e+6
12.120816327,1.36552e+6
12.126621315,307658
12.132426304,124565
12.138231293,93759.4
12.144036281,90957.4
12.149841270,97604.6
12.155646259,97150.7
12.161451247,99697.3
12.167256236,104343
12.173061224,107349
12.178866213,107536
12.184671202,107893
12.190476190,111831
12.196281179,119160
12.202086168,124548
12.207891156,129464
12.213696145,130101
12.219501134,131008
12.225306122,129052
12.231111111,120402
12.236916100,124663
12.242721088,121677
12.248526077,92542.6
12.254331066,126340
12.260136054,151414
12.265941043,195234
12.271746032,216935
12.277551020,160436
12.283356009,208728
12.289160998,246009
12.294965986,535930
12.300770975,1.2227e+6
12.306575964,2.55363e+6
12.312380952,2.40711e+6
12.318185941,2.9504e+6
12.323990930,9.04277e+6
12.329795918,3.01966e+7
12.335600907,4.03215e+7
12.341405896,5.03984e+7
12.347210884,5.90337e+6
12.353015873,3.02558e+6
12.358820862,2.93113e+6
12.364625850,2.66251e+6
12.370430839,2.41617e+6
12.376235828,2.98197e+6
12.382040816,2.21607e+6
12.387845805,2.1328e+6
12.393650794,1.86937e+6
12.399455782,265941
12.405260771,158446
12.411065760,119043
12.416870748,123401
12.422675737,119119
12.428480726,109716
12.434285714,101454
12.440090703,119278
12.445895692,106955
12.451700680,102638
12.457505669,132274
12.463310658,98595
12.469115646,85356.4
12.474920635,95361.4
12.480725624,95638.7
12.486530612,98633.4
12.492335601,119144
12.498140590,122219
12.503945578,117554
12.509750567,116530
12.515555556,151756
12.521360544,260281
12.527165533,611186
12.532970522,1.19699e+6
12.538775510,2.15447e+6
12.544580499,1.96759e+6
12.550385488,1.10216e+6
12.556190476,1.19609e+6
12.561995465,1.10572e+6
12.567800454,1.74137e+6
12.573605442,1.69704e+6
12.579410431,1.33351e+6
12.585215420,1.37182e+6
12.591020408,1.71542e+6
12.596825397,1.04578e+6
12.602630385,1.14008e+6
12.608435374,2.15274e+6
12.614240363,2.40711e+6
12.620045351,4.45464e+6
12.625850340,1.08687e+7
12.631655329,2.09601e+7
12.637460317,2.30679e+7
12.643265306,2.6555e+7
12.649070295,4.272e+7
12.654875283,2.22573e+7
12.660680272,4.57212e+6
12.666485261,1.38415e+6
12.672290249,1.13523e+6
12.678095238,1.61249e+6
12.683900227,2.01678e+6
12.689705215,991328
12.695510204,428047
12.701315193,549250
12.707120181,2.00343e+6
12.712925170,1.29677e+6
12.718730159,486592
12.724535147,551739
12.730340136,1.18577e+6
12.736145125,551569
12.741950113,702427
12.747755102,577813
12.753560091,591462
12.759365079,1.60644e+6
12.765170068,3.61219e+6
12.770975057,4.43726e+6
12.776780045,3.69851e+6
12.782585034,2.42523e+6
12.788390023,1.70607e+6
12.794195011,1.98099e+6
12.800000000,2.32177e+6
12.805804989,3.37112e+6
12.811609977,2.6926e+6
12.817414966,1.04935e+6
12.823219955,985991
12.829024943,2.06533e+6
12.834829932,3.42652e+6
12.840634921,2.54885e+6
12.846439909,3.59748e+6
12.852244898,3.67166e+6
12.858049887,3.87688e+6
12.863854875,3.76345e+6
12.869659864,4.36558e+6
12.875464853,4.36877e+6
12.881269841,3.13017e+6
12.887074830,3.75854e+6
12.892879819,4.37024e+6
12.898684807,4.19389e+6
12.904489796,5.4004e+6
12.910294785,5.02256e+6
12.916099773,5.83866e+6
12.921904762,7.05152e+6
12.927709751,4.81937e+6
12.933514739,6.05799e+6
12.939319728,7.45068e+6
12.945124717,5.57946e+6
12.950929705,5.46927e+6
12.956734694,4.57724e+6
12.962539683,4.80627e+6
12.968344671,4.67516e+6
12.974149660,4.06067e+6
12.979954649,4.95331e+6
12.985759637,5.14379e+6
12.991564626,4.02571e+6
12.997369615,3.31534e+6
13.003174603,3.89766e+6
13.008979592,4.94068e+6
13.014784580,8.73089e+6
13.020589569,5.86529e+6
13.026394558,4.21981e+6
13.032199546,4.4758e+6
13.038004535,4.71928e+6
13.043809524,3.30091e+6
13.049614512,8.48847e+6
13.055419501,1.75891e+7
13.061224490,6.38305e+6
13.067029478,6.40995e+6
13.072834467,7.50719e+6
13.078639456,7.78069e+6
13.084444444,6.38312e+6
13.090249433,8.62363e+6
13.096054422,1.02058e+7
13.101859410,6.04117e+6
