0.023219954,0.367188
0.046439909,0.347656
0.069659863,0.335938
0.092879818,0.320313
0.116099773,0.273438
0.139319727,0.257813
0.162539682,0.214844
0.185759637,0.136719
0.208979591,0.0507813
0.232199546,0.0546875
0.255419501,0.0507813
0.278639455,0.0507813
0.301859410,0.0507813
0.325079365,0.0507813
0.348299319,-0.0078125
0.371519274,-0.0078125
0.394739229,-0.0078125
0.417959183,-0.00390625
0.441179138,0
0.464399092,0.0078125
0.487619047,-0.0078125
0.510839002,0
0.534058956,0.0078125
0.557278911,-0.0390625
0.580498866,-0.0351563
0.603718820,-0.0351563
0.626938775,-0.0351563
0.650158730,-0.0351563
0.673378684,-0.0351563
0.696598639,-0.0351563
0.719818594,-0.0390625
0.743038548,-0.0429688
0.766258503,0.0234375
0.789478458,0.113281
0.812698412,0.195313
0.835918367,0.277344
0.859138321,0.320313
0.882358276,0.332031
0.905578231,0.359375
0.928798185,0.386719
0.952018140,0.394531
0.975238095,0.402344
0.998458049,0.421875
1.021678004,0.457031
1.044897959,0.453125
1.068117913,0.449219
1.091337868,0.449219
1.114557823,0.449219
1.137777777,0.453125
1.160997732,0.453125
1.184217687,0.449219
1.207437641,0.445313
1.230657596,0.441406
1.253877551,0.46875
1.277097505,0.464844
1.300317460,0.460938
1.323537414,0.457031
1.346757369,0.453125
1.369977324,0.449219
1.393197278,0.449219
1.416417233,0.449219
1.439637188,0.421875
1.462857142,0.425781
1.486077097,0.429688
1.509297052,0.394531
1.532517006,0.398438
1.555736961,0.398438
1.578956916,0.402344
1.602176870,0.40625
1.625396825,0.40625
1.648616780,0.410156
1.671836734,0.414063
1.695056689,0.417969
1.718276643,0.40625
1.741496598,0.40625
1.764716553,0.40625
1.787936507,0.40625
1.811156462,0.40625
1.834376417,0.40625
1.857596371,0.40625
1.880816326,0.414063
1.904036281,0.410156
1.927256235,0.40625
1.950476190,0.402344
1.973696145,0.402344
1.996916099,0.402344
2.020136054,0.402344
2.043356009,0.40625
2.066575963,0.410156
2.089795918,0.40625
2.113015873,0.414063
2.136235827,0.421875
2.159455782,0.425781
2.182675736,0.429688
2.205895691,0.433594
2.229115646,0.4375
2.252335600,0.441406
2.275555555,0.445313
2.298775510,0.449219
2.321995464,0.449219
2.345215419,0.449219
2.368435374,0.445313
2.391655328,0.441406
2.414875283,0.441406
2.438095238,0.4375
2.461315192,0.433594
2.484535147,0.429688
2.507755102,0.4375
2.530975056,0.433594
2.554195011,0.429688
2.577414965,0.425781
2.600634920,0.425781
2.623854875,0.425781
2.647074829,0.425781
2.670294784,0.425781
2.693514739,0.425781
2.716734693,0.425781
2.739954648,0.425781
2.763174603,0.425781
2.786394557,0.425781
2.809614512,0.425781
2.832834467,0.425781
2.856054421,0.425781
2.879274376,0.425781
2.902494331,0.429688
2.925714285,0.433594
2.948934240,0.4375
2.972154195,0.429688
2.995374149,0.433594
3.018594104,0.4375
3.041814058,0.441406
3.065034013,0.441406
3.088253968,0.441406
3.111473922,0.441406
3.134693877,0.445313
3.157913832,0.449219
3.181133786,0.453125
3.204353741,0.457031
3.227573696,0.460938
3.250793650,0.464844
3.274013605,0.464844
3.297233560,0.464844
3.320453514,0.460938
3.343673469,0.453125
3.366893424,0.445313
3.390113378,0.453125
3.413333333,0.464844
3.436553287,0.484375
3.459773242,0.53125
3.482993197,0.554688
3.506213151,0.589844
3.529433106,0.605469
3.552653061,0.628906
3.575873015,0.628906
3.599092970,0.648438
3.622312925,0.644531
3.645532879,0.644531
3.668752834,0.648438
3.691972789,0.652344
3.715192743,0.65625
3.738412698,0.660156
3.761632653,0.660156
3.784852607,0.660156
3.808072562,0.660156
3.831292517,0.660156
3.854512471,0.660156
3.877732426,0.660156
3.900952380,0.660156
3.924172335,0.660156
3.947392290,0.660156
3.970612244,0.660156
3.993832199,0.660156
4.017052154,0.660156
4.040272108,0.660156
4.063492063,0.660156
4.086712018,0.660156
4.109931972,0.660156
4.133151927,0.660156
4.156371882,0.660156
4.179591836,0.660156
4.202811791,0.660156
4.226031746,0.660156
4.249251700,0.660156
4.272471655,0.660156
4.295691609,0.660156
4.318911564,0.660156
4.342131519,0.660156
4.365351473,0.660156
4.388571428,0.660156
4.411791383,0.65625
4.435011337,0.652344
4.458231292,0.648438
4.481451247,0.644531
4.504671201,0.644531
4.527891156,0.644531
4.551111111,0.671875
4.574331065,0.671875
4.597551020,0.671875
4.620770975,0.671875
4.643990929,0.671875
4.667210884,0.671875
4.690430839,0.671875
4.713650793,0.671875
4.736870748,0.671875
4.760090702,0.671875
4.783310657,0.671875
4.806530612,0.675781
4.829750566,0.679688
4.852970521,0.65625
4.876190476,0.660156
4.899410430,0.664063
4.922630385,0.664063
4.945850340,0.664063
4.969070294,0.664063
4.992290249,0.664063
5.015510204,0.664063
5.038730158,0.664063
5.061950113,0.664063
5.085170068,0.664063
5.108390022,0.664063
5.131609977,0.664063
5.154829931,0.664063
5.178049886,0.664063
5.201269841,0.664063
5.224489795,0.664063
5.247709750,0.691406
5.270929705,0.664063
5.294149659,0.664063
5.317369614,0.664063
5.340589569,0.664063
5.363809523,0.6875
5.387029478,0.679688
5.410249433,0.671875
5.433469387,0.675781
5.456689342,0.667969
5.479909297,0.660156
5.503129251,0.652344
5.526349206,0.65625
5.549569160,0.648438
5.572789115,0.65625
5.596009070,0.648438
5.619229024,0.644531
5.642448979,0.636719
5.665668934,0.636719
5.688888888,0.628906
5.712108843,0.625
5.735328798,0.617188
5.758548752,0.609375
5.781768707,0.605469
5.804988662,0.605469
5.828208616,0.605469
5.851428571,0.605469
5.874648526,0.605469
5.897868480,0.605469
5.921088435,0.605469
5.944308390,0.605469
5.967528344,0.605469
5.990748299,0.605469
6.013968253,0.605469
6.037188208,0.601563
6.060408163,0.601563
6.083628117,0.601563
6.106848072,0.601563
6.130068027,0.601563
6.153287981,0.601563
6.176507936,0.601563
6.199727891,0.601563
6.222947845,0.601563
6.246167800,0.601563
6.269387755,0.601563
6.292607709,0.601563
6.315827664,0.601563
6.339047619,0.605469
6.362267573,0.605469
6.385487528,0.605469
6.408707482,0.605469
6.431927437,0.605469
6.455147392,0.605469
6.478367346,0.605469
6.501587301,0.605469
6.524807256,0.605469
6.548027210,0.605469
6.571247165,0.605469
6.594467120,0.605469
6.617687074,0.601563
6.640907029,0.605469
6.664126984,0.601563
6.687346938,0.601563
6.710566893,0.59375
6.733786848,0.59375
6.757006802,0.589844
6.780226757,0.582031
6.803446712,0.578125
6.826666666,0.578125
6.849886621,0.554688
6.873106575,0.554688
6.896326530,0.554688
6.919546485,0.554688
6.942766439,0.554688
6.965986394,0.554688
6.989206349,0.554688
7.012426303,0.558594
7.035646258,0.5625
7.058866213,0.5625
7.082086167,0.5625
7.105306122,0.5625
7.128526077,0.5625
7.151746031,0.5625
7.174965986,0.5625
7.198185941,0.5625
7.221405895,0.5625
7.244625850,0.558594
7.267845804,0.554688
7.291065759,0.554688
7.314285714,0.554688
7.337505668,0.554688
7.360725623,0.554688
7.383945578,0.554688
7.407165532,0.554688
7.430385487,0.554688
7.453605442,0.554688
7.476825396,0.554688
7.500045351,0.554688
7.523265306,0.554688
7.546485260,0.554688
7.569705215,0.542969
7.592925170,0.554688
7.616145124,0.554688
7.639365079,0.554688
7.662585034,0.554688
7.685804988,0.554688
7.709024943,0.554688
7.732244897,0.554688
7.755464852,0.554688
7.778684807,0.554688
7.801904761,0.554688
7.825124716,0.554688
7.848344671,0.554688
7.871564625,0.554688
7.894784580,0.554688
7.918004535,0.554688
7.941224489,0.554688
7.964444444,0.554688
7.987664399,0.554688
8.010884353,0.554688
8.034104308,0.554688
8.057324263,0.542969
8.080544217,0.542969
8.103764172,0.542969
8.126984126,0.542969
8.150204081,0.554688
8.173424036,0.554688
8.196643990,0.554688
8.219863945,0.554688
8.243083900,0.554688
8.266303854,0.558594
8.289523809,0.5625
8.312743764,0.554688
8.335963718,0.558594
8.359183673,0.5625
8.382403628,0.566406
8.405623582,0.570313
8.428843537,0.574219
8.452063492,0.578125
8.475283446,0.578125
8.498503401,0.578125
8.521723356,0.578125
8.544943310,0.578125
8.568163265,0.578125
8.591383219,0.574219
8.614603174,0.574219
8.637823129,0.570313
8.661043083,0.566406
8.684263038,0.566406
8.707482993,0.5625
8.730702947,0.5625
8.753922902,0.5625
8.777142857,0.5625
8.800362811,0.5625
8.823582766,0.5625
8.846802721,0.5625
8.870022675,0.5625
8.893242630,0.5625
8.916462585,0.5625
8.939682539,0.5625
8.962902494,0.5625
8.986122448,0.5625
9.009342403,0.5625
9.032562358,0.5625
9.055782312,0.5625
9.079002267,0.5625
9.102222222,0.5625
9.125442176,0.5625
9.148662131,0.5625
9.171882086,0.5625
9.195102040,0.5625
9.218321995,0.5625
9.241541950,0.5625
9.264761904,0.566406
9.287981859,0.574219
9.311201814,0.570313
9.334421768,0.578125
9.357641723,0.566406
9.380861678,0.535156
9.404081632,0.527344
9.427301587,0.519531
9.450521541,0.484375
9.473741496,0.480469
9.496961451,0.480469
9.520181405,0.433594
9.543401360,0.441406
9.566621315,0.429688
9.589841269,0.433594
9.613061224,0.433594
9.636281179,0.433594
9.659501133,0.433594
9.682721088,0.433594
9.705941043,0.429688
9.729160997,0.421875
9.752380952,0.433594
9.775600907,0.425781
9.798820861,0.472656
9.822040816,0.472656
9.845260770,0.476563
9.868480725,0.511719
9.891700680,0.523438
9.914920634,0.53125
9.938140589,0.5625
9.961360544,0.574219
9.984580498,0.578125
10.007800453,0.585938
10.031020408,0.601563
10.054240362,0.605469
10.077460317,0.597656
10.100680272,0.597656
10.123900226,0.59375
10.147120181,0.585938
10.170340136,0.578125
10.193560090,0.578125
10.216780045,0.570313
10.240000000,0.5625
10.263219954,0.5625
10.286439909,0.554688
10.309659863,0.546875
10.332879818,0.539063
10.356099773,0.53125
10.379319727,0.527344
10.402539682,0.527344
10.425759637,0.527344
10.448979591,0.527344
10.472199546,0.527344
10.495419501,0.527344
10.518639455,0.527344
10.541859410,0.527344
10.565079365,0.527344
10.588299319,0.527344
10.611519274,0.527344
10.634739229,0.527344
10.657959183,0.527344
10.681179138,0.527344
10.704399092,0.527344
10.727619047,0.527344
10.750839002,0.527344
10.774058956,0.527344
10.797278911,0.527344
10.820498866,0.527344
10.843718820,0.527344
10.866938775,0.527344
10.890158730,0.527344
10.913378684,0.527344
10.936598639,0.527344
10.959818594,0.527344
10.983038548,0.527344
11.006258503,0.527344
11.029478458,0.527344
11.052698412,0.527344
11.075918367,0.527344
11.099138321,0.527344
11.122358276,0.527344
11.145578231,0.527344
11.168798185,0.527344
11.192018140,0.527344
11.215238095,0.527344
11.238458049,0.527344
11.261678004,0.527344
11.284897959,0.527344
11.308117913,0.527344
11.331337868,0.535156
11.354557823,0.542969
11.377777777,0.550781
11.400997732,0.558594
11.424217687,0.566406
11.447437641,0.570313
11.470657596,0.574219
11.493877551,0.582031
11.517097505,0.589844
11.540317460,0.597656
11.563537414,0.605469
11.586757369,0.613281
11.609977324,0.621094
11.633197278,0.621094
11.656417233,0.628906
11.679637188,0.636719
11.702857142,0.644531
11.726077097,0.648438
11.749297052,0.648438
11.772517006,0.648438
11.795736961,0.648438
11.818956916,0.648438
11.842176870,0.648438
11.865396825,0.648438
11.888616780,0.648438
11.911836734,0.648438
11.935056689,0.644531
11.958276643,0.636719
11.981496598,0.636719
12.004716553,0.628906
12.027936507,0.621094
12.051156462,0.613281
12.074376417,0.605469
12.097596371,0.597656
12.120816326,0.589844
12.144036281,0.582031
12.167256235,0.574219
12.190476190,0.566406
12.213696145,0.558594
12.236916099,0.550781
12.260136054,0.546875
12.283356009,0.542969
12.306575963,0.535156
12.329795918,0.527344
12.353015873,0.523438
12.376235827,0.519531
12.399455782,0.511719
12.422675736,0.511719
12.445895691,0.503906
12.469115646,0.496094
12.492335600,0.488281
12.515555555,0.480469
12.538775510,0.472656
12.561995464,0.46875
12.585215419,0.472656
12.608435374,0.476563
12.631655328,0.484375
12.654875283,0.492188
12.678095238,0.5
12.701315192,0.507813
12.724535147,0.515625
12.747755102,0.523438
12.770975056,0.53125
12.794195011,0.535156
12.817414965,0.542969
12.840634920,0.546875
12.863854875,0.550781
12.887074829,0.558594
12.910294784,0.566406
12.933514739,0.574219
12.956734693,0.574219
12.979954648,0.574219
13.003174603,0.574219
13.026394557,0.574219
13.049614512,0.574219
13.072834467,0.574219
13.096054421,0.574219
13.119274376,0.570313
13.142494331,0.570313
13.165714285,0.570313
13.188934240,0.570313
13.212154195,0.570313
13.235374149,0.570313
13.258594104,0.570313
13.281814058,0.570313
13.305034013,0.570313
13.328253968,0.570313
13.351473922,0.570313
13.374693877,0.570313
13.397913832,0.570313
13.421133786,0.570313
13.444353741,0.570313
13.467573696,0.570313
13.490793650,0.570313
13.514013605,0.570313
13.537233560,0.570313
13.560453514,0.570313
13.583673469,0.570313
13.606893424,0.570313
13.630113378,0.570313
13.653333333,0.570313
13.676553287,0.570313
13.699773242,0.570313
13.722993197,0.570313
13.746213151,0.570313
13.769433106,0.570313
13.792653061,0.570313
13.815873015,0.570313
13.839092970,0.570313
13.862312925,0.570313
13.885532879,0.570313
13.908752834,0.570313
13.931972789,0.570313
13.955192743,0.570313
13.978412698,0.570313
14.001632653,0.566406
14.024852607,0.558594
14.048072562,0.554688
14.071292517,0.546875
14.094512471,0.539063
14.117732426,0.53125
14.140952380,0.523438
14.164172335,0.519531
14.187392290,0.515625
14.210612244,0.515625
14.233832199,0.515625
14.257052154,0.515625
14.280272108,0.515625
14.303492063,0.515625
14.326712018,0.515625
14.349931972,0.515625
14.373151927,0.515625
14.396371882,0.515625
14.419591836,0.515625
14.442811791,0.515625
14.466031746,0.515625
14.489251700,0.515625
14.512471655,0.515625
14.535691609,0.515625
14.558911564,0.515625
14.582131519,0.515625
14.605351473,0.511719
14.628571428,0.503906
14.651791383,0.5
14.675011337,0.492188
14.698231292,0.488281
14.721451247,0.488281
14.744671201,0.492188
14.767891156,0.492188
14.791111111,0.492188
14.814331065,0.492188
14.837551020,0.492188
14.860770975,0.492188
14.883990929,0.492188
14.907210884,0.492188
14.930430839,0.492188
14.953650793,0.492188
14.976870748,0.492188
15.000090702,0.496094
15.023310657,0.496094
15.046530612,0.496094
15.069750566,0.496094
15.092970521,0.496094
15.116190476,0.496094
15.139410430,0.496094
15.162630385,0.496094
15.185850340,0.496094
15.209070294,0.496094
15.232290249,0.496094
15.255510204,0.496094
15.278730158,0.496094
15.301950113,0.496094
15.325170068,0.496094
15.348390022,0.496094
15.371609977,0.496094
15.394829931,0.496094
15.418049886,0.496094
15.441269841,0.496094
15.464489795,0.496094
15.487709750,0.496094
15.510929705,0.496094
15.534149659,0.496094
15.557369614,0.496094
15.580589569,0.496094
15.603809523,0.496094
15.627029478,0.496094
15.650249433,0.492188
15.673469387,0.492188
15.696689342,0.5
15.719909297,0.507813
15.743129251,0.511719
15.766349206,0.515625
15.789569160,0.519531
15.812789115,0.519531
15.836009070,0.527344
15.859229024,0.527344
15.882448979,0.53125
15.905668934,0.539063
15.928888888,0.542969
15.952108843,0.546875
15.975328798,0.542969
15.998548752,0.546875
16.021768707,0.546875
16.044988662,0.546875
16.068208616,0.527344
16.091428571,0.527344
16.114648526,0.527344
16.137868480,0.523438
16.161088435,0.527344
16.184308390,0.535156
16.207528344,0.527344
16.230748299,0.527344
16.253968253,0.511719
16.277188208,0.519531
16.300408163,0.507813
16.323628117,0.511719
16.346848072,0.511719
16.370068027,0.511719
16.393287981,0.511719
16.416507936,0.511719
16.439727891,0.515625
16.462947845,0.519531
16.486167800,0.523438
16.509387755,0.527344
16.532607709,0.523438
16.555827664,0.519531
16.579047619,0.515625
16.602267573,0.511719
16.625487528,0.507813
16.648707482,0.503906
16.671927437,0.5
16.695147392,0.511719
16.718367346,0.507813
16.741587301,0.503906
16.764807256,0.5
16.788027210,0.496094
16.811247165,0.492188
16.834467120,0.488281
16.857687074,0.484375
16.880907029,0.480469
16.904126984,0.476563
16.927346938,0.476563
16.950566893,0.503906
16.973786848,0.503906
16.997006802,0.503906
17.020226757,0.503906
17.043446712,0.503906
17.066666666,0.503906
17.089886621,0.503906
17.113106575,0.503906
17.136326530,0.503906
17.159546485,0.503906
17.182766439,0.503906
17.205986394,0.503906
17.229206349,0.503906
17.252426303,0.5
17.275646258,0.496094
17.298866213,0.496094
17.322086167,0.496094
17.345306122,0.496094
17.368526077,0.496094
17.391746031,0.496094
17.414965986,0.496094
17.438185941,0.496094
17.461405895,0.496094
17.484625850,0.496094
17.507845804,0.496094
17.531065759,0.496094
17.554285714,0.496094
17.577505668,0.496094
17.600725623,0.460938
17.623945578,0.460938
17.647165532,0.464844
17.670385487,0.464844
17.693605442,0.46875
17.716825396,0.472656
17.740045351,0.472656
17.763265306,0.472656
17.786485260,0.472656
17.809705215,0.472656
17.832925170,0.472656
17.856145124,0.472656
17.879365079,0.476563
17.902585034,0.480469
17.925804988,0.488281
17.949024943,0.480469
17.972244897,0.484375
17.995464852,0.457031
18.018684807,0.4375
18.041904761,0.4375
18.065124716,0.425781
18.088344671,0.414063
18.111564625,0.40625
18.134784580,0.390625
18.158004535,0.394531
18.181224489,0.375
18.204444444,0.355469
18.227664399,0.339844
18.250884353,0.335938
18.274104308,0.320313
18.297324263,0.320313
18.320544217,0.300781
18.343764172,0.285156
18.366984126,0.257813
18.390204081,0.238281
18.413424036,0.207031
18.436643990,0.15625
18.459863945,0.160156
18.483083900,0.152344
18.506303854,0.132813
18.529523809,0.132813
18.552743764,0.132813
18.575963718,0.132813
18.599183673,0.132813
18.622403628,0.132813
18.645623582,0.132813
18.668843537,0.132813
18.692063492,0.132813
18.715283446,0.132813
18.738503401,0.132813
18.761723356,0.132813
18.784943310,0.132813
18.808163265,0.132813
18.831383219,0.132813
18.854603174,0.132813
18.877823129,0.132813
18.901043083,0.132813
18.924263038,0.128906
18.947482993,0.128906
18.970702947,0.152344
18.993922902,0.144531
19.017142857,0.148438
19.040362811,0.140625
19.063582766,0.132813
19.086802721,0.160156
19.110022675,0.152344
19.133242630,0.15625
19.156462585,0.148438
19.179682539,0.175781
19.202902494,0.167969
19.226122448,0.164063
19.249342403,0.15625
19.272562358,0.148438
19.295782312,0.144531
19.319002267,0.160156
19.342222222,0.15625
19.365442176,0.15625
19.388662131,0.160156
19.411882086,0.160156
19.435102040,0.160156
19.458321995,0.164063
19.481541950,0.164063
19.504761904,0.160156
19.527981859,0.160156
19.551201814,0.160156
19.574421768,0.160156
19.597641723,0.160156
19.620861678,0.164063
19.644081632,0.164063
19.667301587,0.164063
19.690521541,0.164063
19.713741496,0.164063
19.736961451,0.160156
19.760181405,0.15625
19.783401360,0.152344
19.806621315,0.148438
19.829841269,0.144531
19.853061224,0.140625
19.876281179,0.136719
19.899501133,0.164063
19.922721088,0.164063
19.945941043,0.136719
19.969160997,0.140625
19.992380952,0.140625
20.015600907,0.121094
20.038820861,0.121094
20.062040816,0.0898438
20.085260770,0.09375
20.108480725,0.0859375
20.131700680,0.0898438
20.154920634,0.0898438
20.178140589,0.0898438
20.201360544,0.0898438
20.224580498,0.0976563
20.247800453,0.09375
20.271020408,0.0898438
20.294240362,0.0859375
20.317460317,0.109375
20.340680272,0.105469
20.363900226,0.105469
20.387120181,0.0976563
20.410340136,0.09375
20.433560090,0.109375
20.456780045,0.105469
20.480000000,0.0976563
20.503219954,0.132813
20.526439909,0.132813
20.549659863,0.140625
20.572879818,0.15625
20.596099773,0.164063
20.619319727,0.183594
20.642539682,0.1875
20.665759637,0.183594
20.688979591,0.183594
20.712199546,0.179688
20.735419501,0.179688
20.758639455,0.179688
20.781859410,0.179688
20.805079365,0.179688
20.828299319,0.179688
20.851519274,0.179688
20.874739229,0.179688
20.897959183,0.179688
20.921179138,0.179688
20.944399092,0.179688
20.967619047,0.179688
20.990839002,0.179688
21.014058956,0.179688
21.037278911,0.183594
21.060498866,0.1875
21.083718820,0.191406
21.106938775,0.195313
21.130158730,0.199219
21.153378684,0.203125
21.176598639,0.207031
21.199818594,0.203125
21.223038548,0.203125
21.246258503,0.203125
21.269478458,0.203125
21.292698412,0.203125
21.315918367,0.203125
21.339138321,0.203125
21.362358276,0.203125
21.385578231,0.207031
21.408798185,0.203125
21.432018140,0.203125
21.455238095,0.207031
21.478458049,0.210938
21.501678004,0.214844
21.524897959,0.214844
21.548117913,0.214844
21.571337868,0.199219
21.594557823,0.207031
21.617777777,0.214844
21.640997732,0.214844
21.664217687,0.214844
21.687437641,0.210938
21.710657596,0.207031
21.733877551,0.203125
21.757097505,0.199219
21.780317460,0.195313
21.803537414,0.191406
21.826757369,0.191406
21.849977324,0.191406
21.873197278,0.191406
21.896417233,0.191406
21.919637188,0.191406
21.942857142,0.191406
21.966077097,0.191406
21.989297052,0.191406
22.012517006,0.191406
22.035736961,0.191406
22.058956916,0.191406
22.082176870,0.191406
22.105396825,0.191406
22.128616780,0.191406
22.151836734,0.191406
22.175056689,0.191406
22.198276643,0.191406
22.221496598,0.191406
22.244716553,0.191406
22.267936507,0.191406
22.291156462,0.1875
22.314376417,0.183594
22.337596371,0.179688
22.360816326,0.175781
22.384036281,0.171875
22.407256235,0.1875
22.430476190,0.183594
22.453696145,0.183594
22.476916099,0.183594
22.500136054,0.183594
22.523356009,0.183594
22.546575963,0.183594
22.569795918,0.183594
22.593015873,0.183594
22.616235827,0.164063
22.639455782,0.167969
22.662675736,0.171875
22.685895691,0.175781
22.709115646,0.179688
22.732335600,0.179688
22.755555555,0.179688
22.778775510,0.175781
22.801995464,0.175781
22.825215419,0.175781
22.848435374,0.175781
22.871655328,0.175781
22.894875283,0.179688
22.918095238,0.179688
22.941315192,0.179688
22.964535147,0.179688
22.987755102,0.179688
23.010975056,0.179688
23.034195011,0.179688
23.057414965,0.179688
23.080634920,0.183594
23.103854875,0.1875
23.127074829,0.167969
23.150294784,0.171875
23.173514739,0.175781
23.196734693,0.179688
23.219954648,0.183594
23.243174603,0.183594
23.266394557,0.1875
23.289614512,0.191406
23.312834467,0.195313
23.336054421,0.199219
23.359274376,0.203125
23.382494331,0.195313
23.405714285,0.199219
23.428934240,0.203125
23.452154195,0.207031
23.475374149,0.203125
23.498594104,0.199219
23.521814058,0.207031
23.545034013,0.203125
23.568253968,0.199219
23.591473922,0.195313
23.614693877,0.195313
23.637913832,0.199219
23.661133786,0.199219
23.684353741,0.199219
23.707573696,0.199219
23.730793650,0.199219
23.754013605,0.199219
23.777233560,0.199219
23.800453514,0.199219
23.823673469,0.199219
23.846893424,0.199219
23.870113378,0.199219
23.893333333,0.199219
23.916553287,0.203125
23.939773242,0.207031
23.962993197,0.207031
23.986213151,0.210938
24.009433106,0.214844
24.032653061,0.207031
24.055873015,0.210938
24.079092970,0.214844
24.102312925,0.21875
24.125532879,0.222656
24.148752834,0.226563
24.171972789,0.230469
24.195192743,0.230469
24.218412698,0.226563
24.241632653,0.222656
24.264852607,0.21875
24.288072562,0.226563
24.311292517,0.222656
24.334512471,0.222656
24.357732426,0.226563
24.380952380,0.21875
24.404172335,0.21875
24.427392290,0.21875
24.450612244,0.21875
24.473832199,0.21875
24.497052154,0.21875
24.520272108,0.214844
24.543492063,0.214844
24.566712018,0.214844
24.589931972,0.195313
24.613151927,0.195313
24.636371882,0.195313
24.659591836,0.195313
24.682811791,0.195313
24.706031746,0.191406
24.729251700,0.191406
24.752471655,0.191406
24.775691609,0.1875
24.798911564,0.183594
24.822131519,0.15625
24.845351473,0.152344
24.868571428,0.152344
24.891791383,0.152344
24.915011337,0.15625
24.938231292,0.160156
24.961451247,0.164063
24.984671201,0.152344
25.007891156,0.15625
25.031111111,0.160156
25.054331065,0.148438
25.077551020,0.121094
25.100770975,0.125
25.123990929,0.125
25.147210884,0.128906
25.170430839,0.0820313
25.193650793,0.0859375
25.216870748,0.0820313
25.240090702,0.0859375
25.263310657,0.0585938
25.286530612,0.0625
25.309750566,0.0625
25.332970521,0.0625
25.356190476,0.0625
25.379410430,0.0625
25.402630385,0.0625
25.425850340,0.0585938
25.449070294,0.0546875
25.472290249,0.0507813
25.495510204,0.046875
25.518730158,-0.0078125
25.541950113,-0.0078125
25.565170068,-0.0078125
25.588390022,-0.0117188
25.611609977,-0.0117188
25.634829931,-0.015625
25.658049886,-0.015625
25.681269841,-0.015625
25.704489795,-0.015625
25.727709750,-0.015625
25.750929705,-0.0234375
25.774149659,-0.0234375
25.797369614,-0.0234375
25.820589569,-0.0390625
25.843809523,-0.0390625
25.867029478,-0.0390625
25.890249433,-0.0390625
25.913469387,-0.0390625
25.936689342,-0.046875
25.959909297,-0.046875
25.983129251,-0.046875
26.006349206,-0.046875
26.029569160,-0.0664063
26.052789115,-0.0664063
26.076009070,-0.0664063
26.099229024,-0.0664063
26.122448979,-0.0664063
26.145668934,-0.0625
26.168888888,-0.0664063
26.192108843,-0.0820313
26.215328798,-0.078125
26.238548752,-0.0742188
26.261768707,-0.0703125
26.284988662,-0.078125
26.308208616,-0.0742188
26.331428571,-0.0703125
26.354648526,-0.078125
26.377868480,-0.0898438
26.401088435,-0.0859375
26.424308390,-0.0976563
26.447528344,-0.109375
26.470748299,-0.117188
26.493968253,-0.136719
26.517188208,-0.140625
26.540408163,-0.144531
26.563628117,-0.160156
26.586848072,-0.167969
26.610068027,-0.164063
26.633287981,-0.160156
26.656507936,-0.171875
26.679727891,-0.167969
26.702947845,-0.167969
26.726167800,-0.164063
26.749387755,-0.160156
26.772607709,-0.160156
26.795827664,-0.160156
26.819047619,-0.160156
26.842267573,-0.167969
26.865487528,-0.164063
26.888707482,-0.160156
26.911927437,-0.15625
26.935147392,-0.15625
26.958367346,-0.15625
26.981587301,-0.15625
27.004807256,-0.15625
27.028027210,-0.15625
27.051247165,-0.15625
27.074467120,-0.15625
27.097687074,-0.160156
27.120907029,-0.160156
27.144126984,-0.160156
27.167346938,-0.160156
27.190566893,-0.160156
27.213786848,-0.160156
27.237006802,-0.160156
27.260226757,-0.160156
27.283446712,-0.160156
27.306666666,-0.160156
27.329886621,-0.160156
27.353106575,-0.160156
27.376326530,-0.160156
27.399546485,-0.160156
27.422766439,-0.160156
27.445986394,-0.160156
27.469206349,-0.160156
27.492426303,-0.160156
27.515646258,-0.171875
27.538866213,-0.171875
27.562086167,-0.171875
27.585306122,-0.171875
27.608526077,-0.171875
27.631746031,-0.167969
27.654965986,-0.167969
27.678185941,-0.164063
27.701405895,-0.160156
27.724625850,-0.160156
27.747845804,-0.160156
27.771065759,-0.171875
27.794285714,-0.171875
27.817505668,-0.171875
27.840725623,-0.171875
27.863945578,-0.171875
27.887165532,-0.171875
27.910385487,-0.171875
27.933605442,-0.171875
27.956825396,-0.171875
27.980045351,-0.171875
28.003265306,-0.171875
28.026485260,-0.171875
28.049705215,-0.171875
28.072925170,-0.171875
28.096145124,-0.171875
28.119365079,-0.171875
28.142585034,-0.171875
28.165804988,-0.171875
28.189024943,-0.171875
28.212244897,-0.171875
28.235464852,-0.167969
28.258684807,-0.164063
28.281904761,-0.160156
28.305124716,-0.15625
28.328344671,-0.152344
28.351564625,-0.148438
28.374784580,-0.144531
28.398004535,-0.140625
28.421224489,-0.136719
28.444444444,-0.132813
28.467664399,-0.128906
28.490884353,-0.125
28.514104308,-0.121094
28.537324263,-0.117188
28.560544217,-0.117188
28.583764172,-0.117188
28.606984126,-0.117188
28.630204081,-0.117188
28.653424036,-0.125
28.676643990,-0.121094
28.699863945,-0.117188
28.723083900,-0.113281
28.746303854,-0.109375
28.769523809,-0.105469
28.792743764,-0.101563
28.815963718,-0.0976563
28.839183673,-0.0976563
28.862403628,-0.0976563
28.885623582,-0.0976563
28.908843537,-0.0976563
28.932063492,-0.0976563
28.955283446,-0.101563
28.978503401,-0.101563
29.001723356,-0.101563
29.024943310,-0.101563
29.048163265,-0.101563
29.071383219,-0.101563
29.094603174,-0.101563
29.117823129,-0.101563
29.141043083,-0.101563
29.164263038,-0.101563
29.187482993,-0.101563
29.210702947,-0.101563
29.233922902,-0.101563
29.257142857,-0.101563
29.280362811,-0.101563
29.303582766,-0.101563
29.326802721,-0.101563
29.350022675,-0.101563
29.373242630,-0.101563
29.396462585,-0.101563
29.419682539,-0.0976563
29.442902494,-0.09375
29.466122448,-0.0898438
29.489342403,-0.0859375
29.512562358,-0.0820313
29.535782312,-0.078125
29.559002267,-0.0742188
29.582222222,-0.0703125
29.605442176,-0.0703125
29.628662131,-0.0664063
29.651882086,-0.0625
29.675102040,-0.0585938
29.698321995,-0.0546875
29.721541950,-0.0507813
29.744761904,-0.046875
29.767981859,-0.0429688
29.791201814,-0.0390625
29.814421768,-0.0351563
29.837641723,-0.03125
29.860861678,-0.03125
29.884081632,-0.03125
29.907301587,-0.03125
29.930521541,-0.03125
29.953741496,-0.03125
29.976961451,-0.03125
30.000181405,-0.03125
30.023401360,-0.03125
30.046621315,-0.03125
30.069841269,-0.03125
30.093061224,-0.03125
30.116281179,-0.0273438
30.139501133,-0.0234375
30.162721088,-0.0195313
30.185941043,-0.015625
30.209160997,-0.0117188
30.232380952,-0.0078125
30.255600907,-0.00390625
30.278820861,0
30.302040816,0
