0.000000000,1.30335e+6
0.005804989,1.00771e+6
0.011609977,964827
0.017414966,1.0057e+6
0.023219955,785026
0.029024943,728214
0.034829932,914750
0.040634921,909222
0.046439909,902399
0.052244898,991659
0.058049887,991385
0.063854875,1.03928e+6
0.069659864,1.12534e+6
0.075464853,1.24825e+6
0.081269841,1.2964e+6
0.087074830,1.31746e+6
0.092879819,1.37521e+6
0.098684807,1.43997e+6
0.104489796,1.39617e+6
0.110294785,1.36702e+6
0.116099773,1.24663e+6
0.121904762,1.10577e+6
0.127709751,1.0289e+6
0.133514739,986509
0.139319728,859991
0.145124717,743473
0.150929705,851963
0.156734694,999762
0.162539683,1.04701e+6
0.168344671,958986
0.174149660,892930
0.179954649,914183
0.185759637,977374
0.191564626,986993
0.197369615,887328
0.203174603,812989
0.208979592,769296
0.214784580,735123
0.220589569,661967
0.226394558,648051
0.232199546,676213
0.238004535,722662
0.243809524,707951
0.249614512,712596
0.255419501,716370
0.261224490,697620
0.267029478,690684
0.272834467,662525
0.278639456,676281
0.284444444,690211
0.290249433,657478
0.296054422,685350
0.301859410,750858
0.307664399,839159
0.313469388,815393
0.319274376,806663
0.325079365,934158
0.330884354,1.05923e+6
0.336689342,977328
0.342494331,882511
0.348299320,879185
0.354104308,834032
0.359909297,707797
0.365714286,639190
0.371519274,572900
0.377324263,566069
0.383129252,556935
0.388934240,495850
0.394739229,591205
0.400544218,701034
0.406349206,751539
0.412154195,839679
0.417959184,834218
0.423764172,870813
0.429569161,892355
0.435374150,1.13259e+6
0.441179138,1.33814e+6
0.446984127,1.12738e+6
0.452789116,1.09206e+6
0.458594104,1.00526e+6
0.464399093,762744
0.470204082,766404
0.476009070,728354
0.481814059,702204
0.487619048,793125
0.493424036,898120
0.499229025,929956
0.505034014,931055
0.510839002,959357
0.516643991,928873
0.522448980,942710
0.528253968,952048
0.534058957,947980
0.539863946,969491
0.545668934,909143
0.551473923,1.05395e+6
0.557278912,1.21478e+6
0.563083900,1.6498e+6
0.568888889,1.80164e+6
0.574693878,1.31791e+6
0.580498866,1.02804e+6
0.586303855,943656
0.592108844,820419
0.597913832,807035
0.603718821,777121
0.609523810,752659
0.615328798,748647
0.621133787,781328
0.626938776,944924
0.632743764,1.23367e+6
0.638548753,1.34033e+6
0.644353741,1.41346e+6
0.650158730,1.3893e+6
0.655963719,1.36983e+6
0.661768707,1.2755e+6
0.667573696,1.27553e+6
0.673378685,1.41204e+6
0.679183673,1.42722e+6
0.684988662,1.20604e+6
0.690793651,1.23382e+6
0.696598639,1.36026e+6
0.702403628,972718
0.708208617,812184
0.714013605,748751
0.719818594,814221
0.725623583,910387
0.731428571,897650
0.737233560,878285
0.743038549,914434
0.748843537,972937
0.754648526,1.16932e+6
0.760453515,1.25392e+6
0.766258503,1.15053e+6
0.772063492,1.04639e+6
0.777868481,1.01591e+6
0.783673469,941129
0.789478458,910990
0.795283447,848176
0.801088435,769235
0.806893424,773741
0.812698413,759473
0.818503401,766652
0.824308390,748000
0.830113379,868414
0.835918367,736589
0.841723356,742373
0.847528345,815681
0.853333333,770635
0.859138322,690116
0.864943311,702281
0.870748299,715369
0.876553288,707563
0.882358277,782113
0.888163265,835430
0.893968254,844148
0.899773243,728645
0.905578231,721078
0.911383220,946389
0.917188209,1.35582e+6
0.922993197,1.68542e+6
0.928798186,1.82124e+6
0.934603175,1.66365e+6
0.940408163,1.37811e+6
0.946213152,1.31956e+6
0.952018141,1.45906e+6
0.957823129,1.66005e+6
0.963628118,1.69165e+6
0.969433107,1.89801e+6
0.975238095,2.03167e+6
0.981043084,1.99383e+6
0.986848073,1.93946e+6
0.992653061,1.99185e+6
0.998458050,1.73162e+6
1.004263039,1.55916e+6
1.010068027,1.5897e+6
1.015873016,1.54052e+6
1.021678005,1.80675e+6
1.027482993,1.98459e+6
1.033287982,2.05405e+6
1.039092971,1.9302e+6
1.044897959,2.11554e+6
1.050702948,2.29979e+6
1.056507937,2.39814e+6
1.062312925,2.29563e+6
1.068117914,1.82188e+6
1.073922902,1.58308e+6
1.079727891,1.29308e+6
1.085532880,1.1363e+6
1.091337868,1.12807e+6
1.097142857,1.02961e+6
1.102947846,861533
1.108752834,782084
1.114557823,815544
1.120362812,873622
1.126167800,854172
1.131972789,752757
1.137777778,642279
1.143582766,690590
1.149387755,715174
1.155192744,661212
1.160997732,649064
1.166802721,671418
1.172607710,632648
1.178412698,612810
1.184217687,603859
1.190022676,580184
1.195827664,545221
1.201632653,546938
1.207437642,507202
1.213242630,524490
1.219047619,633470
1.224852608,807971
1.230657596,944371
1.236462585,1.10721e+6
1.242267574,1.29285e+6
1.248072562,1.47178e+6
1.253877551,1.55237e+6
1.259682540,1.48665e+6
1.265487528,1.4933e+6
1.271292517,1.56629e+6
1.277097506,1.66357e+6
1.282902494,1.78496e+6
1.288707483,1.74642e+6
1.294512472,1.75185e+6
1.300317460,1.80345e+6
1.306122449,1.80619e+6
1.311927438,1.7802e+6
1.317732426,1.73734e+6
1.323537415,1.79372e+6
1.329342404,1.87993e+6
1.335147392,1.93906e+6
1.340952381,1.91078e+6
1.346757370,1.92868e+6
1.352562358,1.81848e+6
1.358367347,1.6156e+6
1.364172336,1.48765e+6
1.369977324,1.31142e+6
1.375782313,1.15313e+6
1.381587302,1.11516e+6
1.387392290,1.15005e+6
1.393197279,1.01923e+6
1.399002268,957885
1.404807256,967817
1.410612245,966128
1.416417234,912817
1.422222222,894531
1.428027211,902317
1.433832200,1.05018e+6
1.439637188,1.02583e+6
1.445442177,915168
1.451247166,873322
1.457052154,803878
1.462857143,833760
1.468662132,835815
1.474467120,876674
1.480272109,867829
1.486077098,845660
1.491882086,806486
1.497687075,814580
1.503492063,870657
1.509297052,839620
1.515102041,981780
1.520907029,1.30713e+6
1.526712018,1.37195e+6
1.532517007,1.28402e+6
1.538321995,1.35918e+6
1.544126984,1.85048e+6
1.549931973,1.85668e+6
1.555736961,1.61541e+6
1.561541950,1.62581e+6
1.567346939,1.99392e+6
1.573151927,1.80846e+6
1.578956916,1.66468e+6
1.584761905,1.73146e+6
1.590566893,1.84691e+6
1.596371882,1.92125e+6
1.602176871,1.75662e+6
1.607981859,1.71683e+6
1.613786848,1.73707e+6
1.619591837,1.80216e+6
1.625396825,1.68244e+6
1.631201814,1.70665e+6
1.637006803,1.51345e+6
1.642811791,1.72306e+6
1.648616780,1.67935e+6
1.654421769,1.53802e+6
1.660226757,1.74214e+6
1.666031746,1.83162e+6
1.671836735,1.88452e+6
1.677641723,1.7639e+6
1.683446712,1.65308e+6
1.689251701,1.70901e+6
1.695056689,1.81592e+6
1.700861678,1.64728e+6
1.706666667,1.52561e+6
1.712471655,1.70511e+6
1.718276644,1.70399e+6
1.724081633,1.71386e+6
1.729886621,1.56412e+6
1.735691610,1.57248e+6
1.741496599,1.56399e+6
1.747301587,1.54882e+6
1.753106576,1.48997e+6
1.758911565,1.39532e+6
1.764716553,1.40562e+6
1.770521542,1.46943e+6
1.776326531,1.51844e+6
1.782131519,1.37215e+6
1.787936508,1.39573e+6
1.793741497,1.3872e+6
1.799546485,1.38776e+6
1.805351474,1.53209e+6
1.811156463,1.65056e+6
1.816961451,1.56802e+6
1.822766440,1.47281e+6
1.828571429,1.46595e+6
1.834376417,1.42166e+6
1.840181406,1.5085e+6
1.845986395,1.48963e+6
1.851791383,1.52634e+6
1.857596372,1.73924e+6
1.863401361,1.68869e+6
1.869206349,1.80413e+6
1.875011338,1.68657e+6
1.880816327,1.29214e+6
1.886621315,964205
1.892426304,938729
1.898231293,917643
1.904036281,909765
1.909841270,889706
1.915646259,705790
1.921451247,671264
1.927256236,566262
1.933061224,549966
1.938866213,551135
1.944671202,467337
1.950476190,433164
1.956281179,420943
1.962086168,419559
1.967891156,435544
1.973696145,493096
1.979501134,497574
1.985306122,587914
1.991111111,648298
1.996916100,733900
2.002721088,836651
2.008526077,866441
2.014331066,940948
2.020136054,932490
2.025941043,1.01937e+6
2.031746032,1.2601e+6
2.037551020,1.31325e+6
2.043356009,1.39523e+6
2.049160998,1.40655e+6
2.054965986,1.29016e+6
2.060770975,1.2778e+6
2.066575964,1.26153e+6
2.072380952,1.23869e+6
2.078185941,1.23439e+6
2.083990930,1.24055e+6
2.089795918,1.1701e+6
2.095600907,1.13364e+6
2.101405896,1.06069e+6
2.107210884,941043
2.113015873,889638
2.118820862,827904
2.124625850,774040
2.130430839,808098
2.136235828,805636
2.142040816,744038
2.147845805,706853
2.153650794,704237
2.159455782,707790
2.165260771,680142
2.171065760,750517
2.176870748,1.02165e+6
2.182675737,1.24493e+6
2.188480726,1.52859e+6
2.194285714,1.33694e+6
2.200090703,1.21617e+6
2.205895692,1.28413e+6
2.211700680,1.2503e+6
2.217505669,1.16923e+6
2.223310658,1.06983e+6
2.229115646,1.13255e+6
2.234920635,1.19079e+6
2.240725624,1.23614e+6
2.246530612,1.26268e+6
2.252335601,1.24256e+6
2.258140590,1.22466e+6
2.263945578,1.2576e+6
2.269750567,1.27203e+6
2.275555556,1.40217e+6
2.281360544,1.65631e+6
2.287165533,1.70349e+6
2.292970522,1.98119e+6
2.298775510,2.12499e+6
2.304580499,2.16281e+6
2.310385488,2.53154e+6
2.316190476,2.63434e+6
2.321995465,2.76412e+6
2.327800454,3.0035e+6
2.333605442,3.30486e+6
2.339410431,3.66646e+6
2.345215420,3.46894e+6
2.351020408,3.62782e+6
2.356825397,3.31252e+6
2.362630385,2.96952e+6
2.368435374,3.2141e+6
2.374240363,3.48798e+6
2.380045351,3.26734e+6
2.385850340,3.32653e+6
2.391655329,3.36732e+6
2.397460317,3.40735e+6
2.403265306,3.4039e+6
2.409070295,3.2998e+6
2.414875283,2.9416e+6
2.420680272,2.4232e+6
2.426485261,2.369e+6
2.432290249,2.1906e+6
2.438095238,1.85919e+6
2.443900227,1.73898e+6
2.449705215,1.75184e+6
2.455510204,2.18614e+6
2.461315193,2.74427e+6
2.467120181,2.83284e+6
2.472925170,2.9504e+6
2.478730159,2.70267e+6
2.484535147,1.96839e+6
2.490340136,1.36927e+6
2.496145125,1.16266e+6
2.501950113,1.19013e+6
2.507755102,1.23196e+6
2.513560091,1.2716e+6
2.519365079,1.44618e+6
2.525170068,1.57973e+6
2.530975057,1.6694e+6
2.536780045,2.12355e+6
2.542585034,3.04035e+6
2.548390023,3.2839e+6
2.554195011,3.26911e+6
2.560000000,3.04238e+6
2.565804989,2.66539e+6
2.571609977,2.4459e+6
2.577414966,1.98907e+6
2.583219955,1.87843e+6
2.589024943,2.07732e+6
2.594829932,2.20668e+6
2.600634921,1.92245e+6
2.606439909,2.14232e+6
2.612244898,2.51351e+6
2.618049887,2.46834e+6
2.623854875,2.71028e+6
2.629659864,2.65179e+6
2.635464853,2.64296e+6
2.641269841,2.58963e+6
2.647074830,2.28343e+6
2.652879819,1.83992e+6
2.658684807,1.25134e+6
2.664489796,1.39283e+6
2.670294785,1.84963e+6
2.676099773,1.90038e+6
2.681904762,1.8612e+6
2.687709751,2.00321e+6
2.693514739,1.4748e+6
2.699319728,979408
2.705124717,995588
2.710929705,957823
2.716734694,833197
2.722539683,664946
2.728344671,565528
2.734149660,573709
2.739954649,593117
2.745759637,607521
2.751564626,607129
2.757369615,637956
2.763174603,581022
2.768979592,623487
2.774784580,618917
2.780589569,616808
2.786394558,639293
2.792199546,651320
2.798004535,642791
2.803809524,643679
2.809614512,636632
2.815419501,624341
2.821224490,641745
2.827029478,650831
2.832834467,654154
2.838639456,706285
2.844444444,704144
2.850249433,712231
2.856054422,712252
2.861859410,740823
2.867664399,755590
2.873469388,725752
2.879274376,736347
2.885079365,796039
2.890884354,845803
2.896689342,877420
2.902494331,874028
2.908299320,936723
2.914104308,1.00407e+6
2.919909297,1.03986e+6
2.925714286,1.01343e+6
2.931519274,1.07623e+6
2.937324263,1.10315e+6
2.943129252,1.23521e+6
2.948934240,1.37109e+6
2.954739229,1.31799e+6
2.960544218,1.35061e+6
2.966349206,1.50079e+6
2.972154195,1.57536e+6
2.977959184,1.51491e+6
2.983764172,1.47093e+6
2.989569161,1.41302e+6
2.995374150,1.35228e+6
3.001179138,1.28587e+6
3.006984127,1.19947e+6
3.012789116,1.05714e+6
3.018594104,1.07044e+6
3.024399093,979047
3.030204082,959643
3.036009070,1.16659e+6
3.041814059,1.18221e+6
3.047619048,1.16134e+6
3.053424036,1.11069e+6
3.059229025,1.11258e+6
3.065034014,1.17557e+6
3.070839002,1.08528e+6
3.076643991,939938
3.082448980,892729
3.088253968,856019
3.094058957,866839
3.099863946,928071
3.105668934,958972
3.111473923,1.06758e+6
3.117278912,1.10876e+6
3.123083900,981039
3.128888889,914059
3.134693878,998158
3.140498866,972649
3.146303855,1.0063e+6
3.152108844,871444
3.157913832,828741
3.163718821,888088
3.169523810,746630
3.175328798,845020
3.181133787,964955
3.186938776,679893
3.192743764,600187
3.198548753,603989
3.204353741,609553
3.210158730,620403
3.215963719,660518
3.221768707,743154
3.227573696,744171
3.233378685,703658
3.239183673,787420
3.244988662,838486
3.250793651,930955
3.256598639,838819
3.262403628,818354
3.268208617,917463
3.274013605,924690
3.279818594,769235
3.285623583,629336
3.291428571,628430
3.297233560,693046
3.303038549,669010
3.308843537,714073
3.314648526,861642
3.320453515,837466
3.326258503,827532
3.332063492,664521
3.337868481,604432
3.343673469,590879
3.349478458,604138
3.355283447,551683
3.361088435,564343
3.366893424,615070
3.372698413,616633
3.378503401,699339
3.384308390,753802
3.390113379,789267
3.395918367,921681
3.401723356,1.12678e+6
3.407528345,1.29911e+6
3.413333333,1.53822e+6
3.419138322,2.03165e+6
3.424943311,2.15829e+6
3.430748299,2.34101e+6
3.436553288,2.35537e+6
3.442358277,2.32514e+6
3.448163265,2.02626e+6
3.453968254,2.2028e+6
3.459773243,2.14103e+6
3.465578231,1.90949e+6
3.471383220,1.79094e+6
3.477188209,1.8413e+6
3.482993197,1.78379e+6
3.488798186,1.91137e+6
3.494603175,2.01e+6
3.500408163,1.78698e+6
3.506213152,1.68663e+6
3.512018141,1.64098e+6
3.517823129,1.76345e+6
3.523628118,1.78312e+6
3.529433107,1.66797e+6
3.535238095,1.77124e+6
3.541043084,1.81624e+6
3.546848073,1.76194e+6
3.552653061,1.80445e+6
3.558458050,1.69798e+6
3.564263039,1.7004e+6
3.570068027,1.5443e+6
3.575873016,1.3702e+6
3.581678005,1.54583e+6
3.587482993,1.68665e+6
3.593287982,1.66944e+6
3.599092971,1.69631e+6
3.604897959,1.6987e+6
3.610702948,1.76325e+6
3.616507937,1.6154e+6
3.622312925,1.50595e+6
3.628117914,1.41075e+6
3.633922902,1.57691e+6
3.639727891,1.52722e+6
3.645532880,1.49811e+6
3.651337868,1.34774e+6
3.657142857,1.5031e+6
3.662947846,1.65574e+6
3.668752834,1.68979e+6
3.674557823,1.95941e+6
3.680362812,2.17149e+6
3.686167800,2.35299e+6
3.691972789,1.84138e+6
3.697777778,1.03421e+6
3.703582766,608309
3.709387755,682869
3.715192744,749036
3.720997732,790569
3.726802721,683343
3.732607710,678023
3.738412698,680425
3.744217687,649771
3.750022676,630052
3.755827664,688992
3.761632653,732341
3.767437642,712370
3.773242630,764434
3.779047619,753407
3.784852608,700894
3.790657596,718276
3.796462585,749510
3.802267574,742018
3.808072562,710302
3.813877551,730039
3.819682540,700437
3.825487528,723048
3.831292517,842098
3.837097506,910870
3.842902494,891678
3.848707483,802201
3.854512472,636239
3.860317460,516723
3.866122449,589944
3.871927438,1.16655e+6
3.877732426,1.47247e+6
3.883537415,1.52568e+6
3.889342404,1.38239e+6
3.895147392,1.36085e+6
3.900952381,1.26473e+6
3.906757370,1.12765e+6
3.912562358,832667
3.918367347,677121
3.924172336,653521
3.929977324,546812
3.935782313,501257
3.941587302,511954
3.947392290,552032
3.953197279,553986
3.959002268,627737
3.964807256,708605
3.970612245,786256
3.976417234,798893
3.982222222,777756
3.988027211,777141
3.993832200,832971
3.999637188,859373
4.005442177,847651
4.011247166,996645
4.017052154,1.11524e+6
4.022857143,1.02547e+6
4.028662132,947922
4.034467120,857679
4.040272109,889909
4.046077098,813978
4.051882086,872679
4.057687075,1.16787e+6
4.063492063,1.17047e+6
4.069297052,1.08207e+6
4.075102041,1.50746e+6
4.080907029,2.18411e+6
4.086712018,3.04555e+6
4.092517007,3.2831e+6
4.098321995,3.68189e+6
4.104126984,3.90628e+6
4.109931973,3.76272e+6
4.115736961,3.81428e+6
4.121541950,3.47531e+6
4.127346939,3.3804e+6
4.133151927,3.43412e+6
4.138956916,3.62889e+6
4.144761905,3.52978e+6
4.150566893,3.10459e+6
4.156371882,2.36881e+6
4.162176871,1.92771e+6
4.167981859,1.62381e+6
4.173786848,1.06907e+6
4.179591837,1.03308e+6
4.185396825,1.00204e+6
4.191201814,964808
4.197006803,1.0107e+6
4.202811791,889519
4.208616780,853564
4.214421769,778795
4.220226757,741467
4.226031746,721822
4.231836735,705292
4.237641723,741789
4.243446712,729109
4.249251701,751393
4.255056689,800544
4.260861678,953019
4.266666667,891334
4.272471655,790089
4.278276644,840678
4.284081633,888767
4.289886621,926353
4.295691610,935075
4.301496599,892196
4.307301587,913682
4.313106576,877043
4.318911565,833951
4.324716553,954292
4.330521542,937806
4.336326531,955449
4.342131519,864055
4.347936508,861418
4.353741497,930967
4.359546485,897842
4.365351474,902411
4.371156463,790458
4.376961451,877932
4.382766440,954739
4.388571429,996855
4.394376417,995575
4.400181406,598474
4.405986395,456974
4.411791383,493619
4.417596372,499364
4.423401361,538167
4.429206349,559137
4.435011338,501673
4.440816327,502903
4.446621315,513471
4.452426304,600948
4.458231293,631149
4.464036281,642471
4.469841270,671185
4.475646259,680016
4.481451247,674514
4.487256236,736545
4.493061224,666261
4.498866213,632533
4.504671202,660794
4.510476190,612491
4.516281179,548296
4.522086168,520015
4.527891156,505827
4.533696145,457861
4.539501134,489450
4.545306122,530249
4.551111111,555000
4.556916100,551684
4.562721088,583691
4.568526077,627309
4.574331066,655953
4.580136054,682572
4.585941043,699864
4.591746032,755800
4.597551020,772772
4.603356009,1.11494e+6
4.609160998,1.28899e+6
4.614965986,1.239e+6
4.620770975,1.23338e+6
4.626575964,1.20392e+6
4.632380952,1.17333e+6
4.638185941,1.13297e+6
4.643990930,1.1053e+6
4.649795918,919407
4.655600907,899617
4.661405896,996869
4.667210884,1.3218e+6
4.673015873,1.60638e+6
4.678820862,1.36226e+6
4.684625850,1.18748e+6
4.690430839,1.24575e+6
4.696235828,1.28358e+6
4.702040816,1.16932e+6
4.707845805,903270
4.713650794,841484
4.719455782,904669
4.725260771,1.10467e+6
4.731065760,1.25538e+6
4.736870748,1.1841e+6
4.742675737,1.23098e+6
4.748480726,1.28789e+6
4.754285714,1.28668e+6
4.760090703,1.50919e+6
4.765895692,1.62319e+6
4.771700680,1.50084e+6
4.777505669,1.30493e+6
4.783310658,1.1332e+6
4.789115646,1.29452e+6
4.794920635,1.58474e+6
4.800725624,1.53923e+6
4.806530612,1.45133e+6
4.812335601,1.42676e+6
4.818140590,1.42642e+6
4.823945578,2.03174e+6
4.829750567,2.23497e+6
4.835555556,2.40346e+6
4.841360544,2.92967e+6
4.847165533,3.05733e+6
4.852970522,3.09713e+6
4.858775510,3.10357e+6
4.864580499,2.89975e+6
4.870385488,2.86606e+6
4.876190476,2.88943e+6
4.881995465,2.99223e+6
4.887800454,2.35326e+6
4.893605442,2.62602e+6
4.899410431,2.83306e+6
4.905215420,2.62997e+6
4.911020408,2.33445e+6
4.916825397,2.38947e+6
4.922630385,2.74576e+6
4.928435374,3.06327e+6
4.934240363,3.23641e+6
4.940045351,3.06992e+6
4.945850340,3.02245e+6
4.951655329,2.52725e+6
4.957460317,2.4803e+6
4.963265306,2.3128e+6
4.969070295,1.94334e+6
4.974875283,1.58607e+6
4.980680272,1.71525e+6
4.986485261,1.8581e+6
4.992290249,1.73217e+6
4.998095238,1.72483e+6
5.003900227,1.83609e+6
5.009705215,1.63992e+6
5.015510204,1.63869e+6
5.021315193,1.67469e+6
5.027120181,1.67509e+6
5.032925170,1.66543e+6
5.038730159,1.74499e+6
5.044535147,1.78134e+6
5.050340136,1.80338e+6
5.056145125,1.80782e+6
5.061950113,1.92244e+6
5.067755102,1.78609e+6
5.073560091,1.35765e+6
5.079365079,1.25102e+6
5.085170068,1.30956e+6
5.090975057,1.33757e+6
5.096780045,1.48998e+6
5.102585034,1.6541e+6
5.108390023,1.31536e+6
5.114195011,1.37394e+6
5.120000000,1.27943e+6
5.125804989,1.14015e+6
5.131609977,1.22996e+6
5.137414966,1.37912e+6
5.143219955,1.21714e+6
5.149024943,1.29621e+6
5.154829932,1.51039e+6
5.160634921,1.31725e+6
5.166439909,1.30919e+6
5.172244898,1.30265e+6
5.178049887,1.27121e+6
5.183854875,1.18487e+6
5.189659864,1.3117e+6
5.195464853,1.27042e+6
5.201269841,1.42397e+6
5.207074830,1.54421e+6
5.212879819,1.44787e+6
5.218684807,1.37564e+6
5.224489796,1.29524e+6
5.230294785,1.3505e+6
5.236099773,1.27913e+6
5.241904762,1.48933e+6
5.247709751,1.84461e+6
5.253514739,2.09049e+6
5.259319728,2.13921e+6
5.265124717,2.39823e+6
5.270929705,2.24533e+6
5.276734694,1.85898e+6
5.282539683,1.75809e+6
5.288344671,1.99497e+6
5.294149660,2.27311e+6
5.299954649,1.75523e+6
5.305759637,1.56524e+6
5.311564626,1.5459e+6
5.317369615,1.45995e+6
5.323174603,1.41088e+6
5.328979592,1.3301e+6
5.334784580,1.32664e+6
5.340589569,1.38204e+6
5.346394558,1.32027e+6
5.352199546,1.26161e+6
5.358004535,1.14655e+6
5.363809524,1.04203e+6
5.369614512,921184
5.375419501,872455
5.381224490,872998
5.387029478,815498
5.392834467,834264
5.398639456,807703
5.404444444,1.03706e+6
5.410249433,1.03819e+6
5.416054422,942978
5.421859410,1.08226e+6
5.427664399,1.21921e+6
5.433469388,1.2114e+6
5.439274376,1.2833e+6
5.445079365,1.43205e+6
5.450884354,1.54094e+6
5.456689342,1.39142e+6
5.462494331,1.40647e+6
5.468299320,1.40646e+6
5.474104308,1.26895e+6
5.479909297,1.07982e+6
5.485714286,1.0891e+6
5.491519274,995506
5.497324263,913402
5.503129252,863815
5.508934240,905408
5.514739229,937522
5.520544218,1.09359e+6
5.526349206,1.1138e+6
5.532154195,950998
5.537959184,854203
5.543764172,811619
5.549569161,818480
5.555374150,842123
5.561179138,904170
5.566984127,1.14254e+6
5.572789116,1.41895e+6
5.578594104,1.36356e+6
5.584399093,1.0802e+6
5.590204082,1.20931e+6
5.596009070,1.10484e+6
5.601814059,1.13372e+6
5.607619048,1.40925e+6
5.613424036,1.60386e+6
5.619229025,1.47588e+6
5.625034014,1.20616e+6
5.630839002,1.03654e+6
5.636643991,880148
5.642448980,829215
5.648253968,876514
5.654058957,770715
5.659863946,811938
5.665668934,884554
5.671473923,873098
5.677278912,688948
5.683083900,710702
5.688888889,725481
5.694693878,818526
5.700498866,830653
5.706303855,805217
5.712108844,951235
5.717913832,950478
5.723718821,966218
5.729523810,986527
5.735328798,975381
5.741133787,840863
5.746938776,697545
5.752743764,651727
5.758548753,632134
5.764353741,658341
5.770158730,649602
5.775963719,630421
5.781768707,625753
5.787573696,612479
5.793378685,634890
5.799183673,636819
5.804988662,642592
5.810793651,660942
5.816598639,674313
5.822403628,671535
5.828208617,686667
5.834013605,655721
5.839818594,682562
5.845623583,742924
5.851428571,755870
5.857233560,776312
5.863038549,788755
5.868843537,780280
5.874648526,802592
5.880453515,888892
5.886258503,865582
5.892063492,859500
5.897868481,849053
5.903673469,832258
5.909478458,858509
5.915283447,868756
5.921088435,919171
5.926893424,1.05741e+6
5.932698413,1.04244e+6
5.938503401,1.10406e+6
5.944308390,1.19315e+6
5.950113379,1.28029e+6
5.955918367,1.06323e+6
5.961723356,1.01963e+6
5.967528345,1.08913e+6
5.973333333,1.11458e+6
5.979138322,1.35014e+6
5.984943311,1.45239e+6
5.990748299,1.92309e+6
5.996553288,2.29771e+6
6.002358277,2.4504e+6
6.008163265,2.62849e+6
6.013968254,3.05682e+6
6.019773243,3.44518e+6
6.025578231,3.26281e+6
6.031383220,3.23153e+6
6.037188209,3.34714e+6
6.042993197,3.17579e+6
6.048798186,2.71844e+6
6.054603175,2.91189e+6
6.060408163,2.85824e+6
6.066213152,2.65961e+6
6.072018141,2.60966e+6
6.077823129,2.66015e+6
6.083628118,2.18064e+6
6.089433107,2.16691e+6
6.095238095,2.03405e+6
6.101043084,1.92853e+6
6.106848073,2.08956e+6
6.112653061,2.43526e+6
6.118458050,2.38055e+6
6.124263039,2.19631e+6
6.130068027,2.34302e+6
6.135873016,2.29361e+6
6.141678005,2.35106e+6
6.147482993,2.43065e+6
6.153287982,2.60478e+6
6.159092971,2.61831e+6
6.164897959,2.50896e+6
6.170702948,2.66511e+6
6.176507937,2.98948e+6
6.182312925,2.78136e+6
6.188117914,2.84299e+6
6.193922902,2.87434e+6
6.199727891,2.68208e+6
6.205532880,2.50862e+6
6.211337868,2.38242e+6
6.217142857,2.42449e+6
6.222947846,2.10434e+6
6.228752834,1.69765e+6
6.234557823,1.60668e+6
6.240362812,1.75052e+6
6.246167800,1.76235e+6
6.251972789,1.89924e+6
6.257777778,1.92278e+6
6.263582766,1.66097e+6
6.269387755,1.43145e+6
6.275192744,1.63619e+6
6.280997732,1.39865e+6
6.286802721,1.49366e+6
6.292607710,1.58666e+6
6.298412698,1.71663e+6
6.304217687,1.79265e+6
6.310022676,1.6714e+6
6.315827664,1.33326e+6
6.321632653,825826
6.327437642,806165
6.333242630,992277
6.339047619,965189
6.344852608,874229
6.350657596,840178
6.356462585,1.3048e+6
6.362267574,1.29118e+6
6.368072562,1.49077e+6
6.373877551,1.47275e+6
6.379682540,1.42411e+6
6.385487528,1.36342e+6
6.391292517,1.33898e+6
6.397097506,1.44407e+6
6.402902494,1.47745e+6
6.408707483,1.44035e+6
6.414512472,1.53008e+6
6.420317460,1.0571e+6
6.426122449,689335
6.431927438,614346
6.437732426,548873
6.443537415,554638
6.449342404,549009
6.455147392,547481
6.460952381,562327
6.466757370,572226
6.472562358,567445
6.478367347,554211
6.484172336,545669
6.489977324,550877
6.495782313,583795
6.501587302,627832
6.507392290,645407
6.513197279,645866
6.519002268,641022
6.524807256,632453
6.530612245,651297
6.536417234,665332
6.542222222,691684
6.548027211,703749
6.553832200,696196
6.559637188,710200
6.565442177,726752
6.571247166,714446
6.577052154,723313
6.582857143,743390
6.588662132,763898
6.594467120,776911
6.600272109,772071
6.606077098,769736
6.611882086,807710
6.617687075,828747
6.623492063,862843
6.629297052,894296
6.635102041,901927
6.640907029,991878
6.646712018,1.14636e+6
6.652517007,1.26587e+6
6.658321995,1.15733e+6
6.664126984,1.14345e+6
6.669931973,1.0526e+6
6.675736961,926174
6.681541950,1.00734e+6
6.687346939,1.17775e+6
6.693151927,1.78248e+6
6.698956916,2.71175e+6
6.704761905,3.0754e+6
6.710566893,3.38153e+6
6.716371882,3.47474e+6
6.722176871,3.32392e+6
6.727981859,3.20677e+6
6.733786848,3.16647e+6
6.739591837,3.35903e+6
6.745396825,3.72246e+6
6.751201814,3.23102e+6
6.757006803,2.38807e+6
6.762811791,1.92203e+6
6.768616780,1.7363e+6
6.774421769,1.5631e+6
6.780226757,1.437e+6
6.786031746,1.43669e+6
6.791836735,1.42886e+6
6.797641723,1.23293e+6
6.803446712,1.08948e+6
6.809251701,1.09479e+6
6.815056689,1.35758e+6
6.820861678,1.31206e+6
6.826666667,1.1876e+6
6.832471655,1.02668e+6
6.838276644,964217
6.844081633,877513
6.849886621,769010
6.855691610,738602
6.861496599,833774
6.867301587,830789
6.873106576,868793
6.878911565,939732
6.884716553,1.09922e+6
6.890521542,1.42555e+6
6.896326531,1.51519e+6
6.902131519,1.55038e+6
6.907936508,1.53922e+6
6.913741497,1.41285e+6
6.919546485,1.43313e+6
6.925351474,1.35709e+6
6.931156463,1.46271e+6
6.936961451,1.44736e+6
6.942766440,1.38316e+6
6.948571429,1.36478e+6
6.954376417,1.38413e+6
6.960181406,1.40555e+6
6.965986395,1.33102e+6
6.971791383,1.37581e+6
6.977596372,1.4608e+6
6.983401361,1.41863e+6
6.989206349,1.43644e+6
6.995011338,1.47484e+6
7.000816327,1.45234e+6
7.006621315,1.47067e+6
7.012426304,1.51043e+6
7.018231293,1.51405e+6
7.024036281,1.48017e+6
7.029841270,1.49061e+6
7.035646259,1.45865e+6
7.041451247,1.57176e+6
7.047256236,1.53026e+6
7.053061224,1.49957e+6
7.058866213,1.3452e+6
7.064671202,1.12516e+6
7.070476190,1.04546e+6
7.076281179,1.19718e+6
7.082086168,1.16802e+6
7.087891156,1.10063e+6
7.093696145,1.12569e+6
7.099501134,1.1751e+6
7.105306122,1.18816e+6
7.111111111,1.20869e+6
7.116916100,1.02264e+6
7.122721088,988733
7.128526077,959857
7.134331066,917565
7.140136054,811871
7.145941043,789837
7.151746032,802643
7.157551020,830987
7.163356009,864443
7.169160998,792848
7.174965986,832415
7.180770975,856290
7.186575964,857913
7.192380952,890608
7.198185941,854608
7.203990930,730127
7.209795918,649536
7.215600907,640742
7.221405896,698830
7.227210884,769739
7.233015873,688314
7.238820862,733834
7.244625850,781672
7.250430839,794355
7.256235828,854113
7.262040816,970418
7.267845805,1.18975e+6
7.273650794,1.28685e+6
7.279455782,1.37957e+6
7.285260771,1.57129e+6
7.291065760,1.64886e+6
7.296870748,1.86631e+6
7.302675737,1.9671e+6
7.308480726,2.01887e+6
7.314285714,2.61754e+6
7.320090703,3.29418e+6
7.325895692,3.61299e+6
7.331700680,3.83329e+6
7.337505669,3.66503e+6
7.343310658,3.58043e+6
7.349115646,3.41184e+6
7.354920635,2.97776e+6
7.360725624,2.88481e+6
7.366530612,3.20157e+6
7.372335601,3.08619e+6
7.378140590,2.53177e+6
7.383945578,1.94826e+6
7.389750567,1.56911e+6
7.395555556,1.3764e+6
7.401360544,1.41085e+6
7.407165533,1.32942e+6
7.412970522,1.37806e+6
7.418775510,1.38844e+6
7.424580499,1.28104e+6
7.430385488,1.2062e+6
7.436190476,1.44213e+6
7.441995465,1.64607e+6
7.447800454,1.47794e+6
7.453605442,1.07434e+6
7.459410431,807664
7.465215420,860979
7.471020408,900110
7.476825397,879271
7.482630385,873361
7.488435374,950163
7.494240363,1.14275e+6
7.500045351,1.21085e+6
7.505850340,1.00469e+6
7.511655329,961894
7.517460317,1.07049e+6
7.523265306,1.17307e+6
7.529070295,1.38194e+6
7.534875283,1.45473e+6
7.540680272,1.37442e+6
7.546485261,1.29964e+6
7.552290249,1.19243e+6
7.558095238,1.18854e+6
7.563900227,1.18205e+6
7.569705215,1.15288e+6
7.575510204,1.29005e+6
7.581315193,1.45564e+6
7.587120181,1.583e+6
7.592925170,1.90999e+6
7.598730159,2.66357e+6
7.604535147,3.60095e+6
7.610340136,3.62552e+6
7.616145125,3.41697e+6
7.621950113,2.93666e+6
7.627755102,2.58101e+6
7.633560091,2.46247e+6
7.639365079,2.2692e+6
7.645170068,1.9933e+6
7.650975057,1.98645e+6
7.656780045,2.3815e+6
7.662585034,2.58821e+6
7.668390023,2.32455e+6
7.674195011,2.49806e+6
7.680000000,3.09166e+6
7.685804989,2.43088e+6
7.691609977,1.74265e+6
7.697414966,1.41394e+6
7.703219955,1.25676e+6
7.709024943,1.17819e+6
7.714829932,1.0413e+6
7.720634921,894334
7.726439909,766318
7.732244898,709733
7.738049887,669512
7.743854875,604319
7.749659864,647688
7.755464853,602813
7.761269841,557509
7.767074830,656580
7.772879819,658883
7.778684807,594197
7.784489796,617719
7.790294785,679145
7.796099773,534696
7.801904762,462636
7.807709751,512600
7.813514739,565024
7.819319728,658239
7.825124717,744041
7.830929705,704768
7.836734694,767924
7.842539683,692417
7.848344671,767107
7.854149660,1.01646e+6
7.859954649,1.35384e+6
7.865759637,1.90665e+6
7.871564626,2.39274e+6
7.877369615,2.95166e+6
7.883174603,2.9221e+6
7.888979592,3.71072e+6
7.894784580,3.63747e+6
7.900589569,3.39295e+6
7.906394558,2.9414e+6
7.912199546,2.98815e+6
7.918004535,3.26006e+6
7.923809524,2.83191e+6
7.929614512,2.74942e+6
7.935419501,3.15043e+6
7.941224490,3.30265e+6
7.947029478,2.21695e+6
7.952834467,1.55472e+6
7.958639456,1.35028e+6
7.964444444,1.28174e+6
7.970249433,1.07164e+6
7.976054422,886880
7.981859410,938246
7.987664399,954204
7.993469388,1.05253e+6
7.999274376,1.08455e+6
8.005079365,1.20457e+6
8.010884354,1.16067e+6
8.016689342,999872
8.022494331,1.03288e+6
8.028299320,1.13141e+6
8.034104308,1.19558e+6
8.039909297,1.11204e+6
8.045714286,899675
8.051519274,820521
8.057324263,822718
8.063129252,1.16617e+6
8.068934240,1.85808e+6
8.074739229,1.89733e+6
8.080544218,1.98306e+6
8.086349206,1.91314e+6
8.092154195,2.41086e+6
8.097959184,2.63509e+6
8.103764172,2.32031e+6
8.109569161,2.33885e+6
8.115374150,2.3928e+6
8.121179138,2.45105e+6
8.126984127,2.40059e+6
8.132789116,1.81958e+6
8.138594104,1.42814e+6
8.144399093,822343
8.150204082,730991
8.156009070,760746
8.161814059,779773
8.167619048,890824
8.173424036,1.42856e+6
8.179229025,1.39113e+6
8.185034014,1.4084e+6
8.190839002,1.68239e+6
8.196643991,1.49553e+6
8.202448980,1.20672e+6
8.208253968,1.11469e+6
8.214058957,1.31601e+6
8.219863946,1.33274e+6
8.225668934,1.32317e+6
8.231473923,1.28056e+6
8.237278912,1.33088e+6
8.243083900,1.3697e+6
8.248888889,1.33987e+6
8.254693878,1.28328e+6
8.260498866,1.16548e+6
8.266303855,1.0974e+6
8.272108844,1.00845e+6
8.277913832,894920
8.283718821,868587
8.289523810,747502
8.295328798,738525
8.301133787,750118
8.306938776,713957
8.312743764,894660
8.318548753,1.20235e+6
8.324353741,1.34648e+6
8.330158730,1.44367e+6
8.335963719,1.59608e+6
8.341768707,1.80809e+6
8.347573696,1.92236e+6
8.353378685,2.18254e+6
8.359183673,2.11834e+6
8.364988662,1.85553e+6
8.370793651,1.76832e+6
8.376598639,1.37938e+6
8.382403628,1.22855e+6
8.388208617,1.18166e+6
8.394013605,1.182e+6
8.399818594,1.31024e+6
8.405623583,1.28572e+6
8.411428571,1.06396e+6
8.417233560,1.01961e+6
8.423038549,957260
8.428843537,996463
8.434648526,1.19677e+6
8.440453515,1.20039e+6
8.446258503,993214
8.452063492,1.03636e+6
8.457868481,1.08309e+6
8.463673469,934244
8.469478458,834965
8.475283447,789599
8.481088435,670181
8.486893424,629438
8.492698413,696132
8.498503401,755403
8.504308390,723198
8.510113379,642130
8.515918367,606114
8.521723356,609403
8.527528345,566647
8.533333333,517338
8.539138322,512112
8.544943311,559338
8.550748299,614590
8.556553288,631316
8.562358277,641052
8.568163265,764043
8.573968254,1.1536e+6
8.579773243,2.02455e+6
8.585578231,2.58321e+6
8.591383220,2.47259e+6
8.597188209,2.74865e+6
8.602993197,2.87489e+6
8.608798186,2.741e+6
8.614603175,2.88716e+6
8.620408163,2.80919e+6
8.626213152,2.75848e+6
8.632018141,2.59437e+6
8.637823129,2.76278e+6
8.643628118,2.80941e+6
8.649433107,2.39254e+6
8.655238095,2.15608e+6
8.661043084,1.34761e+6
8.666848073,856958
8.672653061,832915
8.678458050,670626
8.684263039,606112
8.690068027,564709
8.695873016,483081
8.701678005,430179
8.707482993,435561
8.713287982,443319
8.719092971,442483
8.724897959,486507
8.730702948,572333
8.736507937,620922
8.742312925,766961
8.748117914,679772
8.753922902,731475
8.759727891,771730
8.765532880,791399
8.771337868,871647
8.777142857,882457
8.782947846,1.00096e+6
8.788752834,1.2563e+6
8.794557823,1.1582e+6
8.800362812,1.06557e+6
8.806167800,992244
8.811972789,994958
8.817777778,1.02486e+6
8.823582766,994330
8.829387755,972191
8.835192744,1.02483e+6
8.840997732,1.00003e+6
8.846802721,1.06931e+6
8.852607710,1.08738e+6
8.858412698,1.02e+6
8.864217687,1.1186e+6
8.870022676,1.11344e+6
8.875827664,1.04547e+6
8.881632653,1.09206e+6
8.887437642,1.11579e+6
8.893242630,1.01491e+6
8.899047619,1.02163e+6
8.904852608,984880
8.910657596,899536
8.916462585,839306
8.922267574,839697
8.928072562,875990
8.933877551,949036
8.939682540,981112
8.945487528,1.0382e+6
8.951292517,1.18472e+6
8.957097506,1.27082e+6
8.962902494,1.22448e+6
8.968707483,1.32349e+6
8.974512472,1.60183e+6
8.980317460,1.91224e+6
8.986122449,2.25956e+6
8.991927438,3.11847e+6
8.997732426,3.96888e+6
9.003537415,4.76108e+6
9.009342404,6.24431e+6
9.015147392,1.0264e+7
9.020952381,1.65565e+7
9.026757370,3.46169e+7
9.032562358,4.95189e+7
9.038367347,4.11054e+7
