0.000000000,1.39418e+7
0.005804989,6.91285e+6
0.011609977,6.67648e+6
0.017414966,5.962e+6
0.023219955,4.78536e+6
0.029024943,3.89201e+6
0.034829932,6.7512e+6
0.040634921,8.77713e+6
0.046439909,6.73433e+6
0.052244898,8.0267e+6
0.058049887,9.24457e+6
0.063854875,5.56848e+6
0.069659864,1.00267e+7
0.075464853,1.73675e+7
0.081269841,1.32708e+7
0.087074830,6.20333e+6
0.092879819,5.49125e+6
0.098684807,8.37859e+6
0.104489796,7.19609e+6
0.110294785,6.21012e+6
0.116099773,4.77467e+6
0.121904762,8.1247e+6
0.127709751,4.89659e+6
0.133514739,1.15725e+6
0.139319728,586905
0.145124717,642267
0.150929705,941252
0.156734694,483221
0.162539683,602003
0.168344671,670345
0.174149660,515295
0.179954649,367640
0.185759637,352832
0.191564626,240891
0.197369615,173356
0.203174603,137757
0.208979592,141547
0.214784580,198608
0.220589569,200275
0.226394558,196326
0.232199546,209656
0.238004535,197531
0.243809524,147594
0.249614512,111635
0.255419501,105802
0.261224490,102001
0.267029478,117563
0.272834467,131731
0.278639456,128977
0.284444444,128607
0.290249433,130350
0.296054422,132969
0.301859410,129927
0.307664399,125298
0.313469388,119829
0.319274376,116082
0.325079365,106759
0.330884354,123171
0.336689342,130813
0.342494331,137512
0.348299320,134707
0.354104308,136116
0.359909297,133921
0.365714286,148836
0.371519274,151002
0.377324263,147891
0.383129252,126704
0.388934240,134851
0.394739229,140024
0.400544218,147188
0.406349206,141564
0.412154195,146281
0.417959184,154843
0.423764172,154855
0.429569161,110343
0.435374150,84802.5
0.441179138,75204.1
0.446984127,85543
0.452789116,106372
0.458594104,112246
0.464399093,116761
0.470204082,104435
0.476009070,99001
0.481814059,102655
0.487619048,99804.9
0.493424036,90314.2
0.499229025,114780
0.505034014,120338
0.510839002,114839
0.516643991,122002
0.522448980,180213
0.528253968,350061
0.534058957,546230
0.539863946,594747
0.545668934,698306
0.551473923,924945
0.557278912,983175
0.563083900,880469
0.568888889,560453
0.574693878,597444
0.580498866,585308
0.586303855,828918
0.592108844,1.00423e+6
0.597913832,1.7605e+6
0.603718821,1.37476e+6
0.609523810,1.3831e+6
0.615328798,2.13726e+6
0.621133787,2.27868e+6
0.626938776,2.32054e+6
0.632743764,1.86972e+6
0.638548753,1.91547e+6
0.644353741,1.57204e+6
0.650158730,340319
0.655963719,108104
0.661768707,52669.9
0.667573696,35056.6
0.673378685,34590.6
0.679183673,49677.3
0.684988662,56504.5
0.690793651,83569.2
0.696598639,193097
0.702403628,431396
0.708208617,537815
0.714013605,248540
0.719818594,272799
0.725623583,257240
0.731428571,468518
0.737233560,539001
0.743038549,438782
0.748843537,330636
0.754648526,301391
0.760453515,457457
0.766258503,460640
0.772063492,623488
0.777868481,454654
0.783673469,87611.1
0.789478458,49991
0.795283447,40755
0.801088435,39599.8
0.806893424,46220.8
0.812698413,53548.9
0.818503401,51733.6
0.824308390,42261
0.830113379,38296.2
0.835918367,32259.5
0.841723356,37338.3
0.847528345,56264.3
0.853333333,85666.4
0.859138322,163177
0.864943311,224943
0.870748299,230017
0.876553288,231483
0.882358277,233913
0.888163265,268696
0.893968254,405752
0.899773243,438184
0.905578231,410846
0.911383220,311505
0.917188209,176845
0.922993197,96728.6
0.928798186,56238.4
0.934603175,34662
0.940408163,25440.9
0.946213152,26593.4
0.952018141,33415.1
0.957823129,37094
0.963628118,45322.9
0.969433107,77898.8
0.975238095,129479
0.981043084,372955
0.986848073,885856
0.992653061,1.32384e+6
0.998458050,2.28169e+6
1.004263039,1.76897e+6
1.010068027,1.12849e+6
1.015873016,543003
1.021678005,326695
1.027482993,407187
1.033287982,535149
1.039092971,348247
1.044897959,353250
1.050702948,443877
1.056507937,561470
1.062312925,505062
1.068117914,387288
1.073922902,310797
1.079727891,388877
1.085532880,231092
1.091337868,38731.9
1.097142857,23339.4
1.102947846,24577.2
1.108752834,27550.4
1.114557823,35557.4
1.120362812,39685
1.126167800,44916.3
1.131972789,49401.1
1.137777778,60090.3
1.143582766,63640.3
1.149387755,59004.7
1.155192744,64610.8
1.160997732,72567.1
1.166802721,81764.5
1.172607710,97091.3
1.178412698,101092
1.184217687,98847.5
1.190022676,106816
1.195827664,121926
1.201632653,121809
1.207437642,124269
1.213242630,127028
1.219047619,128659
1.224852608,126814
1.230657596,120175
1.236462585,114785
1.242267574,102741
1.248072562,94293.8
1.253877551,85387.8
1.259682540,76377.2
1.265487528,70214.9
1.271292517,56250.8
1.277097506,39687.1
1.282902494,33004.5
1.288707483,26553.1
1.294512472,25298.6
1.300317460,25622.7
1.306122449,23043
1.311927438,20119.7
1.317732426,18754.8
1.323537415,22650.6
1.329342404,32082.7
1.335147392,29443.8
1.340952381,30338.9
1.346757370,36421.7
1.352562358,44127.3
1.358367347,45115.3
1.364172336,47783.8
1.369977324,44288.1
1.375782313,41452.7
1.381587302,37516
1.387392290,36534.6
1.393197279,40645.2
1.399002268,41585.7
1.404807256,43150.9
1.410612245,44739
1.416417234,42275.9
1.422222222,42367.1
1.428027211,48233.9
1.433832200,48623.7
1.439637188,49603.4
1.445442177,52468.8
1.451247166,52296.9
1.457052154,51460.3
1.462857143,52807.8
1.468662132,52034.3
1.474467120,53324.2
1.480272109,61400.1
1.486077098,63465.1
1.491882086,66020.6
1.497687075,74120.9
1.503492063,74761.4
1.509297052,73403.3
1.515102041,70865.7
1.520907029,87294.8
1.526712018,82355.6
1.532517007,70381.3
1.538321995,61796.3
1.544126984,66491.6
1.549931973,62141.9
1.555736961,64122.1
1.561541950,72502.2
1.567346939,70428.1
1.573151927,66275
1.578956916,56606.6
1.584761905,56699.3
1.590566893,67597
1.596371882,74636.3
1.602176871,99589.8
1.607981859,118922
1.613786848,111092
1.619591837,115236
1.625396825,123774
1.631201814,147852
1.637006803,259789
1.642811791,390848
1.648616780,553651
1.654421769,827847
1.660226757,1.31256e+6
1.666031746,899898
1.671836735,570340
1.677641723,520792
1.683446712,440878
1.689251701,303714
1.695056689,350527
1.700861678,718894
1.706666667,820276
1.712471655,674226
1.718276644,852064
1.724081633,741840
1.729886621,1.10855e+6
1.735691610,1.88279e+6
1.741496599,1.44505e+6
1.747301587,250010
1.753106576,90009.2
1.758911565,64192.1
1.764716553,48787.4
1.770521542,50592.4
1.776326531,56721.4
1.782131519,40012.5
1.787936508,33518.7
1.793741497,37519.5
1.799546485,41781.8
1.805351474,42778
1.811156463,48783.7
1.816961451,59522.7
1.822766440,65180.5
1.828571429,65803.6
1.834376417,60398.3
1.840181406,56292.9
1.845986395,60258.9
1.851791383,65278.5
1.857596372,69333.8
1.863401361,70837.4
1.869206349,68613.2
1.875011338,72432
1.880816327,77191.1
1.886621315,84766.4
1.892426304,86580.2
1.898231293,80065.4
1.904036281,85933.9
1.909841270,79660.2
1.915646259,76452.4
1.921451247,80390.2
1.927256236,97785
1.933061224,105503
1.938866213,130391
1.944671202,137747
1.950476190,153582
1.956281179,216342
1.962086168,130471
1.967891156,85057.4
1.973696145,130052
1.979501134,122876
1.985306122,156644
1.991111111,215761
1.996916100,204175
2.002721088,174852
2.008526077,420411
2.014331066,704505
2.020136054,898472
2.025941043,897514
2.031746032,671904
2.037551020,755998
2.043356009,780878
2.049160998,863196
2.054965986,279441
2.060770975,89234.7
2.066575964,53241.1
2.072380952,50869.1
2.078185941,42057
2.083990930,39503.1
2.089795918,34012.9
2.095600907,32189.2
2.101405896,27709.4
2.107210884,26571.3
2.113015873,26965.8
2.118820862,27800.7
2.124625850,27019.5
2.130430839,30222.1
2.136235828,33430.2
2.142040816,36129.1
2.147845805,38356.5
2.153650794,42274.4
2.159455782,37257.5
2.165260771,35481.3
2.171065760,33438.9
2.176870748,33376.7
2.182675737,32373.6
2.188480726,39537.4
2.194285714,41439
2.200090703,38107.7
2.205895692,32385
2.211700680,36239.2
2.217505669,37659.3
2.223310658,37903
2.229115646,39465.4
2.234920635,37503.3
2.240725624,39966.1
2.246530612,42498.6
2.252335601,41792.1
2.258140590,39623.7
2.263945578,38106.7
2.269750567,37812.5
2.275555556,38170.7
2.281360544,38705.2
2.287165533,43512.2
2.292970522,41594.3
2.298775510,41782.9
2.304580499,43666
2.310385488,49083
2.316190476,45583
2.321995465,39962.4
2.327800454,39116.3
2.333605442,39794.1
2.339410431,36371.3
2.345215420,34309.5
2.351020408,35207.1
2.356825397,37428.9
2.362630385,36974.8
2.368435374,34102.5
2.374240363,34738.9
2.380045351,41658.5
2.385850340,53338.7
2.391655329,61042.8
2.397460317,60433.1
2.403265306,73300.6
2.409070295,91297.9
2.414875283,108606
2.420680272,129577
2.426485261,173985
2.432290249,210618
2.438095238,298512
2.443900227,549820
2.449705215,854201
2.455510204,530338
2.461315193,670923
2.467120181,730924
2.472925170,749672
2.478730159,781088
2.484535147,720349
2.490340136,805864
2.496145125,968463
2.501950113,1.0527e+6
2.507755102,958536
2.513560091,684984
2.519365079,241860
2.525170068,98029.6
2.530975057,63232.5
2.536780045,55602
2.542585034,63373.6
2.548390023,66625.2
2.554195011,70649.4
2.560000000,65007.8
2.565804989,62804.2
2.571609977,67485.9
2.577414966,70185.4
2.583219955,81032
2.589024943,77028.2
2.594829932,118284
2.600634921,371150
2.606439909,364870
2.612244898,183241
2.618049887,118164
2.623854875,100107
2.629659864,110235
2.635464853,106749
2.641269841,90547.8
2.647074830,79795.4
2.652879819,69862
2.658684807,51532.7
2.664489796,36798.3
2.670294785,28132.7
2.676099773,28193.7
2.681904762,24160.3
2.687709751,23982.4
2.693514739,25240
2.699319728,26382.5
2.705124717,26426.4
2.710929705,28904.9
2.716734694,49804.6
2.722539683,77407.7
2.728344671,120437
2.734149660,194994
2.739954649,211691
2.745759637,167863
2.751564626,153882
2.757369615,157136
2.763174603,153228
2.768979592,142720
2.774784580,126620
2.780589569,122312
2.786394558,119242
2.792199546,120906
2.798004535,104640
2.803809524,95682.4
2.809614512,100337
2.815419501,126136
2.821224490,146119
2.827029478,129928
2.832834467,112025
2.838639456,103355
2.844444444,90419.4
2.850249433,82523.9
2.856054422,99875.4
2.861859410,233851
2.867664399,134292
2.873469388,91184.6
2.879274376,87382.3
2.885079365,96001.5
2.890884354,118791
2.896689342,132605
2.902494331,128416
2.908299320,144852
2.914104308,161834
2.919909297,127773
2.925714286,92857.1
2.931519274,66224.7
2.937324263,52531.4
2.943129252,51009.3
2.948934240,42317.5
2.954739229,30169.4
2.960544218,28337
2.966349206,21733.2
2.972154195,20568.8
2.977959184,31176.7
2.983764172,40148.1
2.989569161,43509.7
2.995374150,42997.7
3.001179138,50296.1
3.006984127,53609.4
3.012789116,53125.3
3.018594104,32840.5
3.024399093,26168.2
3.030204082,25089
3.036009070,25361
3.041814059,27571.6
3.047619048,26558.7
3.053424036,23818.9
3.059229025,26324.7
3.065034014,33193.3
3.070839002,35273.8
3.076643991,43117.8
3.082448980,53186.4
3.088253968,59407.8
3.094058957,50319.5
3.099863946,51970.9
3.105668934,65954.1
3.111473923,86363.5
3.117278912,147744
3.123083900,348021
3.128888889,496194
3.134693878,568139
3.140498866,642330
3.146303855,775169
3.152108844,750250
3.157913832,538737
3.163718821,472867
3.169523810,607322
3.175328798,767170
3.181133787,630662
3.186938776,952839
3.192743764,1.10571e+6
3.198548753,1.06406e+6
3.204353741,1.33452e+6
3.210158730,1.36686e+6
3.215963719,1.96425e+6
3.221768707,2.61506e+6
3.227573696,2.73318e+6
3.233378685,1.60149e+6
3.239183673,1.38766e+6
3.244988662,1.49721e+6
3.250793651,1.98561e+6
3.256598639,2.01316e+6
3.262403628,1.79018e+6
3.268208617,1.59186e+6
3.274013605,1.15519e+6
3.279818594,219486
3.285623583,76033.5
3.291428571,48036.1
3.297233560,55682.2
3.303038549,74409.2
3.308843537,55289
3.314648526,49424
3.320453515,66001.2
3.326258503,85184.6
3.332063492,95710.6
3.337868481,93459.5
3.343673469,110337
3.349478458,118238
3.355283447,132396
3.361088435,124514
3.366893424,113597
3.372698413,153374
3.378503401,145027
3.384308390,146363
3.390113379,136049
3.395918367,110337
3.401723356,204467
3.407528345,110996
3.413333333,67810.9
3.419138322,75061.7
3.424943311,96089.9
3.430748299,130883
3.436553288,118533
3.442358277,138548
3.448163265,176028
3.453968254,229275
3.459773243,344384
3.465578231,320010
3.471383220,299399
3.477188209,415482
3.482993197,353523
3.488798186,207346
3.494603175,288287
3.500408163,237956
3.506213152,185845
3.512018141,241517
3.517823129,306084
3.523628118,300221
3.529433107,280751
3.535238095,269818
3.541043084,345183
3.546848073,467174
3.552653061,779126
3.558458050,765148
3.564263039,803460
3.570068027,588150
3.575873016,750841
3.581678005,738546
3.587482993,1.13288e+6
3.593287982,984530
3.599092971,251024
3.604897959,95506.3
3.610702948,63827.9
3.616507937,54923.2
3.622312925,53655.4
3.628117914,50158.9
3.633922902,49675.2
3.639727891,46829.2
3.645532880,47558.6
3.651337868,62180.3
3.657142857,85042.6
3.662947846,79296.5
3.668752834,47159.3
3.674557823,36663.3
3.680362812,34946.4
3.686167800,33616
3.691972789,36576.8
3.697777778,45876.9
3.703582766,49104.7
3.709387755,60429.7
3.715192744,66983
3.720997732,81533.7
3.726802721,76353.6
3.732607710,63201.6
3.738412698,49988.2
3.744217687,42925.8
3.750022676,55228.3
3.755827664,81049.5
3.761632653,297488
3.767437642,724115
3.773242630,470073
3.779047619,355683
3.784852608,310814
3.790657596,235446
3.796462585,187338
3.802267574,223394
3.808072562,183152
3.813877551,177366
3.819682540,178979
3.825487528,217809
3.831292517,609885
3.837097506,185187
3.842902494,142813
3.848707483,252143
3.854512472,377738
3.860317460,371535
3.866122449,283069
3.871927438,136203
3.877732426,169095
3.883537415,253619
3.889342404,200439
3.895147392,261377
3.900952381,100248
3.906757370,32544.6
3.912562358,22735.6
3.918367347,21874.7
3.924172336,22552.6
3.929977324,25085.6
3.935782313,27319.1
3.941587302,30969
3.947392290,32785.2
3.953197279,36199.1
3.959002268,36328.2
3.964807256,34549.5
3.970612245,39150.8
3.976417234,46032.8
3.982222222,55437.7
3.988027211,65668.1
3.993832200,63669
3.999637188,67266.4
4.005442177,68199.1
4.011247166,75795.2
4.017052154,71799.6
4.022857143,79044.9
4.028662132,91219.2
4.034467120,89723.3
4.040272109,101781
4.046077098,106386
4.051882086,111856
4.057687075,114237
4.063492063,100604
4.069297052,92739
4.075102041,81892.7
4.080907029,74412.5
4.086712018,74058.4
4.092517007,67970.7
4.098321995,69463.6
4.104126984,73858.4
4.109931973,100204
4.115736961,113202
4.121541950,183713
4.127346939,94135.6
4.133151927,79591
4.138956916,68649.6
4.144761905,51167.8
4.150566893,49816.9
4.156371882,40112.6
4.162176871,43267.9
4.167981859,45396.4
4.173786848,42548.8
4.179591837,48541.2
4.185396825,61862.3
4.191201814,77702.6
4.197006803,94889.5
4.202811791,102674
4.208616780,158371
4.214421769,220136
4.220226757,108493
4.226031746,65046.6
4.231836735,87585.5
4.237641723,211294
4.243446712,439392
4.249251701,230012
4.255056689,171300
4.260861678,339409
4.266666667,432359
4.272471655,333810
4.278276644,196146
4.284081633,86179.4
4.289886621,52767
4.295691610,52654.6
4.301496599,75817.7
4.307301587,112428
4.313106576,111634
4.318911565,113273
4.324716553,118514
4.330521542,103959
4.336326531,88201.8
4.342131519,73830.9
4.347936508,68412.5
4.353741497,63316.1
4.359546485,51877.4
4.365351474,44858.1
4.371156463,37385.4
4.376961451,34303.1
4.382766440,31458.6
4.388571429,28116.4
4.394376417,31223.9
4.400181406,31054.1
4.405986395,38680.1
4.411791383,57192
4.417596372,95536.4
4.423401361,156765
4.429206349,171482
4.435011338,155805
4.440816327,144700
4.446621315,126241
4.452426304,98073.1
4.458231293,73016.3
4.464036281,85987.4
4.469841270,91104.8
4.475646259,88909
4.481451247,87226.2
4.487256236,76356.4
4.493061224,79255.3
4.498866213,82603
4.504671202,79106.3
4.510476190,81982.8
4.516281179,78402.2
4.522086168,80461.3
4.527891156,82477.5
4.533696145,85965.2
4.539501134,81186.6
4.545306122,75983.8
4.551111111,63273.7
4.556916100,58010.9
4.562721088,61429.5
4.568526077,75560.5
4.574331066,93342.3
4.580136054,104501
4.585941043,96471.7
4.591746032,133916
4.597551020,133217
4.603356009,110404
4.609160998,95009
4.614965986,81844.9
4.620770975,70467.4
4.626575964,68408.4
4.632380952,69076.5
4.638185941,65544
4.643990930,60126.4
4.649795918,65033.7
4.655600907,64222.4
4.661405896,66904.5
4.667210884,62586.6
4.673015873,87459
4.678820862,161795
4.684625850,445912
4.690430839,1.16515e+6
4.696235828,1.20145e+6
4.702040816,1.37669e+6
4.707845805,1.45893e+6
4.713650794,1.56838e+6
4.719455782,1.55149e+6
4.725260771,1.49947e+6
4.731065760,1.37724e+6
4.736870748,1.27076e+6
4.742675737,825393
4.748480726,654735
4.754285714,853846
4.760090703,1.1903e+6
4.765895692,1.1016e+6
4.771700680,923938
4.777505669,883190
4.783310658,400592
4.789115646,129502
4.794920635,72387.8
4.800725624,61796.6
4.806530612,70636.7
4.812335601,61695.9
4.818140590,62792.1
4.823945578,75793.9
4.829750567,83931.8
4.835555556,87684.2
4.841360544,89945.3
4.847165533,87643.3
4.852970522,102282
4.858775510,154345
4.864580499,206382
4.870385488,342278
4.876190476,813718
4.881995465,660274
4.887800454,525172
4.893605442,636714
4.899410431,658833
4.905215420,428217
4.911020408,436609
4.916825397,441092
4.922630385,320198
4.928435374,309829
4.934240363,383269
4.940045351,677915
4.945850340,382271
4.951655329,329231
4.957460317,498825
4.963265306,781121
4.969070295,713440
4.974875283,636297
4.980680272,776913
4.986485261,866903
4.992290249,2.40262e+6
4.998095238,2.73159e+6
5.003900227,741160
5.009705215,208051
5.015510204,112663
5.021315193,66404.5
5.027120181,62402.9
5.032925170,102575
5.038730159,107384
5.044535147,98288.6
5.050340136,90472.7
5.056145125,105540
5.061950113,130764
5.067755102,159595
5.073560091,132859
5.079365079,146847
5.085170068,236361
5.090975057,273114
5.096780045,169866
5.102585034,113190
5.108390023,97637.8
5.114195011,175404
5.120000000,386711
5.125804989,383721
5.131609977,336944
5.137414966,287571
5.143219955,156095
5.149024943,170231
5.154829932,114482
5.160634921,110894
5.166439909,106617
5.172244898,141044
5.178049887,185335
5.183854875,204243
5.189659864,308614
5.195464853,243874
5.201269841,136569
5.207074830,91134.5
5.212879819,78336.3
5.218684807,89499
5.224489796,73760.6
5.230294785,74727.6
5.236099773,90730.9
5.241904762,75360
5.247709751,69716.2
5.253514739,70191
5.259319728,75555.5
5.265124717,69875.8
5.270929705,76963.9
5.276734694,91186.4
5.282539683,79586.5
5.288344671,79249.6
5.294149660,87906.5
5.299954649,89272.5
5.305759637,117295
5.311564626,142492
5.317369615,131976
5.323174603,114507
5.328979592,121791
5.334784580,130052
5.340589569,117365
5.346394558,108908
5.352199546,116738
5.358004535,107613
5.363809524,114107
5.369614512,134512
5.375419501,128785
5.381224490,126483
5.387029478,123377
5.392834467,107995
5.398639456,107847
5.404444444,121331
5.410249433,106511
5.416054422,107668
5.421859410,174740
5.427664399,225967
5.433469388,396633
5.439274376,316870
5.445079365,231331
5.450884354,297644
5.456689342,243786
5.462494331,310599
5.468299320,425243
5.474104308,669833
5.479909297,597027
5.485714286,424558
5.491519274,384679
5.497324263,466312
5.503129252,614611
5.508934240,334509
5.514739229,277397
5.520544218,338091
5.526349206,413560
5.532154195,436875
5.537959184,675041
5.543764172,1.07521e+6
5.549569161,958542
5.555374150,151749
5.561179138,72100.2
5.566984127,47522.5
5.572789116,54138
5.578594104,82416.9
5.584399093,89495.2
5.590204082,75474.7
5.596009070,69292.8
5.601814059,78268.9
5.607619048,87220.8
5.613424036,94669.7
5.619229025,114358
5.625034014,105817
5.630839002,106640
5.636643991,123345
5.642448980,149252
5.648253968,146979
5.654058957,119606
5.659863946,126914
5.665668934,169447
5.671473923,184322
5.677278912,169985
5.683083900,176085
5.688888889,208134
5.694693878,209857
5.700498866,156503
5.706303855,183600
5.712108844,348001
5.717913832,518979
5.723718821,593358
5.729523810,678132
5.735328798,754559
5.741133787,356992
5.746938776,303138
5.752743764,289338
5.758548753,356147
5.764353741,385679
5.770158730,532253
5.775963719,559829
5.781768707,544505
5.787573696,521167
5.793378685,695367
5.799183673,677685
5.804988662,543203
5.810793651,720079
5.816598639,551584
5.822403628,612334
5.828208617,715073
5.834013605,568441
5.839818594,513210
5.845623583,625576
5.851428571,452172
5.857233560,400189
5.863038549,629494
5.868843537,809634
5.874648526,1.75924e+6
5.880453515,1.41104e+6
5.886258503,1.50429e+6
5.892063492,1.69013e+6
5.897868481,1.73062e+6
5.903673469,1.82803e+6
5.909478458,2.87578e+6
5.915283447,3.90318e+6
5.921088435,5.07554e+6
5.926893424,6.79676e+6
5.932698413,4.83096e+6
5.938503401,3.80221e+6
5.944308390,4.07042e+6
5.950113379,4.51451e+6
5.955918367,4.79734e+6
5.961723356,3.64672e+6
5.967528345,2.65921e+6
5.973333333,2.22442e+6
5.979138322,1.78656e+6
5.984943311,2.07276e+6
5.990748299,2.08225e+6
5.996553288,1.82342e+6
6.002358277,1.44695e+6
6.008163265,1.74488e+6
6.013968254,2.51681e+6
6.019773243,2.75374e+6
6.025578231,1.6853e+6
6.031383220,1.44339e+6
6.037188209,1.14367e+6
6.042993197,1.22082e+6
6.048798186,1.41129e+6
6.054603175,1.2609e+6
6.060408163,1.27058e+6
6.066213152,1.09673e+6
6.072018141,1.31123e+6
6.077823129,1.89589e+6
6.083628118,1.74013e+6
6.089433107,1.14411e+6
6.095238095,1.36219e+6
6.101043084,2.04234e+6
6.106848073,2.02175e+6
6.112653061,1.62075e+6
6.118458050,1.80605e+6
6.124263039,2.00859e+6
6.130068027,2.33503e+6
6.135873016,2.2618e+6
6.141678005,2.26864e+6
6.147482993,2.61555e+6
6.153287982,1.48463e+6
6.159092971,1.44422e+6
6.164897959,1.57549e+6
6.170702948,2.44924e+6
6.176507937,2.62745e+6
6.182312925,1.62037e+6
6.188117914,1.43602e+6
6.193922902,1.81194e+6
6.199727891,2.52466e+6
6.205532880,4.58554e+6
6.211337868,3.59424e+6
6.217142857,3.40332e+6
6.222947846,2.75075e+6
6.228752834,2.66521e+6
6.234557823,2.91801e+6
6.240362812,2.25651e+6
6.246167800,2.71713e+6
6.251972789,1.98516e+6
6.257777778,2.70978e+6
6.263582766,4.40784e+6
6.269387755,3.05628e+6
6.275192744,3.4575e+6
6.280997732,5.77098e+6
6.286802721,5.46243e+6
6.292607710,4.50037e+6
6.298412698,3.77161e+6
6.304217687,2.67629e+6
6.310022676,2.77786e+6
6.315827664,3.65e+6
6.321632653,3.70997e+6
6.327437642,5.14467e+6
6.333242630,7.55405e+6
6.339047619,6.45329e+6
6.344852608,8.21867e+6
6.350657596,7.18575e+6
6.356462585,9.29612e+6
6.362267574,5.45594e+6
6.368072562,6.73396e+6
6.373877551,7.76483e+6
6.379682540,1.04187e+7
6.385487528,9.25853e+6
6.391292517,9.71631e+6
6.397097506,9.49903e+6
6.402902494,1.18004e+7
6.408707483,1.18545e+7
6.414512472,6.63692e+6
6.420317460,7.9102e+6
6.426122449,9.93013e+6
6.431927438,6.50883e+6
6.437732426,4.75647e+6
6.443537415,7.85116e+6
6.449342404,7.40892e+6
6.455147392,5.48727e+6
6.460952381,7.44577e+6
6.466757370,7.88636e+6
6.472562358,7.6444e+6
6.478367347,4.93471e+6
6.484172336,5.89302e+6
6.489977324,5.83538e+6
6.495782313,6.0087e+6
6.501587302,7.38963e+6
6.507392290,6.68735e+6
6.513197279,4.38092e+6
6.519002268,3.84806e+6
6.524807256,5.4158e+6
6.530612245,6.7785e+6
6.536417234,1.30946e+6
6.542222222,1.4437e+6
6.548027211,843586
6.553832200,509910
6.559637188,495558
6.565442177,184454
6.571247166,96474.1
6.577052154,57094.6
6.582857143,56410.1
6.588662132,77861.8
6.594467120,63959.8
6.600272109,53954.3
6.606077098,56387.1
6.611882086,66011.2
6.617687075,73748.6
6.623492063,98121
6.629297052,114548
6.635102041,146667
6.640907029,264284
6.646712018,346843
6.652517007,282914
6.658321995,211541
6.664126984,196081
6.669931973,198734
6.675736961,158760
6.681541950,104232
6.687346939,68671.8
6.693151927,48265.4
6.698956916,43242.5
6.704761905,44712.9
6.710566893,46851.4
6.716371882,47383.8
6.722176871,65439.5
6.727981859,80350.6
6.733786848,76156.2
6.739591837,73711
6.745396825,62820.8
6.751201814,64587.6
6.757006803,66743.8
6.762811791,74941.8
6.768616780,67566.9
6.774421769,115708
6.780226757,295806
6.786031746,384183
6.791836735,223526
6.797641723,190369
6.803446712,208521
6.809251701,238334
6.815056689,289019
6.820861678,268321
6.826666667,187685
6.832471655,186350
6.838276644,181071
6.844081633,216667
6.849886621,257099
6.855691610,494618
6.861496599,478678
6.867301587,613618
6.873106576,1.12664e+6
6.878911565,890536
6.884716553,833231
6.890521542,194642
6.896326531,58242.6
6.902131519,34631.8
6.907936508,29702.6
6.913741497,36263.4
6.919546485,47062.4
6.925351474,62745.8
6.931156463,84245.3
6.936961451,94983.1
6.942766440,74561.5
6.948571429,83860.2
6.954376417,135719
6.960181406,121698
6.965986395,110733
6.971791383,104960
6.977596372,77208
6.983401361,72389.5
6.989206349,80621.3
6.995011338,54279.7
7.000816327,42134.8
7.006621315,31734.3
7.012426304,25374.8
7.018231293,25305.3
7.024036281,25134.9
7.029841270,24429.5
7.035646259,25254.2
7.041451247,22188.4
7.047256236,21486.4
7.053061224,21311.1
7.058866213,21798.6
7.064671202,24497.3
7.070476190,25552.6
7.076281179,25314.5
7.082086168,24558
7.087891156,26362.1
7.093696145,32226.6
7.099501134,59842.3
7.105306122,87573.5
7.111111111,123278
7.116916100,147295
7.122721088,181097
7.128526077,224766
7.134331066,239461
7.140136054,394005
7.145941043,477550
7.151746032,454869
7.157551020,564030
7.163356009,815499
7.169160998,821393
7.174965986,657399
7.180770975,516096
7.186575964,318292
7.192380952,312523
7.198185941,480727
7.203990930,455171
7.209795918,379627
7.215600907,519735
7.221405896,790499
7.227210884,848256
7.233015873,962159
7.238820862,792591
7.244625850,700259
7.250430839,678023
7.256235828,965898
7.262040816,1.54367e+6
7.267845805,1.63206e+6
7.273650794,1.22196e+6
7.279455782,972700
7.285260771,1.98509e+6
7.291065760,3.36371e+6
7.296870748,4.09789e+6
7.302675737,2.37332e+6
7.308480726,1.55599e+6
7.314285714,2.17329e+6
7.320090703,1.59742e+6
7.325895692,1.26043e+6
7.331700680,1.3292e+6
7.337505669,1.0593e+6
7.343310658,918985
7.349115646,690794
7.354920635,483915
7.360725624,316359
7.366530612,246937
7.372335601,226464
7.378140590,208126
7.383945578,154817
7.389750567,116928
7.395555556,94902.4
7.401360544,86824.6
7.407165533,86109.9
7.412970522,73433.6
7.418775510,66646.8
7.424580499,82976.3
7.430385488,103477
7.436190476,122490
7.441995465,129029
7.447800454,106640
7.453605442,94221.5
7.459410431,95857.4
7.465215420,86279.8
7.471020408,86455.3
7.476825397,76987.7
7.482630385,67367.1
7.488435374,69436.7
7.494240363,74874.5
7.500045351,120458
7.505850340,120155
7.511655329,143775
7.517460317,193147
7.523265306,316487
7.529070295,592102
7.534875283,603155
7.540680272,471133
7.546485261,431849
7.552290249,465418
7.558095238,330328
7.563900227,226858
7.569705215,309259
7.575510204,313066
7.581315193,181734
7.587120181,87922.6
7.592925170,69570.2
7.598730159,58912.7
7.604535147,70155.5
7.610340136,123837
7.616145125,157286
7.621950113,156597
7.627755102,157047
7.633560091,96400.5
7.639365079,83245.6
7.645170068,74154.2
7.650975057,72478.7
7.656780045,69001
7.662585034,57742
7.668390023,57863.8
7.674195011,71953
7.680000000,100681
7.685804989,69544.4
7.691609977,65796.2
7.697414966,54409.4
7.703219955,47231.2
7.709024943,37514.1
7.714829932,28025.9
7.720634921,23442.5
7.726439909,22727.3
7.732244898,20831.9
7.738049887,19008.8
7.743854875,19241
7.749659864,18004.7
7.755464853,17507
7.761269841,19807.4
7.767074830,20796.3
7.772879819,26106.2
7.778684807,36066.7
7.784489796,49966.9
7.790294785,68511.7
7.796099773,65952.8
7.801904762,69869.6
7.807709751,71947.5
7.813514739,79598.2
7.819319728,106979
7.825124717,186424
7.830929705,171206
7.836734694,136611
7.842539683,76974.8
7.848344671,68747.1
7.854149660,94975.3
7.859954649,132227
7.865759637,117865
7.871564626,111339
7.877369615,91658.7
7.883174603,63684.1
7.888979592,41218.7
7.894784580,29957.7
7.900589569,26852.3
7.906394558,26125.6
7.912199546,25620.7
7.918004535,32078.5
7.923809524,44529.7
7.929614512,54590.3
7.935419501,52290.1
7.941224490,57271.8
7.947029478,69025.4
7.952834467,72005
7.958639456,86233.4
7.964444444,86661.9
7.970249433,68531.7
7.976054422,78959.7
7.981859410,79175.9
7.987664399,75085.9
7.993469388,66436.9
7.999274376,59699.4
8.005079365,66767.1
8.010884354,71392
8.016689342,43077.2
8.022494331,34680.3
8.028299320,32565.3
8.034104308,32144.4
8.039909297,32218.2
8.045714286,37963
8.051519274,44180.9
8.057324263,46313.4
8.063129252,50562.4
8.068934240,42942.5
8.074739229,39389
8.080544218,40391.8
8.086349206,41556.1
8.092154195,37698.4
8.097959184,52998.4
8.103764172,170771
8.109569161,331992
8.115374150,491819
8.121179138,515226
8.126984127,574444
8.132789116,562896
8.138594104,646224
8.144399093,1.24544e+6
8.150204082,1.01821e+6
8.156009070,969328
8.161814059,910471
8.167619048,649198
8.173424036,660075
8.179229025,715526
8.185034014,1.05125e+6
8.190839002,1.36759e+6
8.196643991,1.21583e+6
8.202448980,1.53766e+6
8.208253968,1.15864e+6
8.214058957,981108
8.219863946,808831
8.225668934,1.07654e+6
8.231473923,1.64045e+6
8.237278912,914507
8.243083900,903690
8.248888889,969538
8.254693878,965435
8.260498866,961154
8.266303855,898296
8.272108844,801426
8.277913832,919847
8.283718821,1.04441e+6
8.289523810,1.29385e+6
8.295328798,1.4887e+6
8.301133787,1.63175e+6
8.306938776,1.59936e+6
8.312743764,2.34147e+6
8.318548753,2.09483e+6
8.324353741,2.78861e+6
8.330158730,1.92592e+6
8.335963719,1.34207e+6
8.341768707,1.26828e+6
8.347573696,1.38385e+6
8.353378685,1.65736e+6
8.359183673,1.96355e+6
8.364988662,1.90822e+6
8.370793651,1.72374e+6
8.376598639,1.35765e+6
8.382403628,980209
8.388208617,1.02959e+6
8.394013605,1.20849e+6
8.399818594,1.31268e+6
8.405623583,1.69957e+6
8.411428571,2.11765e+6
8.417233560,1.61705e+6
8.423038549,1.67554e+6
8.428843537,1.76314e+6
8.434648526,1.87167e+6
8.440453515,2.13434e+6
8.446258503,1.5467e+6
8.452063492,1.41095e+6
8.457868481,2.28369e+6
8.463673469,2.59451e+6
8.469478458,2.78721e+6
8.475283447,4.07174e+6
8.481088435,5.68164e+6
8.486893424,7.97627e+6
8.492698413,9.44961e+6
8.498503401,8.99718e+6
8.504308390,9.38122e+6
8.510113379,9.99148e+6
8.515918367,8.88297e+6
8.521723356,6.3798e+6
8.527528345,4.5105e+6
8.533333333,6.88126e+6
8.539138322,1.49954e+7
8.544943311,9.05142e+6
8.550748299,6.17628e+6
8.556553288,4.86651e+6
8.562358277,3.52004e+6
8.568163265,2.23464e+6
8.573968254,1.97473e+6
8.579773243,1.86048e+6
8.585578231,1.39796e+6
8.591383220,1.66445e+6
8.597188209,3.86324e+6
8.602993197,5.52792e+6
8.608798186,7.59595e+6
8.614603175,1.38039e+7
8.620408163,7.37553e+6
8.626213152,3.12488e+6
8.632018141,2.66127e+6
8.637823129,3.41596e+6
8.643628118,4.73423e+6
8.649433107,6.65182e+6
8.655238095,2.55124e+6
8.661043084,280044
8.666848073,167755
8.672653061,217367
8.678458050,391921
8.684263039,332434
8.690068027,327771
8.695873016,402695
8.701678005,311091
8.707482993,228781
8.713287982,228375
8.719092971,254275
8.724897959,90078.9
8.730702948,44097.4
8.736507937,30928.1
8.742312925,35189.5
8.748117914,39016.7
8.753922902,41438.2
8.759727891,41578.5
8.765532880,55617.8
8.771337868,63101.1
8.777142857,60856.9
8.782947846,66218
8.788752834,71235.2
8.794557823,74185.9
8.800362812,87912.9
8.806167800,105010
8.811972789,108742
8.817777778,107591
8.823582766,115244
8.829387755,132652
8.835192744,164005
8.840997732,183308
8.846802721,166384
8.852607710,140824
8.858412698,121589
8.864217687,114471
8.870022676,111439
8.875827664,111369
8.881632653,110304
8.887437642,87618
8.893242630,91408.4
8.899047619,109736
8.904852608,75168.6
8.910657596,48963.5
8.916462585,39492.2
8.922267574,30879.2
8.928072562,28802.6
8.933877551,26548.2
8.939682540,25421.8
8.945487528,25146.1
8.951292517,28615.8
8.957097506,32934.6
8.962902494,35607.1
8.968707483,43300.7
8.974512472,43928.7
8.980317460,43967.4
8.986122449,59871.9
8.991927438,82709.1
8.997732426,71977.1
9.003537415,54690.8
9.009342404,59093.4
9.015147392,62989.8
9.020952381,56746.8
9.026757370,48484.1
9.032562358,49621.8
9.038367347,46638.6
9.044172336,48660.1
9.049977324,56803.9
9.055782313,71204.2
9.061587302,77558.3
9.067392290,63640.7
9.073197279,54289.3
9.079002268,51115.3
9.084807256,57540.8
9.090612245,150998
9.096417234,344797
9.102222222,402887
9.108027211,417772
9.113832200,440327
9.119637188,515172
9.125442177,595950
9.131247166,193276
9.137052154,76812.8
9.142857143,49285.5
9.148662132,45345
9.154467120,46673.3
9.160272109,45827
9.166077098,55282.7
9.171882086,89755.6
9.177687075,125427
9.183492063,133920
9.189297052,129644
9.195102041,123987
9.200907029,102059
9.206712018,90901.8
9.212517007,95700.6
9.218321995,90018
9.224126984,91381.7
9.229931973,103969
9.235736961,109408
9.241541950,117795
9.247346939,118079
9.253151927,90535.3
9.258956916,73479.8
9.264761905,72562.9
9.270566893,79492.9
9.276371882,77611.6
9.282176871,66507.8
9.287981859,68715.1
9.293786848,82102
9.299591837,152270
9.305396825,170489
9.311201814,240412
9.317006803,268070
9.322811791,270568
9.328616780,295394
9.334421769,378534
9.340226757,571430
9.346031746,729551
9.351836735,700969
9.357641723,585788
9.363446712,385939
9.369251701,411906
9.375056689,315850
9.380861678,288528
9.386666667,443488
9.392471655,474330
9.398276644,650784
9.404081633,902404
9.409886621,882608
9.415691610,1.10462e+6
9.421496599,1.52934e+6
9.427301587,1.73505e+6
9.433106576,1.55542e+6
9.438911565,863867
9.444716553,504380
9.450521542,284191
9.456326531,174209
9.462131519,161082
9.467936508,107179
9.473741497,82618.3
9.479546485,81503.9
9.485351474,73407.7
9.491156463,69252.2
9.496961451,73086.8
9.502766440,88552.5
9.508571429,107827
9.514376417,129619
9.520181406,178331
9.525986395,143071
9.531791383,119379
9.537596372,123848
9.543401361,117559
9.549206349,90148.7
9.555011338,109176
9.560816327,109372
9.566621315,143203
9.572426304,233026
9.578231293,190618
9.584036281,290550
9.589841270,503416
9.595646259,582562
9.601451247,917374
9.607256236,1.1955e+6
9.613061224,1.42108e+6
9.618866213,1.0872e+6
9.624671202,886930
9.630476190,647072
9.636281179,780253
9.642086168,1.09008e+6
9.647891156,980931
9.653696145,977310
9.659501134,677910
9.665306122,628635
9.671111111,771410
9.676916100,806798
9.682721088,1.0826e+6
9.688526077,1.83691e+6
9.694331066,1.72869e+6
9.700136054,1.92195e+6
9.705941043,1.70536e+6
9.711746032,1.5708e+6
9.717551020,2.31287e+6
9.723356009,2.47342e+6
9.729160998,2.5813e+6
9.734965986,4.36418e+6
9.740770975,2.57945e+6
9.746575964,1.49161e+6
9.752380952,1.2706e+6
9.758185941,1.84066e+6
9.763990930,2.92378e+6
9.769795918,5.0107e+6
9.775600907,3.50444e+6
9.781405896,3.54624e+6
9.787210884,3.4808e+6
9.793015873,3.45561e+6
9.798820862,3.10089e+6
9.804625850,2.92242e+6
9.810430839,2.69588e+6
9.816235828,2.81526e+6
9.822040816,3.69707e+6
9.827845805,2.90514e+6
9.833650794,2.97822e+6
9.839455782,3.33738e+6
9.845260771,2.81963e+6
9.851065760,2.78048e+6
9.856870748,3.21468e+6
9.862675737,3.00043e+6
9.868480726,3.21016e+6
9.874285714,3.30983e+6
9.880090703,2.73669e+6
9.885895692,2.90062e+6
9.891700680,3.2245e+6
9.897505669,3.05897e+6
9.903310658,3.17729e+6
9.909115646,2.18393e+6
9.914920635,1.29843e+6
9.920725624,1.65796e+6
9.926530612,2.94098e+6
9.932335601,1.73955e+6
9.938140590,1.10622e+6
9.943945578,1.68812e+6
9.949750567,2.09493e+6
9.955555556,2.17362e+6
9.961360544,1.87531e+6
9.967165533,2.23394e+6
9.972970522,2.49078e+6
9.978775510,1.89944e+6
9.984580499,1.98025e+6
9.990385488,2.43354e+6
9.996190476,3.21065e+6
10.001995465,4.08031e+6
10.007800454,3.29208e+6
10.013605442,2.79849e+6
10.019410431,3.84723e+6
10.025215420,3.72472e+6
10.031020408,2.2292e+6
10.036825397,1.5115e+6
10.042630385,2.2468e+6
10.048435374,3.84902e+6
10.054240363,3.81997e+6
10.060045351,4.9637e+6
10.065850340,5.67044e+6
10.071655329,3.94646e+6
10.077460317,3.19339e+6
10.083265306,3.30656e+6
10.089070295,5.03791e+6
10.094875283,4.81186e+6
10.100680272,3.78583e+6
10.106485261,3.18116e+6
10.112290249,5.00893e+6
10.118095238,4.24728e+6
10.123900227,4.38436e+6
10.129705215,4.68775e+6
10.135510204,6.38226e+6
10.141315193,9.08145e+6
10.147120181,5.98276e+6
10.152925170,7.08867e+6
10.158730159,5.60711e+6
10.164535147,4.74901e+6
10.170340136,4.40691e+6
10.176145125,3.62915e+6
10.181950113,3.22121e+6
10.187755102,4.04854e+6
10.193560091,9.64852e+6
10.199365079,9.00636e+6
10.205170068,5.62164e+6
10.210975057,6.40161e+6
10.216780045,6.62913e+6
10.222585034,9.63308e+6
10.228390023,9.13751e+6
10.234195011,7.96167e+6
10.240000000,6.04896e+6
10.245804989,1.01682e+7
10.251609977,1.1473e+7
10.257414966,1.1004e+7
10.263219955,6.83612e+6
10.269024943,9.33357e+6
10.274829932,6.48967e+6
10.280634921,6.46623e+6
10.286439909,7.87755e+6
10.292244898,8.21649e+6
10.298049887,1.47521e+7
10.303854875,1.08085e+7
10.309659864,5.241e+6
10.315464853,5.51523e+6
10.321269841,1.07598e+7
10.327074830,1.81976e+7
10.332879819,1.70867e+7
10.338684807,1.39238e+7
10.344489796,1.49534e+7
10.350294785,8.71959e+6
10.356099773,5.4411e+6
10.361904762,1.11874e+7
10.367709751,1.80046e+7
10.373514739,1.29858e+7
10.379319728,1.06931e+7
10.385124717,5.38607e+6
10.390929705,4.58492e+6
10.396734694,4.94203e+6
10.402539683,6.14512e+6
10.408344671,1.43873e+7
10.414149660,1.05867e+7
10.419954649,5.8681e+6
10.425759637,1.3828e+7
10.431564626,1.59187e+7
10.437369615,1.24204e+7
10.443174603,6.90254e+6
10.448979592,4.05414e+6
10.454784580,5.5791e+6
10.460589569,8.13828e+6
10.466394558,6.85657e+6
10.472199546,7.68314e+6
10.478004535,9.53923e+6
10.483809524,9.00164e+6
10.489614512,6.87026e+6
10.495419501,5.26473e+6
10.501224490,6.14648e+6
10.507029478,5.49117e+6
10.512834467,4.77417e+6
10.518639456,2.12753e+6
10.524444444,896430
10.530249433,310743
10.536054422,152463
10.541859410,97631.6
10.547664399,77950.2
10.553469388,67299.8
10.559274376,52116.3
10.565079365,43747.4
10.570884354,49268
10.576689342,45068.3
10.582494331,39216.2
10.588299320,34420.3
10.594104308,40756.9
10.599909297,41419.3
10.605714286,38971.2
10.611519274,36894.9
10.617324263,44253.3
10.623129252,44411.9
10.628934240,48850
10.634739229,42222.1
10.640544218,34461.9
10.646349206,31014.3
10.652154195,34060.2
10.657959184,40157
10.663764172,45818
10.669569161,51145.1
10.675374150,71319.8
10.681179138,94228.3
10.686984127,99897.7
10.692789116,87508.2
10.698594104,81351.8
10.704399093,168674
10.710204082,466823
10.716009070,676756
10.721814059,943284
10.727619048,895416
10.733424036,1.25921e+6
10.739229025,1.17122e+6
10.745034014,960479
10.750839002,764428
10.756643991,563878
10.762448980,525213
10.768253968,438903
10.774058957,297402
10.779863946,237702
10.785668934,414391
10.791473923,671823
10.797278912,819710
10.803083900,727996
10.808888889,270128
10.814693878,126411
10.820498866,129599
10.826303855,148270
10.832108844,117823
10.837913832,120131
10.843718821,102975
10.849523810,87759.6
10.855328798,110992
10.861133787,119321
10.866938776,102812
10.872743764,135905
10.878548753,200027
10.884353741,288483
10.890158730,453462
10.895963719,659952
10.901768707,861740
10.907573696,688856
10.913378685,849041
10.919183673,720927
10.924988662,981409
10.930793651,1.10798e+6
10.936598639,2.04719e+6
10.942403628,2.53383e+6
10.948208617,2.60084e+6
10.954013605,1.52074e+6
10.959818594,794526
10.965623583,789659
10.971428571,1.05814e+6
10.977233560,1.11971e+6
10.983038549,1.61911e+6
10.988843537,1.15659e+6
10.994648526,1.04477e+6
11.000453515,593618
11.006258503,363514
11.012063492,505215
11.017868481,188323
11.023673469,47801.1
11.029478458,39823.1
11.035283447,51870.8
11.041088435,56930.5
11.046893424,81076.1
11.052698413,119046
11.058503401,138841
11.064308390,126359
11.070113379,123090
11.075918367,116568
11.081723356,90366.9
11.087528345,64235
11.093333333,53948.5
11.099138322,56908
11.104943311,49352.9
11.110748299,45274.3
11.116553288,47521.6
11.122358277,53184.9
11.128163265,50999.5
11.133968254,40683.1
11.139773243,41299.7
11.145578231,80784.1
11.151383220,160202
11.157188209,211555
11.162993197,514908
11.168798186,392847
11.174603175,346621
11.180408163,185222
11.186213152,85078.5
11.192018141,46817.4
11.197823129,36730.2
11.203628118,45447.1
11.209433107,67589.2
11.215238095,61142.8
11.221043084,60389.2
11.226848073,70117.1
11.232653061,70466.9
11.238458050,66548.4
11.244263039,56141.1
11.250068027,73296.8
11.255873016,76750
11.261678005,72056.9
11.267482993,92926.1
11.273287982,90672.2
11.279092971,89333.4
11.284897959,97139.8
11.290702948,104484
11.296507937,99816.2
11.302312925,87336.2
11.308117914,102110
11.313922902,109318
11.319727891,102632
11.325532880,85896.5
11.331337868,91870.9
11.337142857,87085.6
11.342947846,76934
11.348752834,78064.6
11.354557823,88117.5
11.360362812,84971
11.366167800,76083.3
11.371972789,94427.6
11.377777778,87413.4
11.383582766,86443.6
11.389387755,95349.5
11.395192744,98782.7
11.400997732,93228.2
11.406802721,68995.3
11.412607710,71087.3
11.418412698,59967.9
11.424217687,56471.8
11.430022676,60917.1
11.435827664,67349.3
11.441632653,92361.4
11.447437642,108366
11.453242630,132673
11.459047619,127691
11.464852608,117423
11.470657596,109418
11.476462585,107492
11.482267574,105272
11.488072562,105277
11.493877551,107456
11.499682540,109645
11.505487528,120029
11.511292517,135676
11.517097506,146175
11.522902494,156611
11.528707483,177408
11.534512472,155656
11.540317460,153882
11.546122449,154230
11.551927438,139579
11.557732426,139348
11.563537415,153137
11.569342404,158079
11.575147392,159943
11.580952381,163315
11.586757370,173965
11.592562358,198969
11.598367347,208071
11.604172336,245195
11.609977324,322740
11.615782313,333907
11.621587302,299777
11.627392290,222372
11.633197279,188125
11.639002268,234962
11.644807256,267139
11.650612245,250548
11.656417234,275655
11.662222222,276647
11.668027211,296999
11.673832200,363217
11.679637188,268125
11.685442177,219776
11.691247166,232546
11.697052154,260137
11.702857143,297293
11.708662132,227713
11.714467120,145844
11.720272109,130327
11.726077098,110678
11.731882086,89011.1
11.737687075,72844
11.743492063,67829
11.749297052,55010.7
11.755102041,45199.9
11.760907029,40016.2
11.766712018,38664.5
11.772517007,41487.9
11.778321995,55321.8
11.784126984,48998.3
11.789931973,42852.8
11.795736961,61398.2
11.801541950,60777.9
11.807346939,59152.3
11.813151927,58515.2
11.818956916,57010.4
11.824761905,58446.1
11.830566893,58563.8
11.836371882,60584.8
11.842176871,59847.7
11.847981859,56313.7
11.853786848,58504.4
11.859591837,58489.2
11.865396825,60548.3
11.871201814,57052.1
11.877006803,50765.6
11.882811791,44863.1
11.888616780,41423.1
11.894421769,40042.3
11.900226757,40968.6
11.906031746,58962.9
11.911836735,72602.4
11.917641723,83205.5
11.923446712,102282
11.929251701,130998
11.935056689,178203
11.940861678,176881
11.946666667,177235
11.952471655,163293
11.958276644,136271
11.964081633,123157
11.969886621,123000
11.975691610,120296
11.981496599,112838
11.987301587,98508.5
11.993106576,98655.7
11.998911565,99727.6
12.004716553,124708
12.010521542,135900
12.016326531,210728
12.022131519,306279
12.027936508,340426
12.033741497,348568
12.039546485,411868
12.045351474,496326
12.051156463,621416
12.056961451,957989
12.062766440,1.16852e+6
12.068571429,1.14587e+6
12.074376417,1.12192e+6
12.080181406,1.16157e+6
12.085986395,1.17381e+6
12.091791383,1.23521e+6
12.097596372,1.58304e+6
12.103401361,1.41212e+6
12.109206349,1.47073e+6
12.115011338,1.436e+6
12.120816327,1.19012e+6
12.126621315,1.22021e+6
12.132426304,1.27353e+6
12.138231293,1.26806e+6
12.144036281,1.48461e+6
12.149841270,1.70345e+6
12.155646259,2.06729e+6
12.161451247,778114
12.167256236,99715.8
12.173061224,45989.5
12.178866213,49652.6
12.184671202,61583.5
12.190476190,70733.8
12.196281179,93554.3
12.202086168,99122.4
12.207891156,128077
12.213696145,145886
12.219501134,145192
12.225306122,144277
12.231111111,146548
12.236916100,166343
12.242721088,166175
12.248526077,174140
12.254331066,167158
12.260136054,165393
12.265941043,148686
12.271746032,138798
12.277551020,86562.9
12.283356009,57681.3
12.289160998,69216.2
12.294965986,117646
12.300770975,164385
12.306575964,329634
12.312380952,313976
12.318185941,265968
12.323990930,350167
12.329795918,622117
12.335600907,766462
12.341405896,922175
12.347210884,693026
12.353015873,894543
12.358820862,821334
12.364625850,1.22529e+6
12.370430839,1.30476e+6
12.376235828,786130
12.382040816,306789
12.387845805,220985
12.393650794,178167
12.399455782,134424
12.405260771,133664
12.411065760,118058
12.416870748,102251
12.422675737,88196.7
12.428480726,70187.3
12.434285714,57730.3
12.440090703,75703.1
12.445895692,87487.6
12.451700680,96498.1
12.457505669,126526
12.463310658,144645
12.469115646,157720
12.474920635,149480
12.480725624,119890
12.486530612,108907
12.492335601,110622
12.498140590,117195
12.503945578,107113
12.509750567,82109.6
12.515555556,79461.5
12.521360544,80702.1
12.527165533,84674.6
12.532970522,85530.2
12.538775510,85008.6
12.544580499,120413
12.550385488,196228
12.556190476,448417
12.561995465,896860
12.567800454,745310
12.573605442,578942
12.579410431,684303
12.585215420,578510
12.591020408,436556
12.596825397,384904
12.602630385,384471
12.608435374,611338
12.614240363,688623
12.620045351,774798
12.625850340,824369
12.631655329,1.31863e+6
12.637460317,1.9511e+6
12.643265306,2.1462e+6
12.649070295,1.55854e+6
12.654875283,1.21646e+6
12.660680272,1.30617e+6
12.666485261,1.10886e+6
12.672290249,1.41549e+6
12.678095238,1.33738e+6
12.683900227,1.16357e+6
12.689705215,308437
12.695510204,140923
12.701315193,65450.1
12.707120181,45206.4
12.712925170,47399
12.718730159,81204.8
12.724535147,77329.1
12.730340136,72008.9
12.736145125,82330.8
12.741950113,111799
12.747755102,166690
12.753560091,170308
12.759365079,268798
12.765170068,377178
12.770975057,466703
12.776780045,510551
12.782585034,416871
12.788390023,525752
12.794195011,477332
12.800000000,589440
12.805804989,823386
12.811609977,402805
12.817414966,375670
12.823219955,483838
12.829024943,1.22777e+6
12.834829932,892693
12.840634921,1.07201e+6
12.846439909,1.16844e+6
12.852244898,1.61015e+6
12.858049887,1.22405e+6
12.863854875,856245
12.869659864,621776
12.875464853,563243
12.881269841,632070
12.887074830,471463
12.892879819,458029
12.898684807,560040
12.904489796,171439
12.910294785,72418.9
12.916099773,41673.5
12.921904762,46434
12.927709751,56432.6
12.933514739,65001.5
12.939319728,77657.3
12.945124717,79007.7
12.950929705,70274.8
12.956734694,61966.4
12.962539683,55890.7
12.968344671,67548.7
12.974149660,90170.6
12.979954649,109587
12.985759637,123402
12.991564626,120393
12.997369615,133941
13.003174603,134376
13.008979592,137270
13.014784580,171561
13.020589569,186158
13.026394558,202661
13.032199546,180378
13.038004535,173765
13.043809524,191392
13.049614512,178119
13.055419501,174628
13.061224490,169622
13.067029478,186493
13.072834467,204728
13.078639456,184942
13.084444444,178834
13.090249433,170512
13.096054422,163956
13.101859410,157805
13.107664399,169313
13.113469388,186265
13.119274376,185516
13.125079365,165852
13.130884354,144595
13.136689342,131307
13.142494331,117896
13.148299320,108407
13.154104308,98550.3
13.159909297,88839.4
13.165714286,117713
13.171519274,225324
13.177324263,212642
13.183129252,122766
13.188934240,103806
13.194739229,130802
13.200544218,201316
13.206349206,323835
13.212154195,433361
13.217959184,221411
13.223764172,220123
13.229569161,398867
13.235374150,1.00841e+6
13.241179138,1.32839e+6
13.246984127,601808
13.252789116,651879
13.258594104,1.42082e+6
13.264399093,1.88489e+6
13.270204082,1.5914e+6
13.276009070,1.58194e+6
13.281814059,1.37172e+6
13.287619048,1.58623e+6
13.293424036,2.00897e+6
13.299229025,2.04774e+6
13.305034014,2.21367e+6
13.310839002,2.03353e+6
13.316643991,1.42218e+6
13.322448980,1.07098e+6
13.328253968,1.63057e+6
13.334058957,1.89391e+6
13.339863946,2.81821e+6
13.345668934,2.47618e+6
13.351473923,3.30335e+6
13.357278912,2.96674e+6
13.363083900,2.67964e+6
13.368888889,2.80719e+6
13.374693878,2.62782e+6
13.380498866,1.01663e+6
13.386303855,492559
13.392108844,342326
13.397913832,417302
13.403718821,1.20871e+6
13.409523810,2.0243e+6
13.415328798,2.15838e+6
13.421133787,3.18208e+6
13.426938776,3.1289e+6
13.432743764,2.70414e+6
13.438548753,2.762e+6
13.444353741,2.45161e+6
13.450158730,2.41136e+6
13.455963719,2.54277e+6
13.461768707,2.05405e+6
13.467573696,2.14545e+6
13.473378685,2.37787e+6
13.479183673,2.19009e+6
13.484988662,1.81583e+6
13.490793651,2.16701e+6
13.496598639,2.7415e+6
13.502403628,3.32675e+6
13.508208617,3.12134e+6
13.514013605,2.3205e+6
13.519818594,1.65266e+6
13.525623583,1.79854e+6
13.531428571,2.93424e+6
13.537233560,3.34304e+6
13.543038549,2.70234e+6
13.548843537,2.93407e+6
13.554648526,3.93714e+6
13.560453515,3.82823e+6
13.566258503,4.30845e+6
13.572063492,2.69175e+6
13.577868481,2.20235e+6
13.583673469,2.28509e+6
13.589478458,2.73481e+6
13.595283447,3.58421e+6
13.601088435,5.74264e+6
13.606893424,4.20571e+6
13.612698413,4.95636e+6
13.618503401,5.15252e+6
13.624308390,3.44076e+6
13.630113379,4.01635e+6
13.635918367,4.79514e+6
13.641723356,5.10295e+6
13.647528345,6.51203e+6
13.653333333,8.26567e+6
13.659138322,7.05398e+6
13.664943311,7.14469e+6
13.670748299,9.85741e+6
13.676553288,1.11559e+7
13.682358277,7.51743e+6
13.688163265,6.01661e+6
13.693968254,4.62486e+6
13.699773243,6.54542e+6
13.705578231,1.12826e+7
13.711383220,8.55869e+6
13.717188209,6.69863e+6
13.722993197,1.1234e+7
13.728798186,9.53887e+6
13.734603175,1.24538e+7
13.740408163,1.35363e+7
13.746213152,7.70805e+6
13.752018141,5.82328e+6
13.757823129,7.85666e+6
13.763628118,1.63997e+7
13.769433107,1.48302e+7
13.775238095,1.41935e+7
13.781043084,1.13779e+7
13.786848073,9.41635e+6
13.792653061,8.3985e+6
13.798458050,7.42787e+6
13.804263039,8.02275e+6
13.810068027,5.4276e+6
13.815873016,5.17783e+6
13.821678005,5.77012e+6
13.827482993,6.67405e+6
13.833287982,5.457e+6
13.839092971,5.63737e+6
13.844897959,8.7097e+6
13.850702948,8.32851e+6
13.856507937,6.70794e+6
13.862312925,4.62881e+6
13.868117914,4.97048e+6
13.873922902,4.93784e+6
13.879727891,4.9749e+6
13.885532880,3.08281e+6
13.891337868,2.9074e+6
13.897142857,3.43071e+6
13.902947846,1.81675e+6
13.908752834,1.80279e+6
13.914557823,2.42978e+6
13.920362812,1.37315e+6
13.926167800,1.82729e+6
13.931972789,3.66331e+6
13.937777778,5.5921e+6
13.943582766,4.78948e+6
13.949387755,7.66757e+6
13.955192744,5.05398e+6
13.960997732,4.20372e+6
13.966802721,4.54888e+6
13.972607710,1.81492e+6
13.978412698,778677
13.984217687,676731
13.990022676,816416
13.995827664,618971
14.001632653,556867
14.007437642,414535
14.013242630,100803
14.019047619,37467.5
14.024852608,25718.3
14.030657596,21733.1
14.036462585,24557.4
14.042267574,29935.1
14.048072562,33867.6
14.053877551,36720.6
14.059682540,32964.3
14.065487528,34749.7
14.071292517,38525.1
14.077097506,43972.3
14.082902494,50526.8
14.088707483,45358.3
14.094512472,44185.3
14.100317460,44390
14.106122449,44443.5
14.111927438,43720.9
14.117732426,41554.4
14.123537415,40163.6
14.129342404,36594.4
14.135147392,38577.7
14.140952381,45547.3
14.146757370,49207.4
14.152562358,41913.1
14.158367347,36686.9
14.164172336,39215.3
14.169977324,47455
14.175782313,50232.7
14.181587302,42001.3
14.187392290,47686
14.193197279,56197.2
14.199002268,51947.3
14.204807256,49658.6
14.210612245,47534.4
14.216417234,44089.7
14.222222222,35756.8
14.228027211,34625.2
14.233832200,59084.6
14.239637188,117585
14.245442177,120898
14.251247166,131595
14.257052154,73514.8
14.262857143,50767.5
14.268662132,56588.5
14.274467120,46771.3
14.280272109,43347.2
14.286077098,70446.4
14.291882086,144253
14.297687075,165273
14.303492063,225101
14.309297052,239897
14.315102041,224540
14.320907029,178119
14.326712018,129341
14.332517007,95771.6
14.338321995,95703.3
14.344126984,113079
14.349931973,105151
14.355736961,127104
14.361541950,161190
14.367346939,186065
14.373151927,239757
14.378956916,237039
14.384761905,175761
14.390566893,126946
14.396371882,91490.8
14.402176871,58478.3
14.407981859,34443.4
14.413786848,29513.8
14.419591837,25403
14.425396825,29311.7
14.431201814,28802.7
14.437006803,27558.3
14.442811791,28015
14.448616780,33122.1
14.454421769,36986.6
14.460226757,35050.8
14.466031746,31705
14.471836735,34309.5
14.477641723,38752.6
14.483446712,42144.6
14.489251701,54257.5
14.495056689,56245.3
14.500861678,59763
14.506666667,59317.2
14.512471655,49437.9
14.518276644,45723.5
14.524081633,45364.2
14.529886621,45259.7
14.535691610,54775.1
14.541496599,60855.1
14.547301587,69188.5
14.553106576,77668.3
14.558911565,99943.4
14.564716553,115909
14.570521542,114823
14.576326531,104308
14.582131519,86134.3
14.587936508,76143.4
14.593741497,85910.7
14.599546485,120683
14.605351474,239650
14.611156463,393976
14.616961451,578662
14.622766440,671868
14.628571429,1.12681e+6
14.634376417,846093
14.640181406,675703
14.645986395,1.03703e+6
14.651791383,886583
14.657596372,789642
14.663401361,606708
14.669206349,585645
14.675011338,352740
14.680816327,431251
14.686621315,349671
14.692426304,431256
14.698231293,561160
14.704036281,769188
14.709841270,879360
14.715646259,809273
14.721451247,738794
14.727256236,754118
14.733061224,872408
14.738866213,516928
14.744671202,399502
14.750476190,460386
14.756281179,682351
14.762086168,1.03579e+6
14.767891156,911175
14.773696145,869466
14.779501134,1.02589e+6
14.785306122,796718
14.791111111,798244
14.796916100,798847
14.802721088,884562
14.808526077,977253
14.814331066,975876
14.820136054,1.18269e+6
14.825941043,1.31454e+6
14.831746032,1.16946e+6
14.837551020,968088
14.843356009,1.23988e+6
14.849160998,969317
14.854965986,922998
14.860770975,1.22129e+6
14.866575964,1.39807e+6
14.872380952,1.09761e+6
14.878185941,766764
14.883990930,808861
14.889795918,1.46767e+6
14.895600907,1.13814e+6
14.901405896,1.02884e+6
14.907210884,1.37971e+6
14.913015873,976185
14.918820862,707478
14.924625850,676403
14.930430839,438205
14.936235828,643690
14.942040816,1.24428e+6
14.947845805,1.19513e+6
14.953650794,705019
14.959455782,847027
14.965260771,1.19141e+6
14.971065760,1.19418e+6
14.976870748,1.07523e+6
14.982675737,772935
14.988480726,577191
14.994285714,677518
15.000090703,717498
15.005895692,1.06625e+6
15.011700680,1.33378e+6
15.017505669,1.08909e+6
15.023310658,1.07603e+6
15.029115646,1.09017e+6
15.034920635,1.54051e+6
15.040725624,1.90586e+6
15.046530612,1.93243e+6
15.052335601,1.8223e+6
15.058140590,2.05408e+6
15.063945578,1.86249e+6
15.069750567,2.24551e+6
15.075555556,3.72214e+6
15.081360544,3.28425e+6
15.087165533,2.61575e+6
15.092970522,3.73667e+6
15.098775510,3.7377e+6
15.104580499,2.59293e+6
15.110385488,1.45961e+6
15.116190476,1.35163e+6
15.121995465,2.24574e+6
15.127800454,3.15006e+6
15.133605442,3.51411e+6
15.139410431,4.81631e+6
15.145215420,7.50385e+6
15.151020408,1.3527e+7
15.156825397,1.20026e+7
15.162630385,7.89878e+6
15.168435374,6.55598e+6
15.174240363,4.98347e+6
15.180045351,6.59321e+6
15.185850340,7.91388e+6
15.191655329,1.22419e+7
15.197460317,1.0001e+7
15.203265306,6.59134e+6
15.209070295,6.4909e+6
15.214875283,6.56755e+6
15.220680272,4.66496e+6
15.226485261,5.21444e+6
15.232290249,3.13251e+6
15.238095238,2.57007e+6
15.243900227,3.22858e+6
15.249705215,3.91715e+6
15.255510204,4.49295e+6
15.261315193,4.77032e+6
15.267120181,4.54168e+6
15.272925170,5.3992e+6
15.278730159,7.1026e+6
15.284535147,5.09482e+6
15.290340136,4.5248e+6
15.296145125,2.87187e+6
15.301950113,3.92712e+6
15.307755102,4.72263e+6
15.313560091,5.56803e+6
15.319365079,5.10616e+6
15.325170068,3.92819e+6
15.330975057,2.9388e+6
15.336780045,2.7396e+6
15.342585034,4.1168e+6
15.348390023,3.28579e+6
15.354195011,2.4253e+6
15.360000000,2.47431e+6
15.365804989,3.28473e+6
15.371609977,4.67218e+6
15.377414966,4.94115e+6
15.383219955,3.68814e+6
15.389024943,2.79977e+6
15.394829932,2.72301e+6
15.400634921,4.07956e+6
15.406439909,4.62135e+6
15.412244898,3.411e+6
15.418049887,2.95975e+6
15.423854875,2.64858e+6
15.429659864,3.33719e+6
15.435464853,3.49489e+6
15.441269841,3.17396e+6
15.447074830,2.38049e+6
15.452879819,2.37326e+6
15.458684807,1.79759e+6
15.464489796,1.53452e+6
15.470294785,1.68377e+6
15.476099773,1.92136e+6
15.481904762,2.83245e+6
15.487709751,3.47504e+6
15.493514739,2.63722e+6
15.499319728,2.49838e+6
15.505124717,2.09286e+6
15.510929705,3.2335e+6
15.516734694,1.62104e+6
15.522539683,1.1164e+6
15.528344671,2.78171e+6
15.534149660,2.52979e+6
15.539954649,1.45317e+6
15.545759637,2.57808e+6
15.551564626,3.66889e+6
15.557369615,3.80985e+6
15.563174603,6.33708e+6
15.568979592,5.36625e+6
15.574784580,4.02853e+6
15.580589569,2.19217e+6
15.586394558,669473
15.592199546,602060
15.598004535,2.34857e+6
15.603809524,5.27177e+6
15.609614512,7.9943e+6
15.615419501,8.20879e+6
15.621224490,3.51452e+6
15.627029478,2.6347e+6
15.632834467,4.24878e+6
15.638639456,7.16829e+6
15.644444444,9.75451e+6
15.650249433,9.57663e+6
15.656054422,6.86437e+6
15.661859410,7.33013e+6
15.667664399,4.08207e+6
15.673469388,1.87008e+6
15.679274376,505905
15.685079365,252798
15.690884354,246228
15.696689342,542590
15.702494331,393087
15.708299320,394169
15.714104308,280041
15.719909297,315786
15.725714286,243696
15.731519274,338065
15.737324263,605359
15.743129252,834770
15.748934240,954863
15.754739229,921824
15.760544218,1.13233e+6
15.766349206,1.53526e+6
15.772154195,2.06026e+6
15.777959184,264538
15.783764172,68839.3
15.789569161,36098.4
15.795374150,38077.9
15.801179138,55674.9
15.806984127,52027.8
15.812789116,51164.4
15.818594104,55536.8
15.824399093,51272.2
15.830204082,62051.7
15.836009070,66782.2
15.841814059,60612.1
15.847619048,59144.7
15.853424036,58227.9
15.859229025,61089.1
15.865034014,101035
15.870839002,196178
15.876643991,266929
15.882448980,279902
15.888253968,204843
15.894058957,160619
15.899863946,157068
15.905668934,136131
15.911473923,99070.7
15.917278912,56020.9
15.923083900,43687.8
15.928888889,38816.6
15.934693878,43549.9
15.940498866,53057
15.946303855,49883.1
15.952108844,56455.7
15.957913832,59251.4
15.963718821,52206.6
15.969523810,49911.8
15.975328798,72145.3
15.981133787,162450
15.986938776,352991
15.992743764,254981
15.998548753,97830.2
16.004353741,50241.3
16.010158730,42187.6
16.015963719,42257
16.021768707,98242.1
16.027573696,97181.9
16.033378685,63712.6
16.039183673,52100.5
16.044988662,51912.2
16.050793651,51240.7
16.056598639,49980.8
16.062403628,50521.2
16.068208617,54391
16.074013605,44812.2
16.079818594,43747.8
16.085623583,44694.8
16.091428571,45178.2
16.097233560,56484.3
16.103038549,80963.1
16.108843537,73725.4
16.114648526,62815.4
16.120453515,71687.1
16.126258503,95636.2
16.132063492,126919
16.137868481,113123
16.143673469,95468.1
16.149478458,79178.9
16.155283447,69146.5
16.161088435,71052.1
16.166893424,129411
16.172698413,212564
16.178503401,261121
16.184308390,240851
16.190113379,298078
16.195918367,412796
16.201723356,305417
16.207528345,291607
16.213333333,392569
16.219138322,513630
16.224943311,367956
16.230748299,237517
16.236553288,146262
16.242358277,92465.5
16.248163265,55998.8
16.253968254,50301.4
16.259773243,48533.6
16.265578231,47706.9
16.271383220,43274.2
16.277188209,44356.2
16.282993197,52971.1
16.288798186,60082.2
16.294603175,58086.8
16.300408163,55909.7
16.306213152,66701.2
16.312018141,73605.2
16.317823129,76115
16.323628118,76933
16.329433107,86650.1
16.335238095,97559.5
16.341043084,123907
16.346848073,120745
16.352653061,95036
16.358458050,97366.8
16.364263039,101919
16.370068027,94068.9
16.375873016,79531.2
16.381678005,87165.9
16.387482993,98129
16.393287982,96743.5
16.399092971,98278
16.404897959,160430
16.410702948,290382
16.416507937,686457
16.422312925,992725
16.428117914,513616
16.433922902,723666
16.439727891,622970
16.445532880,573734
16.451337868,620453
16.457142857,463576
16.462947846,615165
16.468752834,925161
16.474557823,640140
16.480362812,451623
16.486167800,659387
16.491972789,742189
16.497777778,545969
16.503582766,744339
16.509387755,1.09742e+6
16.515192744,1.28047e+6
16.520997732,2.37718e+6
16.526802721,964653
16.532607710,345719
16.538412698,183311
16.544217687,132223
16.550022676,114513
16.555827664,112954
16.561632653,124822
16.567437642,119183
16.573242630,149177
16.579047619,150735
16.584852608,146188
16.590657596,150347
16.596462585,165420
16.602267574,214167
16.608072562,303484
16.613877551,441710
16.619682540,717284
16.625487528,867207
16.631292517,771062
16.637097506,493600
16.642902494,489329
16.648707483,598983
16.654512472,543448
16.660317460,652067
16.666122449,820217
16.671927438,1.17993e+6
16.677732426,2.90822e+6
16.683537415,4.51105e+6
16.689342404,3.21495e+6
16.695147392,3.07111e+6
16.700952381,2.14364e+6
16.706757370,1.77697e+6
16.712562358,1.39927e+6
16.718367347,338956
16.724172336,285827
16.729977324,389588
16.735782313,639862
16.741587302,224927
16.747392290,73555.2
16.753197279,43857
16.759002268,40756.6
16.764807256,47204.4
16.770612245,44177.3
16.776417234,35010.8
16.782222222,57081
16.788027211,105116
16.793832200,177650
16.799637188,196918
16.805442177,65766.3
16.811247166,31105.4
16.817052154,23260.9
16.822857143,20710
16.828662132,20378.7
16.834467120,19954.1
16.840272109,21295.2
16.846077098,21189.4
16.851882086,23059.4
16.857687075,27788.4
16.863492063,31592.7
16.869297052,38628.3
16.875102041,37431.7
16.880907029,29844.9
16.886712018,25008.4
16.892517007,27773.5
16.898321995,46220.5
16.904126984,45924.1
16.909931973,38201.6
16.915736961,44905.6
16.921541950,50230.9
16.927346939,56320.4
16.933151927,61533.5
16.938956916,48677.6
16.944761905,42689.8
16.950566893,41858.1
16.956371882,49811.7
16.962176871,54294.5
16.967981859,61810.7
16.973786848,71018.1
16.979591837,75546.5
16.985396825,97015.9
16.991201814,160200
16.997006803,238140
17.002811791,214812
17.008616780,227741
17.014421769,228288
17.020226757,166023
17.026031746,173084
17.031836735,225502
17.037641723,203378
17.043446712,190118
17.049251701,138945
17.055056689,124493
17.060861678,103594
17.066666667,99739.1
17.072471655,94340.2
17.078276644,77708.5
17.084081633,67951.2
17.089886621,63797.1
17.095691610,54990.2
17.101496599,74350.1
17.107301587,72252.5
17.113106576,52368.2
17.118911565,39908
17.124716553,34236.2
17.130521542,31475
17.136326531,35614.5
17.142131519,41480
17.147936508,48320.2
17.153741497,49115.1
17.159546485,51012.7
17.165351474,52731.2
17.171156463,47831
17.176961451,47521.6
17.182766440,48349.5
17.188571429,53751.3
17.194376417,49855.1
17.200181406,43664.1
17.205986395,43191.6
17.211791383,50620.9
17.217596372,61234.7
17.223401361,78953
17.229206349,74054.8
17.235011338,58965
17.240816327,85409
17.246621315,93193.6
17.252426304,92106.5
17.258231293,79722.4
17.264036281,60106.1
17.269841270,57376.9
17.275646259,65959.7
17.281451247,101154
17.287256236,213060
17.293061224,159817
17.298866213,440406
17.304671202,3.03895e+6
