0.000000000,3058.73
0.005804989,2703.75
0.011609977,2646.79
0.017414966,2921
0.023219955,3219.74
0.029024943,3240.57
0.034829932,3394.11
0.040634921,3671.5
0.046439909,4122.45
0.052244898,3372.11
0.058049887,3586.88
0.063854875,2781.89
0.069659864,2655.76
0.075464853,2195.6
0.081269841,1569.28
0.087074830,1340.87
0.092879819,1299.95
0.098684807,1386.59
0.104489796,1328.97
0.110294785,1282.91
0.116099773,1378.34
0.121904762,1313.33
0.127709751,1376.03
0.133514739,1355.7
0.139319728,1339.42
0.145124717,1368.96
0.150929705,1370.28
0.156734694,1344.58
0.162539683,1307.72
0.168344671,1235.96
0.174149660,1096.82
0.179954649,894.143
0.185759637,851.561
0.191564626,828.448
0.197369615,760.038
0.203174603,1099.25
0.208979592,1131.37
0.214784580,1070.66
0.220589569,1239.19
0.226394558,1257.81
0.232199546,1257.36
0.238004535,1112.7
0.243809524,1031.64
0.249614512,958.686
0.255419501,967.224
0.261224490,917.459
0.267029478,889.41
0.272834467,858.081
0.278639456,886.924
0.284444444,903.716
0.290249433,959.132
0.296054422,1012.01
0.301859410,1017.62
0.307664399,1043.45
0.313469388,1013.61
0.319274376,1037.8
0.325079365,1114.99
0.330884354,1070.45
0.336689342,1026.82
0.342494331,1070.82
0.348299320,1211.41
0.354104308,1215.36
0.359909297,1210.55
0.365714286,1200.74
0.371519274,1227.29
0.377324263,1279.94
0.383129252,1099.73
0.388934240,1098.04
0.394739229,971.049
0.400544218,878.278
0.406349206,872.776
0.412154195,917.313
0.417959184,1103.38
0.423764172,957.587
0.429569161,1241.33
0.435374150,1029.74
0.441179138,1190.65
0.446984127,1109.81
0.452789116,1291.34
0.458594104,1269.29
0.464399093,1303.2
0.470204082,1317.24
0.476009070,1266.46
0.481814059,1301.47
0.487619048,1259.23
0.493424036,1441.34
0.499229025,1286.96
0.505034014,1210.34
0.510839002,1320.91
0.516643991,1300.43
0.522448980,1247.1
0.528253968,1181.52
0.534058957,1240.64
0.539863946,1322.27
0.545668934,1280.88
0.551473923,1255.9
0.557278912,1088.92
0.563083900,1013.81
0.568888889,901.575
0.574693878,1010.72
0.580498866,986.051
0.586303855,953.679
0.592108844,1121.49
0.597913832,1173.12
0.603718821,1188.84
0.609523810,1256.99
0.615328798,1247.85
0.621133787,1157.83
0.626938776,1062.55
0.632743764,865.347
0.638548753,742.245
0.644353741,657.377
0.650158730,653.558
0.655963719,587.331
0.661768707,655.333
0.667573696,786.912
0.673378685,819.727
0.679183673,819.602
0.684988662,1204.72
0.690793651,2586.16
0.696598639,2137.96
0.702403628,1029.47
0.708208617,794.649
0.714013605,911.464
0.719818594,1046.26
0.725623583,1149.11
0.731428571,1239.48
0.737233560,1251.66
0.743038549,1266.64
0.748843537,1351.11
0.754648526,1279.11
0.760453515,1314.52
0.766258503,1222.38
0.772063492,1212.25
0.777868481,1186.87
0.783673469,1258.76
0.789478458,1178.23
0.795283447,1167.75
0.801088435,1140.51
0.806893424,1093.15
0.812698413,1022.99
0.818503401,987.597
0.824308390,971.348
0.830113379,902.836
0.835918367,853.372
0.841723356,814.581
0.847528345,733.445
0.853333333,704.946
0.859138322,593.215
0.864943311,616.02
0.870748299,551.356
0.876553288,589.726
0.882358277,556.828
0.888163265,616.189
0.893968254,599.448
0.899773243,679.625
0.905578231,559.087
0.911383220,596.3
0.917188209,565.228
0.922993197,656.646
0.928798186,660.817
0.934603175,867.666
0.940408163,635.065
0.946213152,727.269
0.952018141,712.924
0.957823129,781.734
0.963628118,804.323
0.969433107,864.447
0.975238095,953.787
0.981043084,1017.06
0.986848073,1097.52
0.992653061,1165.84
0.998458050,1259.1
1.004263039,1184.2
1.010068027,1250
1.015873016,1276.61
1.021678005,1364.05
1.027482993,1340.02
1.033287982,1387.3
1.039092971,1315.73
1.044897959,1339.29
1.050702948,1143.82
1.056507937,1308.5
1.062312925,1188.32
1.068117914,1210.06
1.073922902,1066.06
1.079727891,1215.48
1.085532880,1092.01
1.091337868,919.344
1.097142857,944.275
1.102947846,922.842
1.108752834,1011.97
1.114557823,845.71
1.120362812,950.469
1.126167800,797.8
1.131972789,781.815
1.137777778,671.99
1.143582766,718.92
1.149387755,692.811
1.155192744,643.879
1.160997732,651.923
1.166802721,577.346
1.172607710,587.172
1.178412698,527.596
1.184217687,596.483
1.190022676,518.227
1.195827664,689.196
1.201632653,764.684
1.207437642,813.821
1.213242630,1213.82
1.219047619,2563.33
1.224852608,3223.04
1.230657596,3970.35
1.236462585,4336.77
1.242267574,3774.02
1.248072562,3422.6
1.253877551,3401.71
1.259682540,2822.84
1.265487528,2467.34
1.271292517,2463.54
1.277097506,2458.26
1.282902494,2293.03
1.288707483,2248.97
1.294512472,2308.47
1.300317460,2581.3
1.306122449,2415.84
1.311927438,2295.4
1.317732426,2516.28
1.323537415,2270.03
1.329342404,2528.67
1.335147392,2987.47
1.340952381,2783.11
1.346757370,2950.54
1.352562358,2689.36
1.358367347,2429.01
1.364172336,2353.86
1.369977324,2382.37
1.375782313,2525.84
1.381587302,2440.4
1.387392290,2635.62
1.393197279,3264.5
1.399002268,3574.85
1.404807256,3473.91
1.410612245,3087.29
1.416417234,3324.38
1.422222222,3139.95
1.428027211,2869.86
1.433832200,2659.97
1.439637188,2613.73
1.445442177,2629.3
1.451247166,3143
1.457052154,3089.37
1.462857143,3497.49
1.468662132,2964.69
1.474467120,2797.98
1.480272109,3080.15
1.486077098,3082.57
1.491882086,3207.35
1.497687075,3251.47
1.503492063,2784.05
1.509297052,2877.75
1.515102041,3059.12
1.520907029,4048.72
1.526712018,3441.25
1.532517007,3215.47
1.538321995,3428.05
1.544126984,3562.46
1.549931973,3110.37
1.555736961,2574.2
1.561541950,2609.74
1.567346939,1766.43
1.573151927,1258.56
1.578956916,1214.81
1.584761905,1225.48
1.590566893,967.787
1.596371882,1014.4
1.602176871,844.08
1.607981859,712.002
1.613786848,716.986
1.619591837,673.986
1.625396825,737.849
1.631201814,768.405
1.637006803,933.251
1.642811791,1060.59
1.648616780,1155.57
1.654421769,1150.96
1.660226757,1146.22
1.666031746,1165.61
1.671836735,1195.08
1.677641723,1301.1
1.683446712,1278.73
1.689251701,1299.84
1.695056689,1238.93
1.700861678,1004.12
1.706666667,924.009
1.712471655,926.843
1.718276644,897.898
1.724081633,991.94
1.729886621,947.866
1.735691610,891.729
1.741496599,884.439
1.747301587,822.201
1.753106576,834.789
1.758911565,817.62
1.764716553,901.721
1.770521542,1240.81
1.776326531,1279.33
1.782131519,1342.08
1.787936508,1501.28
1.793741497,1372.91
1.799546485,1429.17
1.805351474,1299.52
1.811156463,1252.9
1.816961451,1238.09
1.822766440,1218.08
1.828571429,1120.84
1.834376417,965.181
1.840181406,1136.51
1.845986395,1377.71
1.851791383,1459.1
1.857596372,1679.91
1.863401361,1593.11
1.869206349,2142.58
1.875011338,2420.72
1.880816327,3129.07
1.886621315,3380.51
1.892426304,3885.5
1.898231293,4458.75
1.904036281,4821.86
1.909841270,4826.73
1.915646259,5039.38
1.921451247,5428.82
1.927256236,5766.32
1.933061224,5357.95
1.938866213,4940.9
1.944671202,5050.82
1.950476190,4287.62
1.956281179,3046.6
1.962086168,2004.33
1.967891156,1854.18
1.973696145,1379.45
1.979501134,1512.29
1.985306122,1240.12
1.991111111,1545.72
1.996916100,1712.61
2.002721088,3294.31
2.008526077,4359.52
2.014331066,4818.5
2.020136054,5071.22
2.025941043,5423.92
2.031746032,5828.59
2.037551020,6089.13
2.043356009,6200.92
2.049160998,6388.01
2.054965986,6216.75
2.060770975,6193.83
2.066575964,6605.62
2.072380952,6540.99
2.078185941,5547
2.083990930,4789
2.089795918,4675.36
2.095600907,4617.44
2.101405896,4398.47
2.107210884,4793.53
2.113015873,4642.95
2.118820862,4963.35
2.124625850,4842.22
2.130430839,4169.71
2.136235828,3588.55
2.142040816,2022.28
2.147845805,1156.31
2.153650794,903.995
2.159455782,902.013
2.165260771,814.402
2.171065760,818.482
2.176870748,838.51
2.182675737,875.416
2.188480726,885.112
2.194285714,881.915
2.200090703,924.389
2.205895692,891.566
2.211700680,957.403
2.217505669,935.134
2.223310658,1058.68
2.229115646,1008.19
2.234920635,1034.25
2.240725624,983.888
2.246530612,1113.43
2.252335601,1043.07
2.258140590,1127.22
2.263945578,1037.49
2.269750567,1059.61
2.275555556,1017.4
2.281360544,1049.2
2.287165533,1036.97
2.292970522,1119.33
2.298775510,1046.79
2.304580499,1106.29
2.310385488,1042.09
2.316190476,1100.22
2.321995465,987.84
2.327800454,1175.45
2.333605442,1451.13
2.339410431,1271.42
2.345215420,874.367
2.351020408,738.251
2.356825397,711.349
2.362630385,710.588
2.368435374,637.799
2.374240363,725.662
2.380045351,706.438
2.385850340,1110.33
2.391655329,1038.91
2.397460317,998.733
2.403265306,1054.18
2.409070295,993.7
2.414875283,1110.68
2.420680272,1022.75
2.426485261,1124.86
2.432290249,1051.63
2.438095238,1074.74
2.443900227,1001.28
2.449705215,1115.63
2.455510204,1033.3
2.461315193,1202.06
2.467120181,1061.92
2.472925170,1060.47
2.478730159,1021.51
2.484535147,1095.09
2.490340136,972.425
2.496145125,963.347
2.501950113,840.887
2.507755102,750.179
2.513560091,935.828
2.519365079,866.545
2.525170068,909.351
2.530975057,830.333
2.536780045,790.126
2.542585034,737.037
2.548390023,711.833
2.554195011,682.333
2.560000000,618.441
2.565804989,658.75
2.571609977,543.646
2.577414966,589.53
2.583219955,655.508
2.589024943,748.385
2.594829932,752.429
2.600634921,766.15
2.606439909,867.114
2.612244898,1089.58
2.618049887,1407.74
2.623854875,1564.89
2.629659864,1344.44
2.635464853,1341.72
2.641269841,1672.16
2.647074830,3202.23
2.652879819,3017.09
2.658684807,2870.51
2.664489796,3293.77
2.670294785,3542.11
2.676099773,3596.2
2.681904762,3585.42
2.687709751,3441.45
2.693514739,2978.11
2.699319728,2553.95
2.705124717,1808.61
2.710929705,1299.33
2.716734694,1049.97
2.722539683,1042.51
2.728344671,1146.32
2.734149660,1100.59
2.739954649,1089.36
2.745759637,1076.87
2.751564626,1152.28
2.757369615,1057.9
2.763174603,1098.36
2.768979592,1043.76
2.774784580,1070.97
2.780589569,1006.26
2.786394558,1033.93
2.792199546,976.46
2.798004535,1061.92
2.803809524,974.812
2.809614512,1006.48
2.815419501,867.253
2.821224490,830.089
2.827029478,781.264
2.832834467,868.471
2.838639456,726.808
2.844444444,724.484
2.850249433,736.492
2.856054422,762.538
2.861859410,825.679
2.867664399,747.398
2.873469388,875.274
2.879274376,763.949
2.885079365,787.435
2.890884354,778.546
2.896689342,780.728
2.902494331,791.478
2.908299320,703.715
2.914104308,804.476
2.919909297,738.581
2.925714286,722.798
2.931519274,715.009
2.937324263,757.813
2.943129252,785.839
2.948934240,692.642
2.954739229,747.915
2.960544218,627.235
2.966349206,674.172
2.972154195,675.454
2.977959184,745.764
2.983764172,824.437
2.989569161,703.254
2.995374150,797.053
3.001179138,728.103
3.006984127,871.82
3.012789116,775.682
3.018594104,988.443
3.024399093,1253.88
3.030204082,1905.18
3.036009070,2993.98
3.041814059,4283.86
3.047619048,5280
3.053424036,5364.89
3.059229025,5438.39
3.065034014,5324.21
3.070839002,5374.23
3.076643991,5086.65
3.082448980,5321.08
3.088253968,5499.24
3.094058957,5294.79
3.099863946,5420.69
3.105668934,5441.85
3.111473923,4818.31
3.117278912,4510.63
3.123083900,4837.06
3.128888889,5065.14
3.134693878,5030.72
3.140498866,4976.02
3.146303855,4851.6
3.152108844,4728.18
3.157913832,5035.04
3.163718821,5050.86
3.169523810,4895.47
3.175328798,5087.45
3.181133787,4359.63
3.186938776,3181.5
3.192743764,2368.43
3.198548753,1932.58
3.204353741,2034.26
3.210158730,2247.5
3.215963719,2711.61
3.221768707,2936.31
3.227573696,2563.02
3.233378685,2413.33
3.239183673,2638.51
3.244988662,2951.22
3.250793651,3007.59
3.256598639,2693.59
3.262403628,2746.27
3.268208617,2784.23
3.274013605,2803.19
3.279818594,2521.06
3.285623583,2706.65
3.291428571,2623.59
3.297233560,3040.01
3.303038549,2820.88
3.308843537,2709.35
3.314648526,3122.4
3.320453515,3089.91
3.326258503,2790.45
3.332063492,2729.95
3.337868481,2763.03
3.343673469,2992.05
3.349478458,3004.98
3.355283447,3013.73
3.361088435,3378.29
3.366893424,3573.84
3.372698413,3127.9
3.378503401,2854.33
3.384308390,2781.54
3.390113379,3124.11
3.395918367,2831.66
3.401723356,2755.72
3.407528345,2962.5
3.413333333,2941.27
3.419138322,3439.66
3.424943311,3824.68
3.430748299,3762.81
3.436553288,3212.53
3.442358277,3372.81
3.448163265,3772.42
3.453968254,4944.05
3.459773243,4516.85
3.465578231,3549.91
3.471383220,3568.85
3.477188209,4464.48
3.482993197,5386.78
3.488798186,4653.36
3.494603175,3938.76
3.500408163,3577.82
3.506213152,3595.61
3.512018141,3393.61
3.517823129,3602.94
3.523628118,4146.87
3.529433107,4164.79
3.535238095,3925.39
3.541043084,3964.69
3.546848073,4153.98
3.552653061,3526.7
3.558458050,3356.8
3.564263039,3434.32
3.570068027,3701.61
3.575873016,3670.88
3.581678005,3264.62
3.587482993,1929.27
3.593287982,953.708
3.599092971,1138.52
3.604897959,1175.86
3.610702948,1054.91
3.616507937,968.546
3.622312925,855.877
3.628117914,766.795
3.633922902,646.164
3.639727891,639.457
3.645532880,630.086
3.651337868,622.625
3.657142857,555.99
3.662947846,663.544
3.668752834,1190.31
3.674557823,1389.45
3.680362812,869.191
3.686167800,749.839
3.691972789,798.242
3.697777778,737.323
3.703582766,853.562
3.709387755,787.367
3.715192744,833.884
3.720997732,805.259
3.726802721,799.158
3.732607710,737.8
3.738412698,666.882
3.744217687,721.494
3.750022676,687.496
3.755827664,683.977
3.761632653,591.35
3.767437642,611.615
3.773242630,582.515
3.779047619,627.998
3.784852608,638.132
3.790657596,668.2
3.796462585,745.567
3.802267574,721.28
3.808072562,744.852
3.813877551,712.427
3.819682540,823.596
3.825487528,818.695
3.831292517,924.199
3.837097506,905.936
3.842902494,980.519
3.848707483,1117.47
3.854512472,1128.12
3.860317460,1234.38
3.866122449,1183.75
3.871927438,1211.3
3.877732426,1253.14
3.883537415,1249.78
3.889342404,1252.8
3.895147392,1241.24
3.900952381,1270.77
3.906757370,1263.47
3.912562358,1239.23
3.918367347,1210.82
3.924172336,1180.1
3.929977324,1127.32
3.935782313,891.516
3.941587302,820.123
3.947392290,768.439
3.953197279,720.038
3.959002268,695.212
3.964807256,661.709
3.970612245,643.977
3.976417234,621.877
3.982222222,613.289
3.988027211,608.612
3.993832200,616.868
3.999637188,609.192
4.005442177,611.674
4.011247166,612.15
4.017052154,639.676
4.022857143,637.074
4.028662132,657.752
4.034467120,755.527
4.040272109,884.509
4.046077098,925.228
4.051882086,1038.48
4.057687075,1129.08
4.063492063,1427.62
4.069297052,1757.71
4.075102041,1996.03
4.080907029,1668.47
4.086712018,2256
4.092517007,2089.38
4.098321995,2229.47
4.104126984,2892.55
4.109931973,3039.81
4.115736961,2935.91
4.121541950,2720.09
4.127346939,2988.1
4.133151927,2983.72
4.138956916,2577
4.144761905,2562.28
4.150566893,2529.92
4.156371882,2640.79
4.162176871,2760.49
4.167981859,2856.29
4.173786848,2754.77
4.179591837,2489.82
4.185396825,2385.73
4.191201814,2013.6
4.197006803,1871.59
4.202811791,2430.63
4.208616780,2576.31
4.214421769,3285.05
4.220226757,3344.84
4.226031746,3452.45
4.231836735,3731.85
4.237641723,3375.22
4.243446712,2577.3
4.249251701,1667.5
4.255056689,1221.54
4.260861678,1309.4
4.266666667,2037.26
4.272471655,3208.89
4.278276644,4136.95
4.284081633,5428.13
4.289886621,6083.39
4.295691610,5556.76
4.301496599,5531.31
4.307301587,6060.05
4.313106576,6410.23
4.318911565,6181.64
4.324716553,6182.17
4.330521542,5916.05
4.336326531,4926.13
4.342131519,3475.07
4.347936508,2844.86
4.353741497,2552.25
4.359546485,2582.41
4.365351474,2973.44
4.371156463,2823.39
4.376961451,3234.88
4.382766440,3611.71
4.388571429,3804.86
4.394376417,3558.18
4.400181406,2876.27
4.405986395,3008.8
4.411791383,3674.91
4.417596372,3076.27
4.423401361,2905.64
4.429206349,2985.73
4.435011338,2746.36
4.440816327,2468.88
4.446621315,2085.8
4.452426304,1078.07
4.458231293,981.549
4.464036281,974.973
4.469841270,997.685
4.475646259,934.167
4.481451247,928.234
4.487256236,898.804
4.493061224,1003.79
4.498866213,996.104
4.504671202,935.484
4.510476190,1024.36
4.516281179,1035.35
4.522086168,1087.72
4.527891156,1048.82
4.533696145,1163.64
4.539501134,1178.52
4.545306122,1212.94
4.551111111,1270.28
4.556916100,1232.19
4.562721088,1281.65
4.568526077,1152.12
4.574331066,1120.93
4.580136054,1071.35
4.585941043,1067.99
4.591746032,961.506
4.597551020,968.749
4.603356009,985.27
4.609160998,912.895
4.614965986,1012.16
4.620770975,936.036
4.626575964,995.979
4.632380952,928.943
4.638185941,950.146
4.643990930,1111.69
4.649795918,1195.78
4.655600907,1121.16
4.661405896,1093.09
4.667210884,1252.59
4.673015873,1192.06
4.678820862,1286.27
4.684625850,1215.03
4.690430839,1149.63
4.696235828,1017.21
4.702040816,813.527
4.707845805,786.286
4.713650794,789.796
4.719455782,912.768
4.725260771,822.494
4.731065760,946.051
4.736870748,838.149
4.742675737,815.529
4.748480726,1027.03
4.754285714,1176.87
4.760090703,1400.4
4.765895692,1488.86
4.771700680,1618.93
4.777505669,1581.36
4.783310658,4185.1
4.789115646,4152.2
4.794920635,3507.33
4.800725624,3060.39
4.806530612,2344.07
4.812335601,1051.9
4.818140590,888.441
4.823945578,983.903
4.829750567,931.013
4.835555556,993.687
4.841360544,963.226
4.847165533,1028.37
4.852970522,1064.77
4.858775510,1074.47
4.864580499,1064.48
4.870385488,1040.54
4.876190476,1076.82
4.881995465,1030.11
4.887800454,1128.13
4.893605442,1066.98
4.899410431,1127.22
4.905215420,1155.93
4.911020408,1169.14
4.916825397,1144.05
4.922630385,1077.62
4.928435374,1090.67
4.934240363,1063.02
4.940045351,1115.55
4.945850340,1112.95
4.951655329,1105.59
4.957460317,1173.96
4.963265306,1178.06
4.969070295,1180.21
4.974875283,1173.67
4.980680272,1068.5
4.986485261,1050.87
4.992290249,982.261
4.998095238,943.396
5.003900227,930.006
5.009705215,869.649
5.015510204,821.541
5.021315193,757.314
5.027120181,689.311
5.032925170,632.11
5.038730159,695.17
5.044535147,694.749
5.050340136,695.096
5.056145125,791.402
5.061950113,759.906
5.067755102,1280.55
5.073560091,2314.46
5.079365079,3391.57
5.085170068,4030.73
5.090975057,4148.28
5.096780045,4939.29
5.102585034,5668.61
5.108390023,5678.37
5.114195011,5588.92
5.120000000,5513.12
5.125804989,5551.12
5.131609977,5792.74
5.137414966,5881.3
5.143219955,5788.4
5.149024943,5767.42
5.154829932,5744.14
5.160634921,5809.97
5.166439909,5506.41
5.172244898,5489.62
5.178049887,5191.16
5.183854875,4976.09
5.189659864,5221.43
5.195464853,5428.61
5.201269841,5492.71
5.207074830,5497.79
5.212879819,5529.64
5.218684807,5548.85
5.224489796,5325.68
5.230294785,4815.68
5.236099773,4426.23
5.241904762,4046.06
5.247709751,3834.73
5.253514739,3296.29
5.259319728,2912.56
5.265124717,2670.23
5.270929705,3021.61
5.276734694,2622.67
5.282539683,2462.75
5.288344671,2095.3
5.294149660,2240.77
5.299954649,2030.35
5.305759637,2176.04
5.311564626,2260.82
5.317369615,2675.17
5.323174603,2833.78
5.328979592,2550.51
5.334784580,2362.48
5.340589569,2314.93
5.346394558,2511.84
5.352199546,2571.98
5.358004535,2566.13
5.363809524,2721.85
5.369614512,2650.9
5.375419501,3101.02
5.381224490,2674.96
5.387029478,2849.95
5.392834467,2796.43
5.398639456,2827.38
5.404444444,2731.05
5.410249433,2601.57
5.416054422,2519.14
5.421859410,2546.28
5.427664399,2719.02
5.433469388,3055.58
5.439274376,3082.56
5.445079365,2859.57
5.450884354,2790.77
5.456689342,2890.99
5.462494331,2944.23
5.468299320,3028.84
5.474104308,2833.25
5.479909297,2443.05
5.485714286,2461.23
5.491519274,2777.17
5.497324263,2598.92
5.503129252,3310.17
5.508934240,3312.05
5.514739229,2428.25
5.520544218,2313.7
5.526349206,2307.36
5.532154195,2529.22
5.537959184,2588.57
5.543764172,2456.46
5.549569161,2452.41
5.555374150,3182.16
5.561179138,3121.24
5.566984127,3409.01
5.572789116,7579.13
5.578594104,8388.53
5.584399093,7833.25
5.590204082,4312.49
5.596009070,4067.71
5.601814059,4118.29
5.607619048,3498.24
5.613424036,3345.75
5.619229025,3687.3
5.625034014,3577.59
5.630839002,3068.53
5.636643991,3116.94
5.642448980,2973.62
5.648253968,2957.99
5.654058957,3030.58
5.659863946,3094.75
5.665668934,3545.21
5.671473923,3390.63
5.677278912,3451.06
5.683083900,3609.03
5.688888889,4233.93
5.694693878,3911.43
5.700498866,3396.13
5.706303855,3109.05
5.712108844,2648.62
5.717913832,3003.07
5.723718821,3271.11
5.729523810,2981.16
5.735328798,2685.96
5.741133787,2874.51
5.746938776,2871.52
5.752743764,2779.97
5.758548753,2981.64
5.764353741,3276.82
5.770158730,3263.76
5.775963719,3176.77
5.781768707,3098.55
5.787573696,3033.33
5.793378685,3141.42
5.799183673,2974.21
5.804988662,2901.72
5.810793651,2984.67
5.816598639,3064.76
5.822403628,2710.33
5.828208617,2403.17
5.834013605,2686.34
5.839818594,3181.94
5.845623583,3069.57
5.851428571,2941.27
5.857233560,2852.25
5.863038549,2644.97
5.868843537,2576.97
5.874648526,2725.62
5.880453515,2714.31
5.886258503,2445.35
5.892063492,2812.31
5.897868481,2680.12
5.903673469,2387.1
5.909478458,2920.11
5.915283447,2731.42
5.921088435,2252.68
5.926893424,2421.66
5.932698413,2551.96
5.938503401,3206.82
5.944308390,2852.88
5.950113379,2693.12
5.955918367,2770.31
5.961723356,3494.85
5.967528345,3300.7
5.973333333,2379.57
5.979138322,2371.03
5.984943311,2598.64
5.990748299,2641.34
5.996553288,3265.01
6.002358277,3079.09
6.008163265,2894.56
6.013968254,2587.06
6.019773243,2737.01
6.025578231,2995.74
6.031383220,2171.26
6.037188209,1082.12
6.042993197,892.873
6.048798186,764.683
6.054603175,799.707
6.060408163,689.458
6.066213152,602.008
6.072018141,521.915
6.077823129,609.911
6.083628118,613.745
6.089433107,684.76
6.095238095,681.524
6.101043084,682.016
6.106848073,861.961
6.112653061,1064.29
6.118458050,1213.34
6.124263039,1336.14
6.130068027,1403.45
6.135873016,4025
6.141678005,3858.3
6.147482993,2972.26
6.153287982,2219.85
6.159092971,1357.09
6.164897959,1011.06
6.170702948,884.63
6.176507937,991.875
6.182312925,949.195
6.188117914,1062.03
6.193922902,992.779
6.199727891,1017.92
6.205532880,1043.99
6.211337868,1099.42
6.217142857,1086.92
6.222947846,1108.25
6.228752834,1181.85
6.234557823,1126.67
6.240362812,1173.84
6.246167800,1088.87
6.251972789,1137.73
6.257777778,1156.72
6.263582766,1170.23
6.269387755,1205.18
6.275192744,1129.02
6.280997732,1216.08
6.286802721,1167.08
6.292607710,1082.55
6.298412698,1079.85
6.304217687,895.716
6.310022676,928.382
6.315827664,879.996
6.321632653,984.198
6.327437642,1342.28
6.333242630,2483.52
6.339047619,4318.98
6.344852608,4736.43
6.350657596,4929.35
6.356462585,4219.29
6.362267574,3092.91
6.368072562,1882.83
6.373877551,1499.18
6.379682540,1252.29
6.385487528,1296.01
6.391292517,1233.25
6.397097506,1254.74
6.402902494,1230.57
6.408707483,1076.41
6.414512472,1015.76
6.420317460,792.746
6.426122449,929.296
6.431927438,857.535
6.437732426,965.519
6.443537415,889.869
6.449342404,930.357
6.455147392,909.961
6.460952381,902.181
6.466757370,1039.29
6.472562358,1010.21
6.478367347,1176.45
6.484172336,1124.09
6.489977324,1258.81
6.495782313,1173.27
6.501587302,974.94
6.507392290,1004.8
6.513197279,1023.15
6.519002268,1351.94
6.524807256,1412.57
6.530612245,1285.65
6.536417234,1378.69
6.542222222,1569.43
6.548027211,1418.08
6.553832200,1358.66
6.559637188,1422.68
6.565442177,1457.01
6.571247166,1642.82
6.577052154,1573.35
6.582857143,1618.81
6.588662132,1372.3
6.594467120,1310.33
6.600272109,1205.89
6.606077098,1300.84
6.611882086,1264.15
6.617687075,1069.15
6.623492063,1049.48
6.629297052,1021.99
6.635102041,1262.98
6.640907029,1382.21
6.646712018,1396.2
6.652517007,1386.8
6.658321995,1333.75
6.664126984,1330.86
6.669931973,1323.36
6.675736961,1385.01
6.681541950,1261.55
6.687346939,1253.66
6.693151927,1142.52
6.698956916,1150.72
6.704761905,1119.92
6.710566893,861.311
6.716371882,1015.42
6.722176871,1000.14
6.727981859,976.315
6.733786848,983.249
6.739591837,855.761
6.745396825,910.246
6.751201814,760.86
6.757006803,871.801
6.762811791,764.864
6.768616780,984.546
6.774421769,847.348
6.780226757,1025.07
6.786031746,918.788
6.791836735,1014.82
6.797641723,953.43
6.803446712,934.893
6.809251701,867.432
6.815056689,824.425
6.820861678,784.738
6.826666667,851.853
6.832471655,941.531
6.838276644,813.578
6.844081633,864.186
6.849886621,747.536
6.855691610,903.132
6.861496599,791.279
6.867301587,875.031
6.873106576,683.161
6.878911565,818.452
6.884716553,789.752
6.890521542,1319.7
6.896326531,1158.12
6.902131519,1905.64
6.907936508,2574.71
6.913741497,2975.02
6.919546485,3305.29
6.925351474,3822.46
6.931156463,4268.14
6.936961451,4966.66
6.942766440,4821.7
6.948571429,4884.59
6.954376417,4871.05
6.960181406,4683.77
6.965986395,4597.57
6.971791383,4532.52
6.977596372,4723.65
6.983401361,4744.51
6.989206349,4439.31
6.995011338,4327.83
7.000816327,4098.95
7.006621315,3865.13
7.012426304,3684.58
7.018231293,3253.17
7.024036281,3053.43
7.029841270,2707.78
7.035646259,2892.4
7.041451247,2419.61
7.047256236,2283.28
7.053061224,2332.47
7.058866213,2885.89
7.064671202,3008.67
7.070476190,2819.6
7.076281179,2666.78
7.082086168,2314.27
7.087891156,2347
7.093696145,2597.84
7.099501134,2430.82
7.105306122,2616.43
7.111111111,2336.88
7.116916100,2692.48
7.122721088,2885.45
7.128526077,2674.43
7.134331066,2842.19
7.140136054,2274.95
7.145941043,2640.45
7.151746032,2320.1
7.157551020,2449.58
7.163356009,2521.19
7.169160998,2750.12
7.174965986,3329.01
7.180770975,2692.03
7.186575964,2444.57
7.192380952,2198.35
7.198185941,2453.24
7.203990930,2646.33
7.209795918,2981.49
7.215600907,2599.05
7.221405896,2249.36
7.227210884,2501.44
7.233015873,2411.77
7.238820862,3081.74
7.244625850,3386.98
7.250430839,3186.21
7.256235828,3403.38
7.262040816,3761.71
7.267845805,3178.85
7.273650794,3083.76
7.279455782,3434.13
7.285260771,3342.06
7.291065760,2716.32
7.296870748,2429.41
7.302675737,2499.76
7.308480726,2847.74
7.314285714,2706.01
7.320090703,2654.95
7.325895692,2653.09
7.331700680,2754.84
7.337505669,2662.25
7.343310658,2459.56
7.349115646,2734.25
7.354920635,2532.32
7.360725624,2735.05
7.366530612,2852.83
7.372335601,2864.75
7.378140590,2677.81
7.383945578,2773.69
7.389750567,2550.3
7.395555556,2430.24
7.401360544,2534.95
7.407165533,2481.45
7.412970522,2648.84
7.418775510,2994.28
7.424580499,3372.4
7.430385488,3226.54
7.436190476,3348.89
7.441995465,2780.95
7.447800454,2518.14
7.453605442,2440
7.459410431,2478.52
7.465215420,2443.17
7.471020408,2468.25
7.476825397,2648.18
7.482630385,2458.59
7.488435374,2683.08
7.494240363,2447.31
7.500045351,2289.79
7.505850340,1970.81
7.511655329,1427.1
7.517460317,1089.96
7.523265306,1392.52
7.529070295,1197.99
7.534875283,1233.18
7.540680272,1103.88
7.546485261,1104.71
7.552290249,1031.75
7.558095238,1030.63
7.563900227,1086.51
7.569705215,1110.95
7.575510204,1177.9
7.581315193,1231.58
7.587120181,1348.7
7.592925170,1198
7.598730159,1323.41
7.604535147,1048.12
7.610340136,1086.01
7.616145125,907.388
7.621950113,1039.93
7.627755102,919.182
7.633560091,1062.65
7.639365079,935.326
7.645170068,1199.71
7.650975057,1979.65
7.656780045,2673.74
7.662585034,3776.45
7.668390023,4723.8
7.674195011,5566.7
7.680000000,6258.3
7.685804989,6400.93
7.691609977,6524.07
7.697414966,6560.25
7.703219955,6557.09
7.709024943,6503.42
7.714829932,6535.86
7.720634921,6741.29
7.726439909,6706.04
7.732244898,6676.26
7.738049887,6048.85
7.743854875,5892.68
7.749659864,5843.29
7.755464853,5593.44
7.761269841,5207.52
7.767074830,4803.96
7.772879819,4490.74
7.778684807,3032.97
7.784489796,1678.55
7.790294785,1310.62
7.796099773,1279.35
7.801904762,1224.76
7.807709751,1346.28
7.813514739,1409.4
7.819319728,1278.85
7.825124717,1219.4
7.830929705,1014.24
7.836734694,1039.3
7.842539683,906.968
7.848344671,968.896
7.854149660,877.936
7.859954649,1001.66
7.865759637,876.336
7.871564626,985.019
7.877369615,902.048
7.883174603,1122.79
7.888979592,968.496
7.894784580,1028.58
7.900589569,936.069
7.906394558,1070.28
7.912199546,1022.13
7.918004535,1143.47
7.923809524,1130.34
7.929614512,1340.98
7.935419501,1106.67
7.941224490,992.305
7.947029478,966.307
7.952834467,1192.45
7.958639456,1046.03
7.964444444,1301.74
7.970249433,2026.14
7.976054422,3577.07
7.981859410,4765.52
7.987664399,5480.67
7.993469388,5870.72
7.999274376,5953.25
8.005079365,5900.83
8.010884354,6192.39
8.016689342,6346.76
8.022494331,6240.49
8.028299320,6170.37
8.034104308,5990.58
8.039909297,5546.08
8.045714286,4550.56
8.051519274,4163.36
8.057324263,4057.56
8.063129252,3051
8.068934240,2614.08
8.074739229,2696.29
8.080544218,2766.92
8.086349206,2673.28
8.092154195,2692.42
8.097959184,2282.32
8.103764172,1362.15
8.109569161,1400.87
8.115374150,1360.23
8.121179138,1338.43
8.126984127,1279.1
8.132789116,1371.28
8.138594104,1369.98
8.144399093,1326.56
8.150204082,1274.04
8.156009070,1211.23
8.161814059,1382.63
8.167619048,1459.18
8.173424036,1358.56
8.179229025,1268.82
8.185034014,1149.62
8.190839002,1031.28
8.196643991,969.252
8.202448980,836.719
8.208253968,912.993
8.214058957,882.981
8.219863946,1462.1
8.225668934,1298
8.231473923,879.413
8.237278912,839.685
8.243083900,834.546
8.248888889,820.468
8.254693878,843.746
8.260498866,842.46
8.266303855,759.381
8.272108844,801.557
8.277913832,782.714
8.283718821,839.627
8.289523810,788.928
8.295328798,865.639
8.301133787,747.979
8.306938776,944.076
8.312743764,866.773
8.318548753,1010.92
8.324353741,964.548
8.330158730,1171.58
8.335963719,1080.14
8.341768707,1185.65
8.347573696,1095.58
8.353378685,1225.29
8.359183673,1218.57
8.364988662,1189.2
8.370793651,1176.01
8.376598639,1005.88
8.382403628,1031.65
8.388208617,917.308
8.394013605,823.036
8.399818594,724.386
8.405623583,596.966
8.411428571,551.827
8.417233560,545.315
8.423038549,488.466
8.428843537,612.58
8.434648526,799.611
8.440453515,879.314
8.446258503,997.564
8.452063492,1239.75
8.457868481,1315.21
8.463673469,1933.49
8.469478458,2336.94
8.475283447,2401.74
8.481088435,2713.17
8.486893424,3310.12
8.492698413,2940.43
8.498503401,2360.65
8.504308390,2251.59
8.510113379,2106.07
8.515918367,2162.83
8.521723356,2406.46
8.527528345,2645.13
8.533333333,2293.26
8.539138322,1524.25
8.544943311,1371.31
8.550748299,1390.65
8.556553288,1279.43
8.562358277,1187.2
8.568163265,1134.9
8.573968254,1165.83
8.579773243,1055.89
8.585578231,1079.1
8.591383220,1021.11
8.597188209,1156.39
8.602993197,1093.41
8.608798186,1113.38
8.614603175,1049.05
8.620408163,1186.74
8.626213152,1112.62
8.632018141,1063.16
8.637823129,931.722
8.643628118,1198.53
8.649433107,1158.49
8.655238095,1003.67
8.661043084,886.341
8.666848073,758.652
8.672653061,905.204
8.678458050,823.248
8.684263039,834.766
8.690068027,876.045
8.695873016,1373.85
8.701678005,1892.67
8.707482993,2773.31
8.713287982,3606.73
8.719092971,4835.58
8.724897959,5909.32
8.730702948,5879.19
8.736507937,5854.9
8.742312925,5840.08
8.748117914,5668.38
8.753922902,5981.08
8.759727891,5952.03
8.765532880,5666.03
8.771337868,5027.5
8.777142857,5065.89
8.782947846,4249.27
8.788752834,4026.84
8.794557823,3845.85
8.800362812,2987.05
8.806167800,1435.97
8.811972789,933.415
8.817777778,798.563
8.823582766,789.981
8.829387755,873.442
8.835192744,857.186
8.840997732,875.851
8.846802721,870.631
8.852607710,798.239
8.858412698,919.986
8.864217687,889.626
8.870022676,933.891
8.875827664,838.739
8.881632653,962.805
8.887437642,1063.66
8.893242630,1214.1
8.899047619,1087.31
8.904852608,1152.59
8.910657596,1057.47
8.916462585,960.385
8.922267574,744.19
8.928072562,676.981
8.933877551,674.728
8.939682540,620.209
8.945487528,658.833
8.951292517,571.279
8.957097506,656.341
8.962902494,806.316
8.968707483,941.147
8.974512472,828.541
8.980317460,1040.3
8.986122449,891.265
8.991927438,963.572
8.997732426,1038.1
9.003537415,882.007
9.009342404,1093.45
9.015147392,857.07
9.020952381,906.67
9.026757370,839.767
9.032562358,949.123
9.038367347,1004.74
9.044172336,906.216
9.049977324,1001.47
9.055782313,952.681
9.061587302,996.908
9.067392290,866.639
9.073197279,1153.02
9.079002268,1557.86
9.084807256,1644.65
9.090612245,1589.98
9.096417234,1453.84
9.102222222,1558.1
9.108027211,1637.3
9.113832200,1606.88
9.119637188,1598.95
9.125442177,2008.99
9.131247166,1932.2
9.137052154,1864.97
9.142857143,1786.31
9.148662132,2029.45
9.154467120,2379.09
9.160272109,2425.97
9.166077098,2169.62
9.171882086,2244.94
9.177687075,2868.96
9.183492063,2474.32
9.189297052,2451.44
9.195102041,2467.13
9.200907029,2583.39
9.206712018,2703.2
9.212517007,2628.03
9.218321995,2996.5
9.224126984,3273.95
