0.000000000,0.475586
0.005804989,0.89428
0.011609977,1.71461
0.017414966,0
0.023219955,0
0.029024943,2.6813
0.034829932,0
0.040634921,0
0.046439909,0.590719
0.052244898,0.372728
0.058049887,0.777851
0.063854875,0.893151
0.069659864,4.61181
0.075464853,0
0.081269841,0
0.087074830,0.636512
0.092879819,2.77028
0.098684807,3.75674
0.104489796,1.24802
0.110294785,1.55071
0.116099773,1.19765
0.121904762,0.392079
0.127709751,0.803685
0.133514739,0.256359
0.139319728,0.919548
0.145124717,0.89441
0.150929705,0
0.156734694,1.11248
0.162539683,0
0.168344671,0.533015
0.174149660,4.70593
0.179954649,0.768332
0.185759637,2.04309
0.191564626,2.09913
0.197369615,9.46153
0.203174603,0
0.208979592,0.93709
0.214784580,0.114378
0.220589569,0.463703
0.226394558,6.07964
0.232199546,1.37703
0.238004535,0
0.243809524,0.709365
0.249614512,4.43384
0.255419501,0.84549
0.261224490,1.47223
0.267029478,2.33214
0.272834467,0
0.278639456,0
0.284444444,0
0.290249433,0
0.296054422,0
0.301859410,0.110596
0.307664399,0
0.313469388,0.381979
0.319274376,0.250062
0.325079365,0
0.330884354,0.298459
0.336689342,0.343218
0.342494331,1.57801
0.348299320,0.897619
0.354104308,0.781515
0.359909297,0
0.365714286,0.128598
0.371519274,6.69448
0.377324263,0.68679
0.383129252,1.03774
0.388934240,0
0.394739229,0
0.400544218,0
0.406349206,0.865848
0.412154195,0.216896
0.417959184,0.556713
0.423764172,0.430813
0.429569161,0
0.435374150,0.848764
0.441179138,0.343227
0.446984127,0
0.452789116,0
0.458594104,0.186187
0.464399093,0
0.470204082,0.548476
0.476009070,0.113539
0.481814059,0
0.487619048,0.237916
0.493424036,0
0.499229025,0
0.505034014,0
0.510839002,0
0.516643991,0
0.522448980,0
0.528253968,0
0.534058957,0
0.539863946,0
0.545668934,0.62606
0.551473923,0.473379
0.557278912,0.339374
0.563083900,1.23726
0.568888889,1.77576
0.574693878,0.785421
0.580498866,1.11099
0.586303855,0
0.592108844,0
0.597913832,3.94798
0.603718821,0.355536
0.609523810,0
0.615328798,1.06226
0.621133787,0.384555
0.626938776,0.193929
0.632743764,0.596731
0.638548753,0.599246
0.644353741,4.9286
0.650158730,1.45783
0.655963719,7.67698
0.661768707,1.24911
0.667573696,2.37357
0.673378685,1.54208
0.679183673,1.69649
0.684988662,0.524327
0.690793651,1.25395
0.696598639,2.4752
0.702403628,0.404638
0.708208617,0.276152
0.714013605,2.04409
0.719818594,0.503919
0.725623583,0
0.731428571,0.566378
0.737233560,0
0.743038549,2.49378
0.748843537,0
0.754648526,0
0.760453515,1.17679
0.766258503,0
0.772063492,2.99829
0.777868481,4.58041
0.783673469,2.90482
0.789478458,3.41753
0.795283447,0.514122
0.801088435,0.418049
0.806893424,0.959954
0.812698413,1.4456
0.818503401,0
0.824308390,0.343652
0.830113379,1.36732
0.835918367,0.499444
0.841723356,0.211524
0.847528345,0.301681
0.853333333,1.45184
0.859138322,1.00523
0.864943311,0
0.870748299,0.92653
0.876553288,0.907117
0.882358277,1.14193
0.888163265,0.807218
0.893968254,4.02348
0.899773243,4.94147
0.905578231,0
0.911383220,0
0.917188209,0.589132
0.922993197,0.200754
0.928798186,0.734208
0.934603175,0.871163
0.940408163,0
0.946213152,0.310862
0.952018141,0
0.957823129,0
0.963628118,0.503762
0.969433107,0
0.975238095,0.341132
0.981043084,0
0.986848073,0.835856
0.992653061,0.113952
0.998458050,0
1.004263039,0.419603
1.010068027,0.177034
1.015873016,0.150594
1.021678005,0.503112
1.027482993,0
1.033287982,0
1.039092971,0.333695
1.044897959,1.11661
1.050702948,0.122689
1.056507937,0.106676
1.062312925,1.06399
1.068117914,0.490716
1.073922902,0.644129
1.079727891,0.444484
1.085532880,0.475785
1.091337868,0.11846
1.097142857,0
1.102947846,0.220062
1.108752834,0.152923
1.114557823,5.24652
1.120362812,0
1.126167800,1.11183
1.131972789,0
1.137777778,0.525102
1.143582766,0.157417
1.149387755,0.727447
1.155192744,6.80934
1.160997732,0.200014
1.166802721,0.14983
1.172607710,0
1.178412698,0.202805
1.184217687,0.424681
1.190022676,4.1061
1.195827664,4.8456
1.201632653,0.214952
1.207437642,0.185333
1.213242630,2.0332
1.219047619,0.436264
1.224852608,0.14063
1.230657596,5.79815
1.236462585,8.38885
1.242267574,1.85546
1.248072562,8.6747
1.253877551,0.579641
1.259682540,0.219636
1.265487528,0.421451
1.271292517,1.94591
1.277097506,0.738535
1.282902494,5.34795
1.288707483,1.15027
1.294512472,3.98938
1.300317460,1.20953
1.306122449,2.64081
1.311927438,0.569552
1.317732426,0.666122
1.323537415,0.601124
1.329342404,1.13176
1.335147392,2.60632
1.340952381,0.139688
1.346757370,0.586805
1.352562358,0.860669
1.358367347,0.4087
1.364172336,0.383996
1.369977324,0.78404
1.375782313,0.356543
1.381587302,0
1.387392290,0.28203
1.393197279,1.19175
1.399002268,0.690331
1.404807256,4.75483
1.410612245,0.19265
1.416417234,0.330901
1.422222222,0
1.428027211,0.391046
1.433832200,0.371539
1.439637188,0
1.445442177,0.110711
1.451247166,0.481796
1.457052154,0
1.462857143,0.152745
1.468662132,1.06359
1.474467120,7.0012
1.480272109,0.919189
1.486077098,2.11404
1.491882086,0.737861
1.497687075,0.269942
1.503492063,0.205151
1.509297052,0.333502
1.515102041,1.45278
1.520907029,0.612706
1.526712018,0.341506
1.532517007,2.46658
1.538321995,0.892636
1.544126984,2.35208
1.549931973,0.352295
1.555736961,2.31157
1.561541950,1.8786
1.567346939,0
1.573151927,0
1.578956916,0.242786
1.584761905,0
1.590566893,2.02822
1.596371882,1.40544
1.602176871,0.289792
1.607981859,1.69633
1.613786848,1.32114
1.619591837,0.762432
1.625396825,1.35437
1.631201814,4.96631
1.637006803,5.8472
1.642811791,1.35382
1.648616780,3.66246
1.654421769,1.22129
1.660226757,0.215919
1.666031746,5.04374
1.671836735,0.673128
1.677641723,1.0537
1.683446712,0.747121
1.689251701,0.855331
1.695056689,0.600857
1.700861678,0.522903
1.706666667,1.45895
1.712471655,1.4088
1.718276644,1.74503
1.724081633,1.49298
1.729886621,1.65256
1.735691610,1.78908
1.741496599,0.757637
1.747301587,0.497478
1.753106576,0.584645
1.758911565,1.43399
1.764716553,2.32802
1.770521542,0.601325
1.776326531,0.593375
1.782131519,0.532134
1.787936508,0.55847
1.793741497,7.6624
1.799546485,0.851824
1.805351474,1.40279
1.811156463,4.72123
1.816961451,2.2534
1.822766440,1.91121
1.828571429,0
1.834376417,0
1.840181406,5.2232
1.845986395,6.51671
1.851791383,0
1.857596372,16.3783
1.863401361,8.10632
1.869206349,7.13608
1.875011338,0.807298
1.880816327,0.461998
1.886621315,0.584884
1.892426304,0.710326
1.898231293,0.555447
1.904036281,0
1.909841270,0
1.915646259,0
1.921451247,0
1.927256236,2.12253
1.933061224,2.97438
1.938866213,0
1.944671202,0
1.950476190,0
1.956281179,0
1.962086168,2.54736
1.967891156,0
1.973696145,0
1.979501134,0
1.985306122,4.34485
1.991111111,2.15482
1.996916100,1.29675
2.002721088,1.12108
2.008526077,0.967408
2.014331066,1.0747
2.020136054,1.82315
2.025941043,3.41454
2.031746032,1.34127
2.037551020,0.174479
2.043356009,0.293606
2.049160998,0.504651
2.054965986,1.52453
2.060770975,0.730946
2.066575964,0.251905
2.072380952,0.685953
2.078185941,0.903417
2.083990930,0
2.089795918,0
2.095600907,0.490437
2.101405896,0
2.107210884,0
2.113015873,0.749722
2.118820862,0.323653
2.124625850,2.89356
2.130430839,0.952018
2.136235828,1.5368
2.142040816,4.41361
2.147845805,3.16655
2.153650794,0.962629
2.159455782,1.60853
2.165260771,2.82575
2.171065760,7.53584
2.176870748,3.18008
2.182675737,9.01142
2.188480726,1.56984
2.194285714,1.44327
2.200090703,1.25987
2.205895692,0.291261
2.211700680,0.918754
2.217505669,0.360691
2.223310658,1.07049
2.229115646,0.900594
2.234920635,0.631582
2.240725624,1.29498
2.246530612,0
2.252335601,0.807266
2.258140590,0
2.263945578,2.38685
2.269750567,1.63644
2.275555556,3.40073
2.281360544,1.44577
2.287165533,1.83851
2.292970522,1.38552
2.298775510,4.49525
2.304580499,1.88845
2.310385488,1.18876
2.316190476,1.25423
2.321995465,1.07454
2.327800454,1.385
2.333605442,0.972573
2.339410431,0.773246
2.345215420,1.42835
2.351020408,3.16696
2.356825397,2.32881
2.362630385,0.686098
2.368435374,1.00984
2.374240363,0.959294
2.380045351,0.85427
2.385850340,0.356177
2.391655329,1.36312
2.397460317,1.53626
2.403265306,1.26587
2.409070295,1.56227
2.414875283,0.680144
2.420680272,0.873949
2.426485261,0.951606
2.432290249,0.877575
2.438095238,2.20543
2.443900227,1.67258
2.449705215,1.69171
2.455510204,3.16145
2.461315193,0.933511
2.467120181,1.51995
2.472925170,0.978459
2.478730159,1.38039
2.484535147,0.454512
2.490340136,0.954157
2.496145125,1.01148
2.501950113,0.59953
2.507755102,1.37028
2.513560091,0
2.519365079,0.983975
2.525170068,3.57665
2.530975057,4.48181
2.536780045,1.29578
2.542585034,0.882982
2.548390023,3.1023
2.554195011,5.75817
2.560000000,3.47311
2.565804989,12.9877
2.571609977,1.7605
2.577414966,0.991607
2.583219955,8.20956
2.589024943,0.784403
2.594829932,0
2.600634921,0.867204
2.606439909,0.793292
2.612244898,0.658191
2.618049887,0.539222
2.623854875,0.513868
2.629659864,0.464662
2.635464853,0
2.641269841,0
2.647074830,0.223021
2.652879819,0.373945
2.658684807,0.177065
2.664489796,0.242515
2.670294785,0.306407
2.676099773,0.232734
2.681904762,0
2.687709751,0.359011
2.693514739,0
2.699319728,0.575805
2.705124717,0
2.710929705,0
2.716734694,0
2.722539683,0
2.728344671,0
2.734149660,8.07059
2.739954649,4.36979
2.745759637,7.8945
2.751564626,7.35479
2.757369615,3.48378
2.763174603,3.67508
2.768979592,2.5669
2.774784580,0
2.780589569,0
2.786394558,0.579763
2.792199546,0.474724
2.798004535,0.567096
2.803809524,1.02316
2.809614512,0
2.815419501,0
2.821224490,0
2.827029478,0.69618
2.832834467,0.544109
2.838639456,0.711143
2.844444444,0.339275
2.850249433,2.48681
2.856054422,0.362142
2.861859410,0.601991
2.867664399,0.210386
2.873469388,0.812692
2.879274376,0.61944
2.885079365,0.879852
2.890884354,1.08876
2.896689342,0.133135
2.902494331,0.57082
2.908299320,1.18478
2.914104308,2.25579
2.919909297,2.2042
2.925714286,2.78056
2.931519274,1.81024
2.937324263,1.50235
2.943129252,2.23388
2.948934240,1.88369
2.954739229,1.90055
2.960544218,0.686826
2.966349206,2.19502
2.972154195,6.43141
2.977959184,0.943982
2.983764172,3.21018
2.989569161,3.97343
2.995374150,3.57577
3.001179138,1.36504
3.006984127,0.64356
3.012789116,1.2373
3.018594104,0.590964
3.024399093,0
3.030204082,2.91766
3.036009070,0.537694
3.041814059,3.47171
3.047619048,0.33709
3.053424036,0
3.059229025,8.01455
3.065034014,4.31518
3.070839002,0
3.076643991,0.351466
3.082448980,0
3.088253968,0
3.094058957,0.420166
3.099863946,0.431941
3.105668934,0.500805
3.111473923,0.514834
3.117278912,0
3.123083900,0.397217
3.128888889,0.428353
3.134693878,0.335914
3.140498866,0
3.146303855,0.72563
3.152108844,0
3.157913832,0
3.163718821,0
3.169523810,0
3.175328798,0
3.181133787,0
3.186938776,1.13256
3.192743764,0
3.198548753,0
3.204353741,0
3.210158730,0
3.215963719,0
3.221768707,0.689827
3.227573696,2.91419
3.233378685,1.17658
3.239183673,0
3.244988662,1.35419
3.250793651,0.448751
3.256598639,0.76891
3.262403628,0.65774
3.268208617,2.27344
3.274013605,0.198828
3.279818594,0.469512
3.285623583,0.601675
3.291428571,0.977034
3.297233560,0.963318
3.303038549,0.14005
3.308843537,0.907244
3.314648526,0.521054
3.320453515,1.13455
3.326258503,1.20851
3.332063492,2.09557
3.337868481,2.39945
3.343673469,3.00508
3.349478458,4.82523
3.355283447,3.28473
3.361088435,0.830309
3.366893424,1.06125
3.372698413,0.75015
3.378503401,0.661815
3.384308390,1.06031
3.390113379,1.03442
3.395918367,1.7797
3.401723356,1.0787
3.407528345,0.581116
3.413333333,1.0387
3.419138322,0.536973
3.424943311,0.616467
3.430748299,0.989328
3.436553288,0.699294
3.442358277,0.645982
3.448163265,0.117051
3.453968254,0.243401
3.459773243,0.678525
3.465578231,1.00608
3.471383220,0
3.477188209,1.10405
3.482993197,0
3.488798186,2.28906
3.494603175,0.0864252
3.500408163,0.231529
3.506213152,0.331843
3.512018141,0
3.517823129,3.2801
3.523628118,3.69132
3.529433107,0
3.535238095,8.22351
3.541043084,5.91167
3.546848073,0.447372
3.552653061,0
3.558458050,0
3.564263039,5.72848
3.570068027,0.85577
3.575873016,6.37277
3.581678005,1.60602
3.587482993,2.17689
3.593287982,2.42841
3.599092971,3.18989
3.604897959,2.20331
3.610702948,1.96661
3.616507937,2.28384
3.622312925,1.93572
3.628117914,1.25157
3.633922902,1.12951
3.639727891,1.93062
3.645532880,1.48156
3.651337868,1.89226
3.657142857,2.13158
3.662947846,4.2209
3.668752834,1.45479
3.674557823,0.274315
3.680362812,0.523912
3.686167800,0.367934
3.691972789,0.242542
3.697777778,0.51509
3.703582766,0.687932
3.709387755,0.955987
3.715192744,0.193816
3.720997732,1.42354
3.726802721,0.313526
3.732607710,0.531144
3.738412698,0.573212
3.744217687,1.51799
3.750022676,1.27111
3.755827664,0.561495
3.761632653,0.395281
3.767437642,1.14595
3.773242630,1.82065
3.779047619,0
3.784852608,0.545402
3.790657596,0
3.796462585,0.379607
3.802267574,0.535522
3.808072562,0
3.813877551,0.106805
3.819682540,0
3.825487528,7.53293
3.831292517,0.0805234
3.837097506,0.184126
3.842902494,0.0918919
3.848707483,0
3.854512472,0
3.860317460,0
3.866122449,0.452835
3.871927438,0.340135
3.877732426,0
3.883537415,0.239599
3.889342404,0
3.895147392,0
3.900952381,0
3.906757370,3.69834
3.912562358,0.246797
3.918367347,0
3.924172336,0
3.929977324,0
3.935782313,0
3.941587302,0.128903
3.947392290,0
3.953197279,0
3.959002268,0
3.964807256,0
3.970612245,0.129773
3.976417234,0
3.982222222,0
3.988027211,0.503346
3.993832200,2.11638
3.999637188,0
4.005442177,0
4.011247166,0.0658145
4.017052154,0
4.022857143,0
4.028662132,0
4.034467120,0
4.040272109,0
4.046077098,0
4.051882086,0
4.057687075,5.85771
4.063492063,0
4.069297052,0.119886
4.075102041,0
4.080907029,3.19045
4.086712018,0
4.092517007,0
4.098321995,2.4012
4.104126984,0.216883
4.109931973,1.28901
4.115736961,3.18264
4.121541950,0
4.127346939,0
4.133151927,0
4.138956916,1.18211
4.144761905,0
4.150566893,2.20207
4.156371882,0
4.162176871,3.20574
4.167981859,2.19505
4.173786848,2.47218
4.179591837,2.5267
4.185396825,0.374799
4.191201814,4.30573
4.197006803,3.89564
4.202811791,0.34585
4.208616780,2.56793
4.214421769,2.68771
4.220226757,0.729733
4.226031746,0
4.231836735,4.17634
4.237641723,1.28585
4.243446712,0
4.249251701,0.28914
4.255056689,1.13205
4.260861678,4.03957
4.266666667,0.786676
4.272471655,0
4.278276644,0.108324
4.284081633,1.15247
4.289886621,1.26105
4.295691610,1.12421
4.301496599,1.63026
4.307301587,1.10555
4.313106576,0.854665
4.318911565,2.11282
4.324716553,1.69265
4.330521542,2.07671
4.336326531,0.643415
4.342131519,0.439782
4.347936508,2.34892
4.353741497,0.645787
4.359546485,4.94903
4.365351474,3.35381
4.371156463,0
4.376961451,4.04803
4.382766440,4.61466
4.388571429,18.3964
4.394376417,3.84459
4.400181406,0.526414
4.405986395,0
4.411791383,1.37472
4.417596372,0.927768
4.423401361,3.22536
4.429206349,1.99686
4.435011338,3.69391
4.440816327,7.22523
4.446621315,3.17301
4.452426304,0.529131
4.458231293,0
4.464036281,0.439875
4.469841270,0.439898
4.475646259,0.390008
4.481451247,0.680602
4.487256236,0.468487
4.493061224,1.55947
4.498866213,2.27234
4.504671202,1.06879
4.510476190,0.931574
4.516281179,1.09267
4.522086168,2.20302
4.527891156,0.82989
4.533696145,1.38157
4.539501134,2.76369
4.545306122,1.05982
4.551111111,1.81527
4.556916100,1.49676
4.562721088,2.0476
4.568526077,1.40937
4.574331066,1.00601
4.580136054,1.48768
4.585941043,1.22194
4.591746032,0.237579
4.597551020,0.228416
4.603356009,0.455898
4.609160998,0.660058
4.614965986,0.129662
4.620770975,0.862641
4.626575964,0.586586
4.632380952,0.613082
4.638185941,0
4.643990930,0.244125
4.649795918,0
4.655600907,9.0907
4.661405896,0
4.667210884,4.79115
4.673015873,11.5899
4.678820862,0.62105
4.684625850,2.08302
4.690430839,0.204677
4.696235828,0
4.702040816,0.228629
4.707845805,0.330637
4.713650794,0.456617
4.719455782,0.169955
4.725260771,0.126991
4.731065760,0
4.736870748,1.34702
4.742675737,0.808824
4.748480726,0.195494
4.754285714,0.487603
4.760090703,0.777079
4.765895692,1.21953
4.771700680,0.31163
4.777505669,0.72968
4.783310658,0.53879
4.789115646,0.405751
4.794920635,13.5227
4.800725624,8.33217
4.806530612,3.68815
4.812335601,4.58478
4.818140590,5.4286
4.823945578,2.34737
4.829750567,0
4.835555556,2.67095
4.841360544,2.56547
4.847165533,0.791509
4.852970522,0.398399
4.858775510,0.56125
4.864580499,1.52204
4.870385488,0.665459
4.876190476,1.11758
4.881995465,0.713073
4.887800454,0.647299
4.893605442,0.825207
4.899410431,2.27862
4.905215420,0.628242
4.911020408,0.344273
4.916825397,0.874223
4.922630385,0.476513
4.928435374,0.739038
4.934240363,0.995619
4.940045351,0.910619
4.945850340,1.30551
4.951655329,3.67285
4.957460317,3.80413
4.963265306,2.53081
4.969070295,0.483946
4.974875283,0.363087
4.980680272,0.419762
4.986485261,0.937381
4.992290249,0.879689
4.998095238,1.01528
5.003900227,2.00769
5.009705215,0.530871
5.015510204,2.23789
5.021315193,1.1838
5.027120181,0.713508
5.032925170,3.52327
5.038730159,2.07678
5.044535147,2.96507
5.050340136,1.48686
5.056145125,1.90995
5.061950113,1.78199
5.067755102,0.925884
5.073560091,1.79089
5.079365079,0.843153
5.085170068,0.756718
5.090975057,0.644645
5.096780045,1.10379
5.102585034,0.523338
5.108390023,0.498087
5.114195011,2.49472
5.120000000,0.543314
5.125804989,0.941903
5.131609977,1.30594
5.137414966,0.743612
5.143219955,0.770447
5.149024943,0.957851
5.154829932,3.17305
5.160634921,6.35618
5.166439909,0.748243
5.172244898,0.280685
5.178049887,0.424429
5.183854875,1.4798
5.189659864,1.29366
5.195464853,1.66799
5.201269841,1.66883
5.207074830,0.384542
5.212879819,0.269676
5.218684807,1.40449
5.224489796,0.450805
5.230294785,4.54134
5.236099773,4.73828
5.241904762,5.40007
5.247709751,3.51968
5.253514739,0
5.259319728,0.414882
5.265124717,0.394104
5.270929705,0.405365
5.276734694,0
5.282539683,0.517849
5.288344671,0
5.294149660,0.922011
5.299954649,0.185241
5.305759637,0.144316
5.311564626,0.236355
5.317369615,0
5.323174603,0
5.328979592,0
5.334784580,0
5.340589569,0
5.346394558,0
5.352199546,0
5.358004535,0
5.363809524,0
5.369614512,0
5.375419501,0
5.381224490,0
5.387029478,0.125685
5.392834467,0
5.398639456,0
5.404444444,0
5.410249433,0
5.416054422,0
5.421859410,0.16072
5.427664399,0.98762
5.433469388,0.648836
5.439274376,0.953418
5.445079365,0.954765
5.450884354,1.89525
5.456689342,2.67363
5.462494331,1.19079
5.468299320,1.55621
5.474104308,1.18193
5.479909297,1.41117
5.485714286,0
5.491519274,0
5.497324263,0.502618
5.503129252,0.620398
5.508934240,0.517608
5.514739229,0.267809
5.520544218,0.480126
5.526349206,0.486515
5.532154195,0.40689
5.537959184,0.323007
5.543764172,0.550765
5.549569161,0.535047
5.555374150,0.345177
5.561179138,0.87518
5.566984127,1.34021
5.572789116,1.32587
5.578594104,0.893231
5.584399093,0.794241
5.590204082,1.08009
5.596009070,0.719926
5.601814059,1.4207
5.607619048,0.758792
5.613424036,1.59801
5.619229025,0.89217
5.625034014,1.16765
5.630839002,1.80922
5.636643991,1.07577
5.642448980,2.46171
5.648253968,0.409525
5.654058957,4.87219
5.659863946,4.13012
5.665668934,1.62865
5.671473923,10.9632
5.677278912,0
5.683083900,13.7269
5.688888889,10.0594
5.694693878,3.31367
5.700498866,2.76944
5.706303855,1.16755
5.712108844,7.64729
5.717913832,0.990392
5.723718821,0.892347
5.729523810,0.899341
5.735328798,6.21341
5.741133787,1.51801
5.746938776,3.17646
5.752743764,1.62122
5.758548753,0
5.764353741,0.247875
5.770158730,4.94084
5.775963719,2.27299
5.781768707,0.454951
5.787573696,1.6753
5.793378685,1.33296
5.799183673,4.04441
5.804988662,1.74528
5.810793651,3.0724
5.816598639,1.02556
5.822403628,0.857834
5.828208617,1.90576
5.834013605,0.466973
5.839818594,4.51475
5.845623583,0
5.851428571,0.812444
5.857233560,0
5.863038549,0
5.868843537,0
5.874648526,0
5.880453515,0
5.886258503,0
5.892063492,0
5.897868481,0
5.903673469,0
5.909478458,0
5.915283447,0
5.921088435,0
5.926893424,0
5.932698413,0
5.938503401,1.05069
5.944308390,0
5.950113379,0
5.955918367,0
5.961723356,0
5.967528345,0
5.973333333,0.981423
5.979138322,0
5.984943311,0
5.990748299,1.21621
5.996553288,1.0208
6.002358277,2.12569
6.008163265,0.468052
6.013968254,0
6.019773243,0.383818
6.025578231,0
6.031383220,1.4712
6.037188209,0.333191
6.042993197,0.759694
6.048798186,4.13434
6.054603175,0
6.060408163,0
6.066213152,3.10972
6.072018141,1.08958
6.077823129,0.763646
6.083628118,0.501843
6.089433107,0
6.095238095,2.09387
6.101043084,0
6.106848073,0
6.112653061,0.207092
6.118458050,0.22172
6.124263039,0.363633
6.130068027,2.6453
6.135873016,0.397219
6.141678005,0
6.147482993,2.4389
6.153287982,0.658652
6.159092971,2.36953
6.164897959,1.0143
6.170702948,0
6.176507937,5.19001
6.182312925,5.87565
6.188117914,0
6.193922902,1.80275
6.199727891,1.17524
6.205532880,0.201278
6.211337868,0
6.217142857,0
6.222947846,0
6.228752834,0.545543
6.234557823,0
6.240362812,0.519307
6.246167800,0.206046
6.251972789,0.91496
6.257777778,2.94172
6.263582766,0.954007
6.269387755,0
6.275192744,0
6.280997732,1.09673
6.286802721,0.163798
6.292607710,0.452914
6.298412698,0.658506
6.304217687,1.18592
6.310022676,0.425122
6.315827664,0.625808
6.321632653,0.151349
6.327437642,1.25118
6.333242630,0.255575
6.339047619,0.18418
6.344852608,0.31912
6.350657596,0.582072
6.356462585,0.594446
6.362267574,0.329483
6.368072562,0
6.373877551,0.311613
6.379682540,1.30709
6.385487528,0.37955
6.391292517,2.06762
6.397097506,1.02483
6.402902494,0.11545
6.408707483,0.428131
6.414512472,0.283915
6.420317460,0.695611
6.426122449,0.797479
6.431927438,1.12273
6.437732426,4.996
6.443537415,2.23389
6.449342404,1.4605
6.455147392,0
6.460952381,0.676293
6.466757370,0.766762
6.472562358,0.226104
6.478367347,1.11462
6.484172336,0
6.489977324,1.58302
6.495782313,2.28978
6.501587302,1.46186
6.507392290,0.276173
6.513197279,0
6.519002268,0
6.524807256,5.81885
6.530612245,0.691784
6.536417234,0
6.542222222,1.6675
6.548027211,0.432915
6.553832200,2.03024
6.559637188,0
6.565442177,2.21433
6.571247166,1.32081
6.577052154,0.589784
6.582857143,0.659967
6.588662132,0.296917
6.594467120,0.297467
6.600272109,0
6.606077098,4.00205
6.611882086,0
6.617687075,0
6.623492063,0.148853
6.629297052,0
6.635102041,0.666429
6.640907029,0.906984
6.646712018,0.442682
6.652517007,1.44817
6.658321995,2.37132
6.664126984,7.9288
6.669931973,5.22083
6.675736961,0.654354
6.681541950,0.929882
6.687346939,0.480711
6.693151927,0.523758
6.698956916,1.09881
6.704761905,0.128536
6.710566893,0.162429
6.716371882,3.88929
6.722176871,6.3518
6.727981859,0
6.733786848,0.106876
6.739591837,0.255298
6.745396825,0.431442
6.751201814,0.536007
6.757006803,1.12679
6.762811791,0.997277
6.768616780,0
6.774421769,0.258954
6.780226757,0.334057
6.786031746,1.20385
6.791836735,0.861668
6.797641723,1.46957
6.803446712,0.946117
6.809251701,0.920616
6.815056689,1.0416
6.820861678,1.88344
6.826666667,0.865148
6.832471655,0.771122
6.838276644,0.761305
6.844081633,0.474368
6.849886621,0.278564
6.855691610,0.446767
6.861496599,0.216768
6.867301587,1.15267
6.873106576,0.22606
6.878911565,0.31294
6.884716553,0.459535
6.890521542,0
6.896326531,0.487361
6.902131519,1.51539
6.907936508,0.353268
6.913741497,1.14554
6.919546485,0.542703
6.925351474,0.503033
6.931156463,0
6.936961451,0
6.942766440,0
6.948571429,0
6.954376417,0
6.960181406,0
6.965986395,0
6.971791383,0
6.977596372,0
6.983401361,0
6.989206349,0.462769
6.995011338,2.58455
7.000816327,3.64419
7.006621315,0
7.012426304,0
7.018231293,0.145907
7.024036281,0.219573
7.029841270,0.253743
7.035646259,0.427284
7.041451247,0.208037
7.047256236,0.177559
7.053061224,0.359915
7.058866213,0.850736
7.064671202,0.790482
7.070476190,0.570407
7.076281179,0.297712
7.082086168,0.356319
7.087891156,0.729693
7.093696145,0.97601
7.099501134,5.02353
7.105306122,1.64464
7.111111111,0.284374
7.116916100,2.97007
7.122721088,2.35615
7.128526077,2.81258
7.134331066,1.96264
7.140136054,14.6084
7.145941043,3.48128
7.151746032,0
7.157551020,1.15715
7.163356009,1.56858
7.169160998,1.05408
7.174965986,0.973891
7.180770975,2.19428
7.186575964,0.527574
7.192380952,0.339736
7.198185941,4.08451
7.203990930,7.03196
7.209795918,6.46571
7.215600907,0
7.221405896,0
7.227210884,0.853559
7.233015873,0.551114
7.238820862,0
7.244625850,1.62759
7.250430839,1.33944
7.256235828,1.69627
7.262040816,1.37426
7.267845805,0
7.273650794,1.77767
7.279455782,0.902454
7.285260771,2.37112
7.291065760,2.99366
7.296870748,1.41129
7.302675737,0.639866
7.308480726,0
7.314285714,1.41899
7.320090703,0.203141
7.325895692,0
7.331700680,1.44968
7.337505669,0
7.343310658,1.44276
7.349115646,0.949687
7.354920635,3.36335
7.360725624,0.719296
7.366530612,0.449847
7.372335601,0.175755
7.378140590,1.23973
7.383945578,4.2939
7.389750567,3.63644
7.395555556,3.01084
7.401360544,1.63661
7.407165533,2.84872
7.412970522,0.782114
7.418775510,2.50217
7.424580499,0.46795
7.430385488,3.58391
7.436190476,0.472637
7.441995465,0.699126
7.447800454,2.17119
7.453605442,5.06483
7.459410431,0.867042
7.465215420,1.79513
7.471020408,3.27171
7.476825397,0
7.482630385,0.753334
7.488435374,0
7.494240363,15.5334
7.500045351,13.9094
7.505850340,0
7.511655329,4.41457
7.517460317,2.07521
7.523265306,6.3889
7.529070295,0
7.534875283,2.62861
7.540680272,0
7.546485261,3.32366
7.552290249,0
7.558095238,0
7.563900227,0
7.569705215,0
7.575510204,0
7.581315193,0.97256
7.587120181,0
7.592925170,0
7.598730159,0
7.604535147,0
7.610340136,0
7.616145125,0
7.621950113,0
7.627755102,0
7.633560091,0
7.639365079,0
7.645170068,0
7.650975057,2.78981
7.656780045,0
7.662585034,0.20729
7.668390023,0.262676
7.674195011,0.123228
7.680000000,7.97879
7.685804989,1.37236
7.691609977,1.75296
7.697414966,0.99229
7.703219955,0.766635
7.709024943,1.2647
7.714829932,0
7.720634921,0
7.726439909,0.295035
7.732244898,6.80945
7.738049887,0
7.743854875,4.52778
7.749659864,0
7.755464853,0
7.761269841,2.48452
7.767074830,0
7.772879819,0
7.778684807,4.04597
7.784489796,0.28046
7.790294785,9.12311
7.796099773,0
7.801904762,0
7.807709751,0
7.813514739,4.64881
7.819319728,0
7.825124717,0
7.830929705,0
7.836734694,0.0928538
7.842539683,0
7.848344671,0
7.854149660,0.185308
7.859954649,0.158109
7.865759637,3.22349
7.871564626,0.954725
7.877369615,1.45379
7.883174603,1.68602
7.888979592,1.1549
7.894784580,0.582442
7.900589569,0.361779
7.906394558,0.493933
7.912199546,0.288634
7.918004535,1.44882
7.923809524,2.33674
7.929614512,0
7.935419501,3.24427
7.941224490,3.54155
7.947029478,1.78683
7.952834467,2.34222
7.958639456,2.30867
7.964444444,0.860729
7.970249433,1.21669
7.976054422,1.0396
7.981859410,0.994118
7.987664399,2.30959
7.993469388,1.16063
7.999274376,2.02245
8.005079365,9.50497
8.010884354,1.94241
8.016689342,5.94039
8.022494331,4.67852
8.028299320,0
8.034104308,6.44336
8.039909297,5.91948
8.045714286,4.63606
8.051519274,1.02858
8.057324263,2.71763
8.063129252,1.13467
8.068934240,0.774814
8.074739229,0.184518
8.080544218,0.770201
8.086349206,0.655399
8.092154195,0
8.097959184,0
8.103764172,0.541646
8.109569161,1.80173
8.115374150,0.808399
8.121179138,0.368131
8.126984127,1.71154
8.132789116,0.954961
8.138594104,0
8.144399093,0.868767
8.150204082,1.64967
8.156009070,2.01598
8.161814059,2.77425
8.167619048,0.720973
8.173424036,4.17772
8.179229025,0.97286
8.185034014,0.927336
8.190839002,2.76558
8.196643991,0.385942
8.202448980,0.882671
8.208253968,1.42509
8.214058957,0
8.219863946,15.2444
8.225668934,1.12078
8.231473923,1.21988
8.237278912,0.634784
8.243083900,0.552375
8.248888889,0.447108
8.254693878,0.806645
8.260498866,0.541898
8.266303855,0.55799
8.272108844,2.43406
8.277913832,6.04067
8.283718821,2.81197
8.289523810,2.78898
8.295328798,2.19416
8.301133787,1.74646
8.306938776,0.552552
8.312743764,0.732154
8.318548753,1.98776
8.324353741,2.41676
8.330158730,0.723635
8.335963719,2.10887
8.341768707,2.37952
8.347573696,1.90292
8.353378685,1.32738
8.359183673,1.60615
8.364988662,2.78297
8.370793651,1.33262
8.376598639,1.33598
8.382403628,1.27631
8.388208617,4.01915
8.394013605,1.87793
8.399818594,1.87044
8.405623583,4.72175
8.411428571,1.72247
8.417233560,0.0977815
8.423038549,0.677043
8.428843537,0.639663
8.434648526,0
8.440453515,3.46354
8.446258503,3.71282
8.452063492,9.27264
8.457868481,0.109651
8.463673469,0
8.469478458,0.29001
8.475283447,0
8.481088435,0.0979946
8.486893424,10.3282
8.492698413,7.44238
8.498503401,1.4941
8.504308390,1.78526
8.510113379,1.24228
8.515918367,1.54529
8.521723356,0.687266
8.527528345,0.758249
8.533333333,0.711096
8.539138322,0.661004
8.544943311,1.12702
8.550748299,1.35
8.556553288,0.276123
8.562358277,0.443352
8.568163265,0.534604
8.573968254,1.67773
8.579773243,0.843725
8.585578231,2.45567
8.591383220,3.12456
8.597188209,6.23308
8.602993197,0.152164
8.608798186,1.43583
8.614603175,0.321084
8.620408163,0.0507023
8.626213152,0.148133
8.632018141,0.152754
8.637823129,0.822422
8.643628118,0.556718
8.649433107,0.458022
8.655238095,0.58977
8.661043084,1.19083
8.666848073,0.520403
8.672653061,1.4671
8.678458050,22.3166
8.684263039,0
8.690068027,1.12513
8.695873016,0.680817
8.701678005,0
8.707482993,0.164939
8.713287982,0.0767466
8.719092971,0.159161
8.724897959,1.69888
8.730702948,1.29577
8.736507937,3.42162
8.742312925,2.80052
8.748117914,2.60391
8.753922902,1.44593
8.759727891,1.11192
8.765532880,0.714308
8.771337868,1.48208
8.777142857,1.42936
8.782947846,1.54431
8.788752834,1.04989
8.794557823,0.769944
8.800362812,5.20241
8.806167800,1.16658
8.811972789,1.26081
8.817777778,0.552486
8.823582766,2.77715
8.829387755,0.0973161
8.835192744,0.451163
8.840997732,0
8.846802721,1.41154
8.852607710,18.4813
8.858412698,0.261208
8.864217687,3.95563
8.870022676,4.94961
8.875827664,5.56874
8.881632653,0.244561
8.887437642,1.10632
8.893242630,3.2888
8.899047619,3.40322
8.904852608,0.242028
8.910657596,0.662093
8.916462585,0.818033
8.922267574,0.127235
8.928072562,0.259067
8.933877551,0.197212
8.939682540,0.244152
8.945487528,1.15452
8.951292517,0.248184
8.957097506,0.257678
8.962902494,1.16645
8.968707483,0
8.974512472,0.239667
8.980317460,1.15092
8.986122449,0.931783
8.991927438,0.091405
8.997732426,0.443565
9.003537415,0.346635
9.009342404,0.389225
9.015147392,0.711506
9.020952381,0.51206
9.026757370,0.311278
9.032562358,0.300917
9.038367347,0.606817
9.044172336,2.37012
9.049977324,14.8291
9.055782313,1.8028
9.061587302,0.998023
9.067392290,1.69268
9.073197279,11.7444
9.079002268,0.563575
9.084807256,2.47279
9.090612245,8.55815
9.096417234,2.3592
9.102222222,9.00012
9.108027211,7.45538
9.113832200,0.845877
9.119637188,0
9.125442177,3.05366
9.131247166,0
9.137052154,0.816754
9.142857143,0.471504
9.148662132,6.03613
9.154467120,0.655308
9.160272109,5.15583
9.166077098,2.29037
9.171882086,2.03412
9.177687075,1.52433
9.183492063,0.707636
9.189297052,0
9.195102041,1.38935
9.200907029,1.19809
9.206712018,2.30014
9.212517007,0.454163
9.218321995,0.0608517
9.224126984,0.645144
9.229931973,1.28527
9.235736961,1.12881
9.241541950,0.844542
9.247346939,2.35805
9.253151927,1.79982
9.258956916,0.883071
9.264761905,2.48427
9.270566893,1.9258
9.276371882,1.0974
9.282176871,0.548642
9.287981859,0.678461
9.293786848,1.51616
9.299591837,1.13625
9.305396825,1.43581
9.311201814,0
9.317006803,0.838909
9.322811791,1.05267
9.328616780,1.58844
9.334421769,1.51034
9.340226757,1.24969
9.346031746,0.892039
9.351836735,1.44066
9.357641723,0.849047
9.363446712,1.45461
9.369251701,2.29753
9.375056689,2.99451
9.380861678,1.13875
9.386666667,0.317629
9.392471655,0
9.398276644,0.647118
9.404081633,3.00345
9.409886621,5.26918
9.415691610,0.22935
9.421496599,0.404645
9.427301587,1.01403
9.433106576,1.46481
9.438911565,0.437725
9.444716553,0.215626
9.450521542,1.51897
9.456326531,0.361981
9.462131519,2.07787
9.467936508,4.87292
9.473741497,0.0408637
9.479546485,0.255725
9.485351474,2.26251
9.491156463,2.5444
9.496961451,1.35423
9.502766440,1.99244
9.508571429,2.10375
9.514376417,3.95476
9.520181406,3.57321
9.525986395,1.60617
9.531791383,1.67486
9.537596372,0.544549
9.543401361,0.509496
9.549206349,15.9603
9.555011338,0.335443
9.560816327,0
9.566621315,0
9.572426304,2.87945
9.578231293,1.08814
9.584036281,0.538138
9.589841270,0
9.595646259,0.643477
9.601451247,0.450941
9.607256236,0.615998
9.613061224,0.873818
9.618866213,0.310676
9.624671202,0.499348
9.630476190,0.718218
9.636281179,1.28985
9.642086168,1.10312
9.647891156,2.92201
9.653696145,0
9.659501134,0.222322
9.665306122,0
9.671111111,0.673359
9.676916100,0
9.682721088,0.0641003
9.688526077,0
9.694331066,0.408155
9.700136054,0.917873
9.705941043,0
9.711746032,0
9.717551020,0.541585
9.723356009,0
9.729160998,0.423032
9.734965986,0
9.740770975,0
9.746575964,0
9.752380952,0
9.758185941,0
9.763990930,0
9.769795918,0.0814415
9.775600907,0.398932
9.781405896,0.270957
9.787210884,0.47622
9.793015873,0.283438
9.798820862,6.99682
9.804625850,0.172993
9.810430839,0.517277
9.816235828,1.08963
9.822040816,0.926846
9.827845805,2.51431
9.833650794,1.84863
9.839455782,0.0669219
9.845260771,1.14792
9.851065760,0
9.856870748,1.45284
9.862675737,2.31863
9.868480726,0.736258
9.874285714,1.5395
9.880090703,0
9.885895692,1.75286
9.891700680,0.235074
9.897505669,0.084986
9.903310658,1.90678
9.909115646,1.50264
9.914920635,1.39517
9.920725624,0.582334
9.926530612,1.5558
9.932335601,0.572552
9.938140590,0.129879
9.943945578,0
9.949750567,0.124052
9.955555556,0.259974
9.961360544,1.31969
9.967165533,0.569695
9.972970522,0.657337
9.978775510,0.200445
9.984580499,0.574786
9.990385488,0.255991
9.996190476,5.1141
10.001995465,0.957771
10.007800454,0.279068
10.013605442,0.13612
10.019410431,0.133342
10.025215420,0.279334
10.031020408,0.109486
10.036825397,0
10.042630385,0.518417
10.048435374,4.05567
10.054240363,5.02319
10.060045351,3.19552
10.065850340,0
10.071655329,0.546179
10.077460317,0.224802
10.083265306,0.327562
10.089070295,0.280554
10.094875283,0.353369
10.100680272,0.808909
10.106485261,0.228753
10.112290249,1.39964
10.118095238,0.399685
10.123900227,0.242917
10.129705215,0.492502
10.135510204,1.83871
10.141315193,1.21712
10.147120181,1.39141
10.152925170,1.08912
10.158730159,5.72377
10.164535147,1.84368
10.170340136,0.728486
10.176145125,1.03395
10.181950113,0.799565
10.187755102,0.149072
10.193560091,0.604109
10.199365079,0.213452
10.205170068,0.72865
10.210975057,0.480929
10.216780045,0
10.222585034,0.258976
10.228390023,0.118116
10.234195011,0.283682
10.240000000,0.135324
10.245804989,0.140547
10.251609977,1.98347
10.257414966,0.17697
10.263219955,0.0893734
10.269024943,0.314427
10.274829932,0.36966
10.280634921,0.188711
10.286439909,0.160975
10.292244898,0.346142
10.298049887,1.39677
10.303854875,0
10.309659864,0.148446
10.315464853,0.09083
10.321269841,0.088732
10.327074830,0
10.332879819,0
10.338684807,0
10.344489796,0
10.350294785,0.259091
10.356099773,0.102979
10.361904762,0.150548
10.367709751,0.139983
10.373514739,7.0833
10.379319728,0
10.385124717,0
10.390929705,0
10.396734694,0
10.402539683,0
10.408344671,0
10.414149660,0
10.419954649,0
10.425759637,0
10.431564626,0
10.437369615,0
10.443174603,4.30757
10.448979592,0
10.454784580,0
10.460589569,0
10.466394558,7.0644
10.472199546,0
10.478004535,4.21765
10.483809524,0
10.489614512,0
10.495419501,0
10.501224490,0
10.507029478,0
10.512834467,0
10.518639456,0
10.524444444,0.412777
10.530249433,1.47053
10.536054422,1.38591
10.541859410,0
10.547664399,4.83431
10.553469388,1.4915
10.559274376,0
10.565079365,0
10.570884354,0
10.576689342,0
10.582494331,0
10.588299320,0
10.594104308,0
10.599909297,2.47081
10.605714286,0
10.611519274,0.989337
10.617324263,0.548987
10.623129252,0
10.628934240,0
10.634739229,0
10.640544218,0.316697
10.646349206,0
10.652154195,0
10.657959184,0
10.663764172,5.85549
10.669569161,0
10.675374150,0
10.681179138,0
10.686984127,4.94405
10.692789116,0
10.698594104,0
10.704399093,0
10.710204082,0
10.716009070,0
10.721814059,0
10.727619048,0
10.733424036,0
10.739229025,0
10.745034014,0
10.750839002,0
10.756643991,0
10.762448980,0
10.768253968,0
10.774058957,0
10.779863946,0
10.785668934,0
10.791473923,2.17222
10.797278912,0
10.803083900,0.217181
10.808888889,0
10.814693878,0
10.820498866,0
10.826303855,0
10.832108844,0
10.837913832,0
10.843718821,0
10.849523810,0
10.855328798,0
10.861133787,0
10.866938776,0
10.872743764,0
10.878548753,0
10.884353741,6.93114
10.890158730,0
10.895963719,0
10.901768707,0.356756
10.907573696,0
10.913378685,0
10.919183673,0
10.924988662,0.445349
10.930793651,0
10.936598639,1.18925
10.942403628,6.05198
10.948208617,0.967906
10.954013605,0.546656
10.959818594,2.20368
10.965623583,0
10.971428571,4.24299
10.977233560,4.38879
10.983038549,0.526836
10.988843537,0.10519
10.994648526,3.88586
11.000453515,3.87968
11.006258503,1.04302
11.012063492,0.453015
11.017868481,0.644274
11.023673469,2.22808
11.029478458,0
11.035283447,0.482094
11.041088435,1.39476
11.046893424,1.22515
11.052698413,0.977392
11.058503401,1.52086
11.064308390,1.28956
11.070113379,0.349005
11.075918367,1.27224
11.081723356,0
11.087528345,1.48365
11.093333333,0.431262
11.099138322,1.04179
11.104943311,0
