0.000000000,4.36797e-10
0.005804989,2.6253e-9
0.011609977,9.19197e-9
0.017414966,2.51375e-8
0.023219955,1.01898e-7
0.029024943,1.82769e-7
0.034829932,3.98053e-7
0.040634921,3.30773e-7
0.046439909,4.32694e-7
0.052244898,5.77797e-7
0.058049887,1.97422e-6
0.063854875,8.22781e-6
0.069659864,5.57259e-5
0.075464853,0.000327649
0.081269841,0.00046382
0.087074830,0.00271997
0.092879819,0.00559963
0.098684807,0.00677278
0.104489796,0.00416972
0.110294785,0.00585485
0.116099773,0.00309517
0.121904762,0.00301821
0.127709751,0.00209849
0.133514739,0.00134884
0.139319728,0.00132446
0.145124717,0.00157624
0.150929705,0.00119949
0.156734694,0.00137831
0.162539683,0.00154388
0.168344671,0.00142209
0.174149660,0.00141268
0.179954649,0.00176309
0.185759637,0.00194888
0.191564626,0.00179436
0.197369615,0.00215848
0.203174603,0.00172545
0.208979592,0.00173644
0.214784580,0.00164182
0.220589569,0.0012035
0.226394558,0.00119996
0.232199546,0.0011033
0.238004535,0.00106794
0.243809524,0.00134063
0.249614512,0.00139965
0.255419501,0.00178542
0.261224490,0.00174831
0.267029478,0.00222221
0.272834467,0.0017535
0.278639456,0.00200432
0.284444444,0.0019057
0.290249433,0.00218266
0.296054422,0.00147713
0.301859410,0.00189591
0.307664399,0.0015278
0.313469388,0.00164301
0.319274376,0.00150573
0.325079365,0.00166086
0.330884354,0.00163105
0.336689342,0.00180584
0.342494331,0.00191019
0.348299320,0.0014885
0.354104308,0.00134284
0.359909297,0.00168357
0.365714286,0.00161783
0.371519274,0.00176594
0.377324263,0.00166741
0.383129252,0.0016505
0.388934240,0.00128583
0.394739229,0.00151116
0.400544218,0.00150812
0.406349206,0.00174137
0.412154195,0.00189963
0.417959184,0.00189127
0.423764172,0.00159014
0.429569161,0.00184493
0.435374150,0.00157932
0.441179138,0.00181448
0.446984127,0.00155783
0.452789116,0.00175356
0.458594104,0.00163793
0.464399093,0.00152388
0.470204082,0.00171788
0.476009070,0.00145134
0.481814059,0.00134433
0.487619048,0.00137866
0.493424036,0.00138497
0.499229025,0.00135628
0.505034014,0.00147241
0.510839002,0.00159336
0.516643991,0.00163603
0.522448980,0.0015387
0.528253968,0.00156666
0.534058957,0.00155965
0.539863946,0.00143374
0.545668934,0.00134777
0.551473923,0.00116927
0.557278912,0.001571
0.563083900,0.00165563
0.568888889,0.00207623
0.574693878,0.0018941
0.580498866,0.00182452
0.586303855,0.00164944
0.592108844,0.0013558
0.597913832,0.00147829
0.603718821,0.0014223
0.609523810,0.00170494
0.615328798,0.00161326
0.621133787,0.00175151
0.626938776,0.00206344
0.632743764,0.00141953
0.638548753,0.00139636
0.644353741,0.00123422
0.650158730,0.00146021
0.655963719,0.00141432
0.661768707,0.00135711
0.667573696,0.00139372
0.673378685,0.00128072
0.679183673,0.00123374
0.684988662,0.00156083
0.690793651,0.00168964
0.696598639,0.00188668
0.702403628,0.00215678
0.708208617,0.00175144
0.714013605,0.00167062
0.719818594,0.00127538
0.725623583,0.00156601
0.731428571,0.0014729
0.737233560,0.00154305
0.743038549,0.00144552
0.748843537,0.00207039
0.754648526,0.00212108
0.760453515,0.00207327
0.766258503,0.00204734
0.772063492,0.00182931
0.777868481,0.00184397
0.783673469,0.00170315
0.789478458,0.00143556
0.795283447,0.00180895
0.801088435,0.00141244
0.806893424,0.00142889
0.812698413,0.00124567
0.818503401,0.00126157
0.824308390,0.00131746
0.830113379,0.00155729
0.835918367,0.00156577
0.841723356,0.00173057
0.847528345,0.001165
0.853333333,0.000890883
0.859138322,0.000700826
0.864943311,0.000584367
0.870748299,0.000683172
0.876553288,0.000818819
0.882358277,0.00100185
0.888163265,0.00108001
0.893968254,0.00134898
0.899773243,0.00119915
0.905578231,0.00118998
0.911383220,0.000992591
0.917188209,0.000851477
0.922993197,0.00129195
0.928798186,0.00110564
0.934603175,0.00145604
0.940408163,0.00142143
0.946213152,0.00129822
0.952018141,0.00133977
0.957823129,0.00123957
0.963628118,0.00162646
0.969433107,0.00134571
0.975238095,0.00152575
0.981043084,0.00124278
0.986848073,0.001367
0.992653061,0.00125007
0.998458050,0.00133757
1.004263039,0.00125221
1.010068027,0.00135041
1.015873016,0.00123123
1.021678005,0.0009789
1.027482993,0.000943594
1.033287982,0.00133785
1.039092971,0.00113755
1.044897959,0.000981026
1.050702948,0.000623862
1.056507937,0.00086506
1.062312925,0.000685971
1.068117914,0.00094195
1.073922902,0.000721894
1.079727891,0.000993531
1.085532880,0.000929603
1.091337868,0.00090129
1.097142857,0.00101259
1.102947846,0.00108572
1.108752834,0.00140968
1.114557823,0.00129765
1.120362812,0.00142218
1.126167800,0.0012702
1.131972789,0.00120571
1.137777778,0.00103477
1.143582766,0.00113721
1.149387755,0.00105083
1.155192744,0.00131264
1.160997732,0.00142568
1.166802721,0.00125124
1.172607710,0.00138194
1.178412698,0.00118426
1.184217687,0.00107537
1.190022676,0.00114911
1.195827664,0.000912235
1.201632653,0.00111883
1.207437642,0.000995141
1.213242630,0.00102069
1.219047619,0.00112491
1.224852608,0.00104226
1.230657596,0.00123775
1.236462585,0.0010253
1.242267574,0.00136398
1.248072562,0.00128563
1.253877551,0.00160606
1.259682540,0.00136672
1.265487528,0.00148482
1.271292517,0.00105332
1.277097506,0.00142287
1.282902494,0.00129382
1.288707483,0.00112134
1.294512472,0.00137566
1.300317460,0.00136929
1.306122449,0.00136589
1.311927438,0.00154698
1.317732426,0.00122397
1.323537415,0.00101239
1.329342404,0.00112185
1.335147392,0.000954515
1.340952381,0.000931771
1.346757370,0.001384
1.352562358,0.00138152
1.358367347,0.00170703
1.364172336,0.00166391
1.369977324,0.00188457
1.375782313,0.00119158
1.381587302,0.00128952
1.387392290,0.000979068
1.393197279,0.00158079
1.399002268,0.00133395
1.404807256,0.00146134
1.410612245,0.00126438
1.416417234,0.00112214
1.422222222,0.00119214
1.428027211,0.00130304
1.433832200,0.000934379
1.439637188,0.00130227
1.445442177,0.000870338
1.451247166,0.00144687
1.457052154,0.00127615
1.462857143,0.00137355
1.468662132,0.00120966
1.474467120,0.00135232
1.480272109,0.00135023
1.486077098,0.00148041
1.491882086,0.00125371
1.497687075,0.00154505
1.503492063,0.00158296
1.509297052,0.0016045
1.515102041,0.00146058
1.520907029,0.0017485
1.526712018,0.00155972
1.532517007,0.00154585
1.538321995,0.00116481
1.544126984,0.00116118
1.549931973,0.00147633
1.555736961,0.00123038
1.561541950,0.00120614
1.567346939,0.00103753
1.573151927,0.00117149
1.578956916,0.00137239
1.584761905,0.00125134
1.590566893,0.00161729
1.596371882,0.00138196
1.602176871,0.00141575
1.607981859,0.00133121
1.613786848,0.00119878
1.619591837,0.00121329
1.625396825,0.00120933
1.631201814,0.00147441
1.637006803,0.00124488
1.642811791,0.00152862
1.648616780,0.00118827
1.654421769,0.00120193
1.660226757,0.00107951
1.666031746,0.000896692
1.671836735,0.00115791
1.677641723,0.000837573
1.683446712,0.000938038
1.689251701,0.00111764
1.695056689,0.000843493
1.700861678,0.0010669
1.706666667,0.000922613
1.712471655,0.000912016
1.718276644,0.000897244
1.724081633,0.000822783
1.729886621,0.00101251
1.735691610,0.00069813
1.741496599,0.00136275
1.747301587,0.00119083
1.753106576,0.00133152
1.758911565,0.00109346
1.764716553,0.00110282
1.770521542,0.00119744
1.776326531,0.00123739
1.782131519,0.00153894
1.787936508,0.00110968
1.793741497,0.00159527
1.799546485,0.00121906
1.805351474,0.00100104
1.811156463,0.00110086
1.816961451,0.000996227
1.822766440,0.000858897
1.828571429,0.000762758
1.834376417,0.000785149
1.840181406,0.000833002
1.845986395,0.00097675
1.851791383,0.00126691
1.857596372,0.000777409
1.863401361,0.00111694
1.869206349,0.000761808
1.875011338,0.000931122
1.880816327,0.000832102
1.886621315,0.000898177
1.892426304,0.000850972
1.898231293,0.00116902
1.904036281,0.00122372
1.909841270,0.0012899
1.915646259,0.00119203
1.921451247,0.000846312
1.927256236,0.00095192
1.933061224,0.000798638
1.938866213,0.001068
1.944671202,0.000940051
1.950476190,0.000941757
1.956281179,0.00105286
1.962086168,0.000866727
1.967891156,0.000998297
1.973696145,0.00100907
1.979501134,0.00100624
1.985306122,0.000840233
1.991111111,0.000772034
1.996916100,0.00060944
2.002721088,0.000632658
2.008526077,0.000668809
2.014331066,0.00117167
2.020136054,0.00141731
2.025941043,0.00216037
2.031746032,0.00115581
2.037551020,0.00109454
2.043356009,0.00096066
2.049160998,0.00101628
2.054965986,0.000936395
2.060770975,0.000685092
2.066575964,0.000982767
2.072380952,0.000720412
2.078185941,0.000951748
2.083990930,0.00125412
2.089795918,0.0013146
2.095600907,0.00144668
2.101405896,0.00218161
2.107210884,0.00419832
2.113015873,0.0198501
2.118820862,0.0390257
2.124625850,0.0400808
2.130430839,0.0370719
2.136235828,0.0439227
2.142040816,0.0506758
2.147845805,0.0463199
2.153650794,0.0446373
2.159455782,0.0343481
2.165260771,0.0535805
2.171065760,0.0345608
2.176870748,0.0368732
2.182675737,0.0261082
2.188480726,0.0236631
2.194285714,0.0346131
2.200090703,0.0367895
2.205895692,0.0372564
2.211700680,0.033329
2.217505669,0.0443722
2.223310658,0.0374476
2.229115646,0.0448364
2.234920635,0.0406383
2.240725624,0.0315474
2.246530612,0.046094
2.252335601,0.041699
2.258140590,0.0398
2.263945578,0.0364721
2.269750567,0.0427781
2.275555556,0.0441685
2.281360544,0.0391542
2.287165533,0.0361329
2.292970522,0.0314087
2.298775510,0.0259589
2.304580499,0.0306567
2.310385488,0.0373499
2.316190476,0.0205258
2.321995465,0.0326918
2.327800454,0.0122748
2.333605442,0.0194846
2.339410431,0.0131964
2.345215420,0.0109482
2.351020408,0.0120843
2.356825397,0.00691994
2.362630385,0.0112441
2.368435374,0.00809092
2.374240363,0.00845399
2.380045351,0.00797045
2.385850340,0.00736755
2.391655329,0.00591208
2.397460317,0.00474731
2.403265306,0.00656917
2.409070295,0.0044955
2.414875283,0.00569571
2.420680272,0.00449729
2.426485261,0.00328792
2.432290249,0.0019617
2.438095238,0.00207775
2.443900227,0.00151282
2.449705215,0.00220828
2.455510204,0.00122449
2.461315193,0.00152252
2.467120181,0.00106413
2.472925170,0.0013978
2.478730159,0.0012154
2.484535147,0.00116069
2.490340136,0.000750021
2.496145125,0.00096538
2.501950113,0.000728966
2.507755102,0.000950716
2.513560091,0.00102102
2.519365079,0.000932259
2.525170068,0.00104395
2.530975057,0.000865054
2.536780045,0.000919049
2.542585034,0.000951599
2.548390023,0.000767372
2.554195011,0.000900184
2.560000000,0.000943185
2.565804989,0.00113023
2.571609977,0.00129794
2.577414966,0.00176049
2.583219955,0.000964864
2.589024943,0.00105259
2.594829932,0.00122822
2.600634921,0.00140346
2.606439909,0.000990464
2.612244898,0.00110803
2.618049887,0.00111725
2.623854875,0.000831411
2.629659864,0.00103968
2.635464853,0.00112057
2.641269841,0.00123424
2.647074830,0.0012406
2.652879819,0.00107705
2.658684807,0.00129891
2.664489796,0.000983574
2.670294785,0.00122947
2.676099773,0.000615293
2.681904762,0.000890217
2.687709751,0.000847466
2.693514739,0.000940247
2.699319728,0.000869064
2.705124717,0.000725792
2.710929705,0.000830913
2.716734694,0.000940484
2.722539683,0.000917233
2.728344671,0.00127688
2.734149660,0.00135904
2.739954649,0.00130468
2.745759637,0.00161063
2.751564626,0.00106204
2.757369615,0.00115918
2.763174603,0.00102634
2.768979592,0.00113059
2.774784580,0.0011528
2.780589569,0.0011754
2.786394558,0.00141411
2.792199546,0.00101911
2.798004535,0.000873527
2.803809524,0.000733204
2.809614512,0.000709489
2.815419501,0.000663271
2.821224490,0.000641094
2.827029478,0.000746283
2.832834467,0.000897414
2.838639456,0.00118355
2.844444444,0.00111477
2.850249433,0.00250223
2.856054422,0.00182316
2.861859410,0.00133933
2.867664399,0.0014235
2.873469388,0.00125609
2.879274376,0.00108201
2.885079365,0.00187492
2.890884354,0.00122538
2.896689342,0.00296604
2.902494331,0.00294925
2.908299320,0.00180649
2.914104308,0.002312
2.919909297,0.00190931
2.925714286,0.00183758
2.931519274,0.00180331
2.937324263,0.00188047
2.943129252,0.00175785
2.948934240,0.00154086
2.954739229,0.00210898
2.960544218,0.00191359
2.966349206,0.00189019
2.972154195,0.00178548
2.977959184,0.00198307
2.983764172,0.00180456
2.989569161,0.00171918
2.995374150,0.00199427
3.001179138,0.00167645
3.006984127,0.00183453
3.012789116,0.00167467
3.018594104,0.00135308
3.024399093,0.00117341
3.030204082,0.00116358
3.036009070,0.001542
3.041814059,0.00101766
3.047619048,0.00107356
3.053424036,0.00131939
3.059229025,0.00130027
3.065034014,0.00153605
3.070839002,0.00129755
3.076643991,0.00117801
3.082448980,0.0012411
3.088253968,0.000976756
3.094058957,0.000974345
3.099863946,0.00117356
3.105668934,0.00141052
3.111473923,0.00126335
3.117278912,0.00145008
3.123083900,0.00132991
3.128888889,0.0012556
3.134693878,0.00107833
3.140498866,0.000951803
3.146303855,0.000943227
3.152108844,0.00121511
3.157913832,0.00102832
3.163718821,0.00103206
3.169523810,0.00112084
3.175328798,0.00133374
3.181133787,0.00109633
3.186938776,0.0010487
3.192743764,0.00114782
3.198548753,0.000921964
3.204353741,0.00098381
3.210158730,0.00124598
3.215963719,0.00107834
3.221768707,0.000959453
3.227573696,0.00122497
3.233378685,0.00111519
3.239183673,0.0011318
3.244988662,0.001398
3.250793651,0.0013425
3.256598639,0.00118216
3.262403628,0.00180076
3.268208617,0.00120802
3.274013605,0.00114397
3.279818594,0.000882044
3.285623583,0.000964369
3.291428571,0.000937525
3.297233560,0.000959289
3.303038549,0.00107834
3.308843537,0.0010078
3.314648526,0.00114527
3.320453515,0.000958098
3.326258503,0.000879172
3.332063492,0.0008423
3.337868481,0.000822285
3.343673469,0.00102331
3.349478458,0.000856838
3.355283447,0.00103217
3.361088435,0.000835696
3.366893424,0.00100935
3.372698413,0.00110454
3.378503401,0.00119164
3.384308390,0.00163159
3.390113379,0.00129753
3.395918367,0.00144244
3.401723356,0.00107464
3.407528345,0.00114273
3.413333333,0.00159727
3.419138322,0.00143081
3.424943311,0.00125899
3.430748299,0.00122227
3.436553288,0.00106039
3.442358277,0.000943031
3.448163265,0.00106818
3.453968254,0.00102835
3.459773243,0.00121923
3.465578231,0.000940378
3.471383220,0.00105981
3.477188209,0.000881272
3.482993197,0.00111682
3.488798186,0.00115579
3.494603175,0.0010316
3.500408163,0.00093568
3.506213152,0.000955951
3.512018141,0.000818269
3.517823129,0.000852374
3.523628118,0.000936511
3.529433107,0.0010969
3.535238095,0.00108158
3.541043084,0.000958727
3.546848073,0.000933017
3.552653061,0.00106284
3.558458050,0.000913371
3.564263039,0.00118161
3.570068027,0.00103413
3.575873016,0.000913872
3.581678005,0.000982033
3.587482993,0.0010112
3.593287982,0.00091919
3.599092971,0.00134218
3.604897959,0.000952239
3.610702948,0.000907604
3.616507937,0.00128599
3.622312925,0.00123249
3.628117914,0.00120223
3.633922902,0.00150225
3.639727891,0.00167736
3.645532880,0.00229247
3.651337868,0.00141346
3.657142857,0.00128672
3.662947846,0.00126063
3.668752834,0.00128444
3.674557823,0.00121548
3.680362812,0.00081747
3.686167800,0.00112985
3.691972789,0.000875242
3.697777778,0.0011532
3.703582766,0.00117874
3.709387755,0.00136529
3.715192744,0.00133091
3.720997732,0.00110604
3.726802721,0.00129912
3.732607710,0.00176365
3.738412698,0.00146367
3.744217687,0.00169028
3.750022676,0.00191716
3.755827664,0.0019379
3.761632653,0.00197114
3.767437642,0.00242945
3.773242630,0.00186419
3.779047619,0.00217247
3.784852608,0.00137329
3.790657596,0.000867842
3.796462585,0.000933355
3.802267574,0.00103801
3.808072562,0.000914523
3.813877551,0.000800767
3.819682540,0.00102529
3.825487528,0.000812825
3.831292517,0.00128649
3.837097506,0.00084875
3.842902494,0.00104393
3.848707483,0.000814316
3.854512472,0.00114571
3.860317460,0.00121328
3.866122449,0.000905755
3.871927438,0.00127037
3.877732426,0.0011679
3.883537415,0.00137058
3.889342404,0.00134028
3.895147392,0.00141189
3.900952381,0.00104998
3.906757370,0.00126214
3.912562358,0.000978775
3.918367347,0.00143839
3.924172336,0.00104636
3.929977324,0.00132251
3.935782313,0.00138622
3.941587302,0.00105044
3.947392290,0.000869427
3.953197279,0.00104109
3.959002268,0.000910027
3.964807256,0.00130919
3.970612245,0.00107759
3.976417234,0.00144325
3.982222222,0.000947302
3.988027211,0.00117161
3.993832200,0.000897106
3.999637188,0.00089101
4.005442177,0.00101095
4.011247166,0.00146759
4.017052154,0.00138165
4.022857143,0.00169731
4.028662132,0.00186768
4.034467120,0.00151107
4.040272109,0.00134985
4.046077098,0.00115288
4.051882086,0.000896549
4.057687075,0.00100528
4.063492063,0.00076474
4.069297052,0.000892446
4.075102041,0.00119424
4.080907029,0.000887156
4.086712018,0.00132617
4.092517007,0.00126016
4.098321995,0.00115552
4.104126984,0.00101781
4.109931973,0.000915674
4.115736961,0.00107779
4.121541950,0.000904331
4.127346939,0.00127992
4.133151927,0.00106925
4.138956916,0.000968181
4.144761905,0.000913642
4.150566893,0.000976852
4.156371882,0.001281
4.162176871,0.000954225
4.167981859,0.00114028
4.173786848,0.0012271
4.179591837,0.000954434
4.185396825,0.00137535
4.191201814,0.00101672
4.197006803,0.00117261
4.202811791,0.000832351
4.208616780,0.000992585
4.214421769,0.00109167
4.220226757,0.00112797
4.226031746,0.00130791
4.231836735,0.00109051
4.237641723,0.00116423
4.243446712,0.00120397
4.249251701,0.00123774
4.255056689,0.0012878
4.260861678,0.000780349
4.266666667,0.000820295
4.272471655,0.000691713
4.278276644,0.000784065
4.284081633,0.00096267
4.289886621,0.00107948
4.295691610,0.00100727
4.301496599,0.00119434
4.307301587,0.00135941
4.313106576,0.00147335
4.318911565,0.00127714
4.324716553,0.00115346
4.330521542,0.000994019
4.336326531,0.00132009
4.342131519,0.000917035
4.347936508,0.00121386
4.353741497,0.000984424
4.359546485,0.000980122
4.365351474,0.000843412
4.371156463,0.000847159
4.376961451,0.00122921
4.382766440,0.00129634
4.388571429,0.00252138
4.394376417,0.00185401
4.400181406,0.00153193
4.405986395,0.00169277
4.411791383,0.00158999
4.417596372,0.001437
4.423401361,0.00146646
4.429206349,0.000877932
4.435011338,0.00103012
4.440816327,0.000861728
4.446621315,0.00100913
4.452426304,0.00109234
4.458231293,0.00138266
4.464036281,0.00173968
4.469841270,0.00150133
4.475646259,0.00185438
4.481451247,0.00143401
4.487256236,0.00111264
4.493061224,0.0010516
4.498866213,0.00111525
4.504671202,0.00135968
4.510476190,0.00129453
4.516281179,0.00149299
4.522086168,0.00141637
4.527891156,0.0016101
4.533696145,0.00140226
4.539501134,0.00189248
4.545306122,0.00821633
4.551111111,0.0225461
4.556916100,0.119711
4.562721088,0.111836
4.568526077,0.0891279
4.574331066,0.113853
4.580136054,0.121443
4.585941043,0.123189
4.591746032,0.108342
4.597551020,0.103553
4.603356009,0.117384
4.609160998,0.132145
4.614965986,0.117399
4.620770975,0.111687
4.626575964,0.091075
4.632380952,0.0857141
4.638185941,0.0617753
4.643990930,0.0433398
4.649795918,0.0347725
4.655600907,0.0297401
4.661405896,0.0256134
4.667210884,0.0224069
4.673015873,0.0182087
4.678820862,0.0175222
4.684625850,0.0136261
4.690430839,0.0155089
4.696235828,0.0151488
4.702040816,0.0156434
4.707845805,0.0146696
4.713650794,0.0112626
4.719455782,0.01216
4.725260771,0.0126484
4.731065760,0.0118067
4.736870748,0.0111529
4.742675737,0.0130549
4.748480726,0.0150782
4.754285714,0.023533
4.760090703,0.0692179
4.765895692,0.127942
4.771700680,0.160996
4.777505669,0.169702
4.783310658,0.186422
4.789115646,0.174876
4.794920635,0.183702
4.800725624,0.158888
4.806530612,0.170908
4.812335601,0.154832
4.818140590,0.143982
4.823945578,0.132785
4.829750567,0.100672
4.835555556,0.0807051
4.841360544,0.0730585
4.847165533,0.0723098
4.852970522,0.0691326
4.858775510,0.0616345
4.864580499,0.0547783
4.870385488,0.0496892
4.876190476,0.0416681
4.881995465,0.0322601
4.887800454,0.0236922
4.893605442,0.0191146
4.899410431,0.0171433
4.905215420,0.0138784
4.911020408,0.00937616
4.916825397,0.00847857
4.922630385,0.0084256
4.928435374,0.00741656
4.934240363,0.00584331
4.940045351,0.00761907
4.945850340,0.00626164
4.951655329,0.0109709
4.957460317,0.0127025
4.963265306,0.0287868
4.969070295,0.0674392
4.974875283,0.145699
4.980680272,0.177588
4.986485261,0.187088
4.992290249,0.179176
4.998095238,0.174387
5.003900227,0.148039
5.009705215,0.151863
5.015510204,0.133932
5.021315193,0.112367
5.027120181,0.106565
5.032925170,0.0914078
5.038730159,0.0610124
5.044535147,0.0587321
5.050340136,0.0494729
5.056145125,0.0246073
5.061950113,0.0400347
5.067755102,0.0154441
5.073560091,0.0224122
5.079365079,0.015051
5.085170068,0.0161943
5.090975057,0.0103368
5.096780045,0.0111223
5.102585034,0.00787062
5.108390023,0.00770166
5.114195011,0.00946252
5.120000000,0.00597098
5.125804989,0.0146453
5.131609977,0.0151482
5.137414966,0.0194378
5.143219955,0.0139653
5.149024943,0.0250416
5.154829932,0.0222766
5.160634921,0.0196818
5.166439909,0.0278799
5.172244898,0.0244294
5.178049887,0.0183598
5.183854875,0.0254652
5.189659864,0.0202505
5.195464853,0.0188478
5.201269841,0.0253076
5.207074830,0.0267499
5.212879819,0.0217246
5.218684807,0.0320843
5.224489796,0.0410555
5.230294785,0.0473573
5.236099773,0.0569921
5.241904762,0.076737
5.247709751,0.0922746
5.253514739,0.0940922
5.259319728,0.0969292
5.265124717,0.0984772
5.270929705,0.10143
5.276734694,0.0964686
5.282539683,0.0966224
5.288344671,0.095999
5.294149660,0.0907715
5.299954649,0.0872495
5.305759637,0.0873731
5.311564626,0.0914491
5.317369615,0.0920978
5.323174603,0.086846
5.328979592,0.0858351
5.334784580,0.0842429
5.340589569,0.0934762
5.346394558,0.0902002
5.352199546,0.0907969
5.358004535,0.0869394
5.363809524,0.0880917
5.369614512,0.0855988
5.375419501,0.0947753
5.381224490,0.0939308
5.387029478,0.0917098
5.392834467,0.0898736
5.398639456,0.0900015
5.404444444,0.0941718
5.410249433,0.0934649
5.416054422,0.0834377
5.421859410,0.0857688
5.427664399,0.0947838
5.433469388,0.0914563
5.439274376,0.0878079
5.445079365,0.086438
5.450884354,0.0884011
5.456689342,0.0812472
5.462494331,0.0824917
5.468299320,0.0728942
5.474104308,0.0756045
5.479909297,0.0735273
5.485714286,0.0722174
5.491519274,0.0802534
5.497324263,0.081854
5.503129252,0.0798215
5.508934240,0.0718374
5.514739229,0.0617759
5.520544218,0.0516152
5.526349206,0.048453
5.532154195,0.0331754
5.537959184,0.0264277
5.543764172,0.0289013
5.549569161,0.0235588
5.555374150,0.0221633
5.561179138,0.0268554
5.566984127,0.0223841
5.572789116,0.0220017
5.578594104,0.0218839
5.584399093,0.0177501
5.590204082,0.0158402
5.596009070,0.0147117
5.601814059,0.0111039
5.607619048,0.0127636
5.613424036,0.00829875
5.619229025,0.00910811
5.625034014,0.00533281
5.630839002,0.00466674
5.636643991,0.00364816
5.642448980,0.00280375
5.648253968,0.00430736
5.654058957,0.00947181
5.659863946,0.0138532
5.665668934,0.0459692
5.671473923,0.0566288
5.677278912,0.0582696
5.683083900,0.0545546
5.688888889,0.0535229
5.694693878,0.0552077
5.700498866,0.0607057
5.706303855,0.0549177
5.712108844,0.061472
5.717913832,0.0602952
5.723718821,0.0630293
5.729523810,0.0587232
5.735328798,0.0664065
5.741133787,0.0628253
5.746938776,0.0657326
5.752743764,0.0649178
5.758548753,0.0639875
5.764353741,0.0614257
5.770158730,0.0615056
5.775963719,0.0680543
5.781768707,0.0708712
5.787573696,0.0758477
5.793378685,0.0743684
5.799183673,0.0741641
5.804988662,0.0704044
5.810793651,0.0714326
5.816598639,0.0677305
5.822403628,0.0686617
5.828208617,0.0711332
5.834013605,0.0725774
5.839818594,0.0730414
5.845623583,0.0732592
5.851428571,0.0693278
5.857233560,0.0737173
5.863038549,0.0721297
5.868843537,0.0709542
5.874648526,0.0722286
5.880453515,0.077896
5.886258503,0.0775223
5.892063492,0.0794731
5.897868481,0.077156
5.903673469,0.0756231
5.909478458,0.077181
5.915283447,0.0759444
5.921088435,0.062905
5.926893424,0.0586512
5.932698413,0.0636435
5.938503401,0.0591095
5.944308390,0.0548692
5.950113379,0.0537136
5.955918367,0.0425275
5.961723356,0.0354086
5.967528345,0.0284493
5.973333333,0.0144788
5.979138322,0.0172639
5.984943311,0.0198034
5.990748299,0.0156445
5.996553288,0.0210452
6.002358277,0.0238874
6.008163265,0.0230795
6.013968254,0.0227599
6.019773243,0.0294491
6.025578231,0.0238757
6.031383220,0.0252826
6.037188209,0.0312386
6.042993197,0.0243002
6.048798186,0.0255795
6.054603175,0.0372511
6.060408163,0.0332536
6.066213152,0.0449489
6.072018141,0.061891
6.077823129,0.074044
6.083628118,0.0839804
6.089433107,0.0797342
6.095238095,0.0808553
6.101043084,0.0785581
6.106848073,0.0859824
6.112653061,0.0681478
6.118458050,0.0509193
6.124263039,0.0515523
6.130068027,0.0612855
6.135873016,0.0730814
6.141678005,0.0726167
6.147482993,0.0824109
6.153287982,0.0840043
6.159092971,0.0918286
6.164897959,0.096445
6.170702948,0.0964529
6.176507937,0.0934915
6.182312925,0.0904543
6.188117914,0.0865423
6.193922902,0.0855576
6.199727891,0.0866273
6.205532880,0.0794827
6.211337868,0.0720462
6.217142857,0.0620349
6.222947846,0.0555742
6.228752834,0.0452374
6.234557823,0.0352978
6.240362812,0.0274329
6.246167800,0.0228367
6.251972789,0.0184355
6.257777778,0.0157026
6.263582766,0.0139222
6.269387755,0.0135122
6.275192744,0.0109338
6.280997732,0.0131811
6.286802721,0.0170896
6.292607710,0.0329971
6.298412698,0.0407835
6.304217687,0.06106
6.310022676,0.0680292
6.315827664,0.0687562
6.321632653,0.077891
6.327437642,0.0695121
6.333242630,0.0653822
6.339047619,0.0626985
6.344852608,0.0682649
6.350657596,0.0732207
6.356462585,0.0611073
6.362267574,0.0631427
6.368072562,0.0672694
6.373877551,0.0492077
6.379682540,0.0316686
6.385487528,0.03376
6.391292517,0.0313249
6.397097506,0.0674388
6.402902494,0.095865
6.408707483,0.0917083
6.414512472,0.114753
6.420317460,0.107866
6.426122449,0.0954555
6.431927438,0.0910912
6.437732426,0.0901951
6.443537415,0.0897812
6.449342404,0.0792861
6.455147392,0.0778436
6.460952381,0.0813543
6.466757370,0.0889978
6.472562358,0.0717134
6.478367347,0.0692908
6.484172336,0.0837912
6.489977324,0.0774734
6.495782313,0.0768023
6.501587302,0.0795107
6.507392290,0.0848685
6.513197279,0.0725353
6.519002268,0.0708335
6.524807256,0.0754523
6.530612245,0.0752452
6.536417234,0.0715115
6.542222222,0.0702271
6.548027211,0.0732772
6.553832200,0.0723643
6.559637188,0.0623262
6.565442177,0.0666833
6.571247166,0.0616574
6.577052154,0.0534106
6.582857143,0.0445401
6.588662132,0.0426633
6.594467120,0.0371615
6.600272109,0.0322729
6.606077098,0.0309759
6.611882086,0.0309862
6.617687075,0.0302435
6.623492063,0.0272888
6.629297052,0.0284544
6.635102041,0.0332829
6.640907029,0.0268232
6.646712018,0.026889
6.652517007,0.0334795
6.658321995,0.0254081
6.664126984,0.0288125
6.669931973,0.0274787
6.675736961,0.0354177
6.681541950,0.0347639
6.687346939,0.0385024
6.693151927,0.0437973
6.698956916,0.0564194
6.704761905,0.0423503
6.710566893,0.0416151
6.716371882,0.0293733
6.722176871,0.0481299
6.727981859,0.029064
6.733786848,0.0361069
6.739591837,0.0255892
6.745396825,0.0305096
6.751201814,0.0275562
6.757006803,0.0256117
6.762811791,0.018054
6.768616780,0.0138416
6.774421769,0.0132447
6.780226757,0.0117855
6.786031746,0.0126706
6.791836735,0.0208078
6.797641723,0.0277205
6.803446712,0.0209069
6.809251701,0.0398306
6.815056689,0.0188658
6.820861678,0.0467669
6.826666667,0.0200462
6.832471655,0.0484443
6.838276644,0.0178779
6.844081633,0.0355492
6.849886621,0.0170542
6.855691610,0.031533
6.861496599,0.0220038
6.867301587,0.0191627
6.873106576,0.0238667
6.878911565,0.0162038
6.884716553,0.0190762
6.890521542,0.0137834
6.896326531,0.0173376
6.902131519,0.0130609
6.907936508,0.0111302
6.913741497,0.0154257
6.919546485,0.0156312
6.925351474,0.0114459
6.931156463,0.0135112
6.936961451,0.0082339
6.942766440,0.0090912
6.948571429,0.013142
6.954376417,0.00678884
6.960181406,0.00863174
6.965986395,0.00878718
6.971791383,0.00836657
6.977596372,0.010985
6.983401361,0.0128126
6.989206349,0.00994996
6.995011338,0.0128298
7.000816327,0.0147766
7.006621315,0.00573089
7.012426304,0.0087702
7.018231293,0.00733815
7.024036281,0.00449635
7.029841270,0.00655203
7.035646259,0.00616239
7.041451247,0.00483454
7.047256236,0.00437498
7.053061224,0.00537041
7.058866213,0.00395053
7.064671202,0.00469035
7.070476190,0.00400641
7.076281179,0.00393769
7.082086168,0.00270342
7.087891156,0.00198107
7.093696145,0.00146254
7.099501134,0.00150886
7.105306122,0.00125835
7.111111111,0.000962641
7.116916100,0.000919087
7.122721088,0.000874732
7.128526077,0.000758473
7.134331066,0.000749836
7.140136054,0.00101713
7.145941043,0.000854797
7.151746032,0.000869029
7.157551020,0.00095459
7.163356009,0.000860868
7.169160998,0.00104185
7.174965986,0.00105446
7.180770975,0.00240092
7.186575964,0.00279132
7.192380952,0.00740947
7.198185941,0.00765314
7.203990930,0.0162376
7.209795918,0.011336
7.215600907,0.0145118
7.221405896,0.0168722
7.227210884,0.0106246
7.233015873,0.012699
7.238820862,0.0171534
7.244625850,0.01331
7.250430839,0.0231861
7.256235828,0.0256272
7.262040816,0.0235977
7.267845805,0.0417391
7.273650794,0.0333083
7.279455782,0.0346501
7.285260771,0.0505788
7.291065760,0.0374056
7.296870748,0.0516903
7.302675737,0.0493944
7.308480726,0.0401485
7.314285714,0.0501754
7.320090703,0.0430371
7.325895692,0.0346554
7.331700680,0.0369002
7.337505669,0.0226462
7.343310658,0.0226016
7.349115646,0.0216826
7.354920635,0.014147
7.360725624,0.013819
7.366530612,0.00905589
7.372335601,0.00715743
7.378140590,0.00553663
7.383945578,0.00494562
7.389750567,0.00464147
7.395555556,0.00333148
7.401360544,0.00205772
7.407165533,0.00300704
7.412970522,0.0053903
7.418775510,0.0140269
7.424580499,0.0268359
7.430385488,0.0356465
7.436190476,0.046314
7.441995465,0.0692727
7.447800454,0.0946771
7.453605442,0.0952899
7.459410431,0.104852
7.465215420,0.100099
7.471020408,0.0927342
7.476825397,0.0905275
7.482630385,0.101735
7.488435374,0.0892681
7.494240363,0.0850361
7.500045351,0.0896073
7.505850340,0.0923207
7.511655329,0.0914433
7.517460317,0.0877493
7.523265306,0.0875895
7.529070295,0.0877275
7.534875283,0.0869033
7.540680272,0.084801
7.546485261,0.0788593
7.552290249,0.0802402
7.558095238,0.0781908
7.563900227,0.0818428
7.569705215,0.0847176
7.575510204,0.0867504
7.581315193,0.0860488
7.587120181,0.084767
7.592925170,0.0774253
7.598730159,0.0742466
7.604535147,0.0694675
7.610340136,0.0624345
7.616145125,0.0604332
7.621950113,0.0560168
7.627755102,0.0452699
7.633560091,0.0411115
7.639365079,0.0393576
7.645170068,0.0519244
7.650975057,0.0364608
7.656780045,0.0515208
7.662585034,0.0443674
7.668390023,0.0401266
7.674195011,0.0372035
7.680000000,0.0329697
7.685804989,0.042172
7.691609977,0.0312348
7.697414966,0.0563557
7.703219955,0.0664234
7.709024943,0.0636503
7.714829932,0.075579
7.720634921,0.0920467
7.726439909,0.0815594
7.732244898,0.0841113
7.738049887,0.0966703
7.743854875,0.0881639
7.749659864,0.0794849
7.755464853,0.10222
7.761269841,0.0921792
7.767074830,0.0812008
7.772879819,0.0854675
7.778684807,0.0902367
7.784489796,0.108592
7.790294785,0.107015
7.796099773,0.0970474
7.801904762,0.0839832
7.807709751,0.0411528
7.813514739,0.0209876
7.819319728,0.0216536
7.825124717,0.0136339
7.830929705,0.0116896
7.836734694,0.00827847
7.842539683,0.00670517
7.848344671,0.0055115
7.854149660,0.00587952
7.859954649,0.00349466
7.865759637,0.00368721
7.871564626,0.00310908
7.877369615,0.00333928
7.883174603,0.0027204
7.888979592,0.00337325
7.894784580,0.0042211
7.900589569,0.00549664
7.906394558,0.0047802
7.912199546,0.0034561
7.918004535,0.00313899
7.923809524,0.00261871
7.929614512,0.00147194
7.935419501,0.00185635
7.941224490,0.00165461
7.947029478,0.00170918
7.952834467,0.00130253
7.958639456,0.00265622
7.964444444,0.00718762
7.970249433,0.0152154
7.976054422,0.025412
7.981859410,0.0289936
7.987664399,0.0302613
7.993469388,0.0416151
7.999274376,0.0481341
8.005079365,0.0460981
8.010884354,0.0446237
8.016689342,0.0481076
8.022494331,0.023385
8.028299320,0.030096
8.034104308,0.0153043
8.039909297,0.0181402
8.045714286,0.0322336
8.051519274,0.0282093
8.057324263,0.0303011
8.063129252,0.0431824
8.068934240,0.0410766
8.074739229,0.0367707
8.080544218,0.0491078
8.086349206,0.0392472
8.092154195,0.0393663
8.097959184,0.0446736
8.103764172,0.0360048
8.109569161,0.0364987
8.115374150,0.043753
8.121179138,0.0336094
8.126984127,0.0361908
8.132789116,0.0420164
8.138594104,0.0329867
8.144399093,0.0344945
8.150204082,0.0428972
8.156009070,0.0315538
8.161814059,0.0340164
8.167619048,0.0379644
8.173424036,0.0223442
8.179229025,0.0249592
8.185034014,0.0181918
8.190839002,0.0139394
8.196643991,0.018387
8.202448980,0.0100129
8.208253968,0.0145538
8.214058957,0.00875919
8.219863946,0.0086392
8.225668934,0.00740339
8.231473923,0.00546847
8.237278912,0.00710443
8.243083900,0.00419485
8.248888889,0.00472312
8.254693878,0.0030576
8.260498866,0.00265494
8.266303855,0.0026278
8.272108844,0.00160843
8.277913832,0.00160205
8.283718821,0.00106366
8.289523810,0.00265323
8.295328798,0.0070326
8.301133787,0.0295621
8.306938776,0.0294158
8.312743764,0.0523321
8.318548753,0.0623036
8.324353741,0.0622186
8.330158730,0.0878853
8.335963719,0.100414
8.341768707,0.0750231
8.347573696,0.093811
8.353378685,0.0874835
8.359183673,0.0687399
8.364988662,0.0765181
8.370793651,0.0800789
8.376598639,0.0728543
8.382403628,0.0729028
8.388208617,0.0909764
8.394013605,0.0885661
8.399818594,0.0804875
8.405623583,0.0849671
8.411428571,0.0903933
8.417233560,0.0732223
8.423038549,0.0718629
8.428843537,0.0725789
8.434648526,0.0640925
8.440453515,0.0498509
8.446258503,0.0508689
8.452063492,0.0415215
8.457868481,0.0206707
8.463673469,0.0110881
8.469478458,0.00834733
8.475283447,0.00497519
8.481088435,0.00326821
8.486893424,0.00367451
8.492698413,0.00322934
8.498503401,0.00321719
8.504308390,0.00242337
8.510113379,0.00220314
8.515918367,0.00229061
8.521723356,0.0021243
8.527528345,0.0017975
8.533333333,0.00187038
8.539138322,0.00174044
8.544943311,0.00158525
8.550748299,0.00159819
8.556553288,0.00338695
8.562358277,0.0106919
8.568163265,0.0278524
8.573968254,0.0297483
8.579773243,0.0468249
8.585578231,0.0436984
8.591383220,0.0462098
8.597188209,0.0570131
8.602993197,0.0460481
8.608798186,0.0442227
8.614603175,0.0552931
8.620408163,0.0409419
8.626213152,0.0434473
8.632018141,0.0517732
8.637823129,0.0337421
8.643628118,0.0391229
8.649433107,0.0416891
8.655238095,0.0314967
8.661043084,0.0328451
8.666848073,0.0429809
8.672653061,0.0352669
8.678458050,0.0360133
8.684263039,0.0480947
8.690068027,0.0466034
8.695873016,0.0463771
8.701678005,0.0543566
8.707482993,0.0542062
8.713287982,0.0464149
8.719092971,0.0482565
8.724897959,0.0542138
8.730702948,0.0456253
8.736507937,0.0428568
8.742312925,0.0411995
8.748117914,0.0335182
8.753922902,0.0348362
8.759727891,0.0449026
8.765532880,0.0380414
8.771337868,0.0399043
8.777142857,0.0483876
8.782947846,0.041675
8.788752834,0.0402107
8.794557823,0.0465273
8.800362812,0.0456527
8.806167800,0.0406345
8.811972789,0.0456831
8.817777778,0.0511196
8.823582766,0.0457631
8.829387755,0.0406599
8.835192744,0.0473929
8.840997732,0.0272935
8.846802721,0.0268654
8.852607710,0.0233825
8.858412698,0.013098
8.864217687,0.0108405
8.870022676,0.00714527
8.875827664,0.00339754
8.881632653,0.00265251
8.887437642,0.00138173
8.893242630,0.00155098
8.899047619,0.00124062
8.904852608,0.00140342
8.910657596,0.00172188
8.916462585,0.00283265
8.922267574,0.00563633
8.928072562,0.0127995
8.933877551,0.0159349
8.939682540,0.0128558
8.945487528,0.0187764
8.951292517,0.0110347
8.957097506,0.019922
8.962902494,0.0105343
8.968707483,0.0111907
8.974512472,0.0135256
8.980317460,0.0130564
8.986122449,0.0169316
8.991927438,0.0162307
8.997732426,0.0155562
9.003537415,0.0168002
9.009342404,0.0133429
9.015147392,0.0129395
9.020952381,0.0113776
9.026757370,0.0124895
9.032562358,0.00915664
9.038367347,0.0106533
9.044172336,0.0280564
9.049977324,0.0329728
9.055782313,0.0506159
9.061587302,0.0553256
9.067392290,0.0428756
9.073197279,0.0471295
9.079002268,0.0551355
9.084807256,0.0398694
9.090612245,0.0433547
9.096417234,0.0527222
9.102222222,0.043863
9.108027211,0.0413837
9.113832200,0.0571377
9.119637188,0.0509173
9.125442177,0.0435912
9.131247166,0.0539192
9.137052154,0.0546302
9.142857143,0.0476866
9.148662132,0.0557014
9.154467120,0.0542792
9.160272109,0.0453022
9.166077098,0.041875
9.171882086,0.0513707
9.177687075,0.0418078
9.183492063,0.0460733
9.189297052,0.0555081
9.195102041,0.051841
9.200907029,0.0522255
9.206712018,0.0626087
9.212517007,0.0595432
9.218321995,0.0536988
9.224126984,0.0654965
9.229931973,0.0724849
9.235736961,0.0623622
9.241541950,0.0691341
9.247346939,0.0755416
9.253151927,0.067371
9.258956916,0.0633599
9.264761905,0.0729064
9.270566893,0.0742484
9.276371882,0.0556781
9.282176871,0.0633539
9.287981859,0.0637348
9.293786848,0.066732
9.299591837,0.0618831
9.305396825,0.070725
9.311201814,0.0666284
9.317006803,0.0560561
9.322811791,0.0582425
9.328616780,0.0593484
9.334421769,0.0602491
9.340226757,0.052725
9.346031746,0.0616027
9.351836735,0.0621413
9.357641723,0.0468005
9.363446712,0.0471823
9.369251701,0.0565139
9.375056689,0.0300551
9.380861678,0.0307723
9.386666667,0.01381
9.392471655,0.0111335
9.398276644,0.00795403
9.404081633,0.00535781
9.409886621,0.00499649
9.415691610,0.00348355
9.421496599,0.00289241
9.427301587,0.00209514
9.433106576,0.00219506
9.438911565,0.00166931
9.444716553,0.00159197
9.450521542,0.00180241
9.456326531,0.00118306
9.462131519,0.00124685
9.467936508,0.00115269
9.473741497,0.0013059
9.479546485,0.00120944
9.485351474,0.00121402
9.491156463,0.00109704
9.496961451,0.000947306
9.502766440,0.000975158
9.508571429,0.00190967
9.514376417,0.00442762
9.520181406,0.0139885
9.525986395,0.0367463
9.531791383,0.0473514
9.537596372,0.0406373
9.543401361,0.0570988
9.549206349,0.0572798
9.555011338,0.04647
9.560816327,0.0526772
9.566621315,0.0662718
9.572426304,0.0477264
9.578231293,0.0533114
9.584036281,0.0593973
9.589841270,0.0504385
9.595646259,0.0502162
9.601451247,0.0486234
9.607256236,0.0222999
9.613061224,0.0230426
9.618866213,0.0138196
9.624671202,0.0142321
9.630476190,0.0250661
9.636281179,0.0255933
9.642086168,0.0347941
9.647891156,0.0479197
9.653696145,0.0352761
9.659501134,0.0430928
9.665306122,0.0507398
9.671111111,0.0361559
9.676916100,0.0467547
9.682721088,0.0440014
9.688526077,0.0333313
9.694331066,0.0427518
9.700136054,0.0385957
9.705941043,0.0322849
9.711746032,0.041734
9.717551020,0.0390143
9.723356009,0.0350393
9.729160998,0.042388
9.734965986,0.0418512
9.740770975,0.0363229
9.746575964,0.0423824
9.752380952,0.0439599
9.758185941,0.0351974
9.763990930,0.0445685
9.769795918,0.0396584
9.775600907,0.0325709
9.781405896,0.0380805
9.787210884,0.0258694
9.793015873,0.0202939
9.798820862,0.0249515
9.804625850,0.0125538
9.810430839,0.0181944
9.816235828,0.00933825
9.822040816,0.00910621
9.827845805,0.00854355
9.833650794,0.00968048
9.839455782,0.023745
9.845260771,0.032913
9.851065760,0.0369652
9.856870748,0.0555058
9.862675737,0.0619379
9.868480726,0.0537277
9.874285714,0.0825297
9.880090703,0.0695472
9.885895692,0.0612274
9.891700680,0.0820171
9.897505669,0.0684578
9.903310658,0.0665989
9.909115646,0.080732
9.914920635,0.0693655
9.920725624,0.0623399
9.926530612,0.06716
9.932335601,0.0526549
9.938140590,0.0352385
9.943945578,0.0447305
9.949750567,0.0185314
9.955555556,0.023127
9.961360544,0.00872986
9.967165533,0.00729758
9.972970522,0.0053953
9.978775510,0.00384761
9.984580499,0.00246593
9.990385488,0.00225999
9.996190476,0.00203131
10.001995465,0.00176117
10.007800454,0.00378769
10.013605442,0.00577801
10.019410431,0.00991807
10.025215420,0.0153524
10.031020408,0.0139562
10.036825397,0.0324717
10.042630385,0.0324521
10.048435374,0.0396213
10.054240363,0.0460291
10.060045351,0.0417452
10.065850340,0.0381606
10.071655329,0.0468456
10.077460317,0.0345458
10.083265306,0.0339553
10.089070295,0.0426427
10.094875283,0.0293645
10.100680272,0.0401096
10.106485261,0.0410485
10.112290249,0.0312317
10.118095238,0.0417175
10.123900227,0.0397395
10.129705215,0.0324077
10.135510204,0.0403005
10.141315193,0.0455075
10.147120181,0.0368564
10.152925170,0.0514642
10.158730159,0.0525125
10.164535147,0.04341
10.170340136,0.0548626
10.176145125,0.0511737
10.181950113,0.0378017
10.187755102,0.0492485
10.193560091,0.0390855
10.199365079,0.0299671
10.205170068,0.0438901
10.210975057,0.0397056
10.216780045,0.0358627
10.222585034,0.0511776
10.228390023,0.040237
10.234195011,0.0393727
10.240000000,0.054285
10.245804989,0.040677
10.251609977,0.0413512
10.257414966,0.0495751
10.263219955,0.0317281
10.269024943,0.04039
10.274829932,0.0428888
10.280634921,0.0306932
10.286439909,0.0415514
10.292244898,0.0340487
10.298049887,0.0323861
10.303854875,0.0340379
10.309659864,0.0296977
10.315464853,0.0295071
10.321269841,0.0322631
10.327074830,0.0259746
10.332879819,0.0286532
10.338684807,0.0314526
10.344489796,0.025652
10.350294785,0.0308852
10.356099773,0.0315007
10.361904762,0.0282643
10.367709751,0.0337782
10.373514739,0.0307182
10.379319728,0.0343906
10.385124717,0.0351132
10.390929705,0.0327447
10.396734694,0.0376021
10.402539683,0.0353704
10.408344671,0.0285043
10.414149660,0.0403616
10.419954649,0.0357586
10.425759637,0.0301969
10.431564626,0.049095
10.437369615,0.0400083
10.443174603,0.0363412
10.448979592,0.0548653
10.454784580,0.0474237
10.460589569,0.0461002
10.466394558,0.0553127
10.472199546,0.0534728
10.478004535,0.0495923
10.483809524,0.0555197
10.489614512,0.0504673
10.495419501,0.0478484
10.501224490,0.0562898
10.507029478,0.050291
10.512834467,0.0423551
10.518639456,0.0549308
10.524444444,0.0454651
10.530249433,0.0383486
10.536054422,0.045089
10.541859410,0.0353804
10.547664399,0.0266335
10.553469388,0.0280818
10.559274376,0.024923
10.565079365,0.0225576
10.570884354,0.0301474
10.576689342,0.0290588
10.582494331,0.0236653
10.588299320,0.0277789
10.594104308,0.0334538
10.599909297,0.0248234
10.605714286,0.0292129
10.611519274,0.0312859
10.617324263,0.0428394
10.623129252,0.0481588
10.628934240,0.0594107
10.634739229,0.0653547
10.640544218,0.0553418
10.646349206,0.0567371
10.652154195,0.0619307
10.657959184,0.0599009
10.663764172,0.0541883
10.669569161,0.0569443
10.675374150,0.0604602
10.681179138,0.057635
10.686984127,0.0545699
10.692789116,0.0621215
10.698594104,0.0641283
10.704399093,0.062609
10.710204082,0.0603671
10.716009070,0.068576
10.721814059,0.0654751
10.727619048,0.0609666
10.733424036,0.0638237
10.739229025,0.0675029
10.745034014,0.0659039
10.750839002,0.0634069
10.756643991,0.0699356
10.762448980,0.0683905
10.768253968,0.0695225
10.774058957,0.0623575
10.779863946,0.0787898
10.785668934,0.0752448
10.791473923,0.0582785
10.797278912,0.0643506
10.803083900,0.0548621
10.808888889,0.0349363
10.814693878,0.0303381
10.820498866,0.0254277
10.826303855,0.0185499
10.832108844,0.0180632
10.837913832,0.0156752
10.843718821,0.0140857
10.849523810,0.0139227
10.855328798,0.0109948
10.861133787,0.0100907
10.866938776,0.0098506
10.872743764,0.00837892
10.878548753,0.00817757
10.884353741,0.00902254
10.890158730,0.0116703
10.895963719,0.0176735
10.901768707,0.0160033
10.907573696,0.0292424
10.913378685,0.0344511
10.919183673,0.0291351
10.924988662,0.0540111
10.930793651,0.0331877
10.936598639,0.0398204
10.942403628,0.0503827
10.948208617,0.0362086
10.954013605,0.0491289
10.959818594,0.0532724
10.965623583,0.0477039
10.971428571,0.0665453
10.977233560,0.0617928
10.983038549,0.0531069
10.988843537,0.0706846
10.994648526,0.0534985
11.000453515,0.051925
11.006258503,0.0702944
11.012063492,0.0497915
11.017868481,0.0546236
11.023673469,0.0595766
11.029478458,0.0380424
11.035283447,0.0420925
11.041088435,0.0337193
11.046893424,0.0186464
11.052698413,0.0187677
11.058503401,0.00697723
11.064308390,0.010559
11.070113379,0.00460735
11.075918367,0.00524886
11.081723356,0.00369738
11.087528345,0.00438871
11.093333333,0.00815312
11.099138322,0.0209098
11.104943311,0.0146577
11.110748299,0.020608
11.116553288,0.0420802
11.122358277,0.0471413
11.128163265,0.0531249
11.133968254,0.082204
11.139773243,0.0503049
11.145578231,0.0536532
11.151383220,0.0425554
11.157188209,0.0211357
11.162993197,0.023182
11.168798186,0.00987952
11.174603175,0.00650591
11.180408163,0.0038009
11.186213152,0.00418532
11.192018141,0.00417033
11.197823129,0.00475986
11.203628118,0.0035945
11.209433107,0.00337674
11.215238095,0.0046991
11.221043084,0.008596
11.226848073,0.00901394
11.232653061,0.00735564
11.238458050,0.00831202
11.244263039,0.0195126
11.250068027,0.0178228
11.255873016,0.0346542
11.261678005,0.0301398
11.267482993,0.0463695
11.273287982,0.0492679
11.279092971,0.0407164
11.284897959,0.0553891
11.290702948,0.0497487
11.296507937,0.0431902
11.302312925,0.057472
11.308117914,0.0463002
11.313922902,0.0397603
11.319727891,0.054844
11.325532880,0.0340513
11.331337868,0.0354917
11.337142857,0.0538716
11.342947846,0.0337518
11.348752834,0.0498047
11.354557823,0.0498048
11.360362812,0.0377027
11.366167800,0.0470379
11.371972789,0.0521406
11.377777778,0.0387112
11.383582766,0.0477251
11.389387755,0.0471422
11.395192744,0.0382099
11.400997732,0.0510477
11.406802721,0.0457135
11.412607710,0.0385084
11.418412698,0.0511257
11.424217687,0.0481325
11.430022676,0.0420497
11.435827664,0.0512518
11.441632653,0.0451887
11.447437642,0.0386532
11.453242630,0.0539406
11.459047619,0.0390436
11.464852608,0.0421515
11.470657596,0.0491862
11.476462585,0.0328419
11.482267574,0.0416624
11.488072562,0.0423192
11.493877551,0.0325894
11.499682540,0.0392185
11.505487528,0.0330817
11.511292517,0.0275738
11.517097506,0.0357787
11.522902494,0.0194845
11.528707483,0.0298685
11.534512472,0.0205618
11.540317460,0.0303543
11.546122449,0.0320816
11.551927438,0.0396263
11.557732426,0.0426755
11.563537415,0.0417002
11.569342404,0.0371913
11.575147392,0.0350947
11.580952381,0.0290499
11.586757370,0.0274887
11.592562358,0.0272369
11.598367347,0.0210051
11.604172336,0.0194475
11.609977324,0.0125895
11.615782313,0.0140021
11.621587302,0.0141509
11.627392290,0.0203719
11.633197279,0.0296336
11.639002268,0.0331728
11.644807256,0.0453827
11.650612245,0.0726779
11.656417234,0.0440606
11.662222222,0.0818683
11.668027211,0.0587715
11.673832200,0.0448434
11.679637188,0.0708157
11.685442177,0.0439028
11.691247166,0.0508102
11.697052154,0.0683826
11.702857143,0.0440068
11.708662132,0.0691885
11.714467120,0.0596578
11.720272109,0.0484735
11.726077098,0.0712742
11.731882086,0.0554004
11.737687075,0.0508009
11.743492063,0.0621319
11.749297052,0.0358834
11.755102041,0.0504147
11.760907029,0.0486654
11.766712018,0.0360819
11.772517007,0.0558977
11.778321995,0.0405067
11.784126984,0.0357341
11.789931973,0.0409985
11.795736961,0.02223
11.801541950,0.0361876
11.807346939,0.0242369
11.813151927,0.0288628
11.818956916,0.0200056
11.824761905,0.0325406
11.830566893,0.0279468
11.836371882,0.0313739
11.842176871,0.0359115
11.847981859,0.0424196
11.853786848,0.0375753
11.859591837,0.0343012
11.865396825,0.0357492
11.871201814,0.0330733
11.877006803,0.0368695
11.882811791,0.0307462
11.888616780,0.0245367
11.894421769,0.0157617
11.900226757,0.0173215
11.906031746,0.0148982
11.911836735,0.0126758
11.917641723,0.00986841
11.923446712,0.00885709
11.929251701,0.00730054
11.935056689,0.0142317
11.940861678,0.0143549
11.946666667,0.0428187
11.952471655,0.0340055
11.958276644,0.0323882
11.964081633,0.0387179
11.969886621,0.0220111
11.975691610,0.0271037
11.981496599,0.0262489
11.987301587,0.0170424
11.993106576,0.0280557
11.998911565,0.0188206
12.004716553,0.0199107
12.010521542,0.0264418
12.016326531,0.0166829
12.022131519,0.0248513
12.027936508,0.0201603
12.033741497,0.0194833
12.039546485,0.0272799
12.045351474,0.0180929
12.051156463,0.0284728
12.056961451,0.0284697
12.062766440,0.0237345
12.068571429,0.0361635
12.074376417,0.0269339
12.080181406,0.0356
12.085986395,0.037802
12.091791383,0.0250232
12.097596372,0.0399608
12.103401361,0.0259734
12.109206349,0.0359981
12.115011338,0.0340427
12.120816327,0.0267299
12.126621315,0.0386727
12.132426304,0.0259242
12.138231293,0.0378194
12.144036281,0.0378912
12.149841270,0.027908
12.155646259,0.0435647
12.161451247,0.0314566
12.167256236,0.0398512
12.173061224,0.0442654
12.178866213,0.0295364
12.184671202,0.0472143
12.190476190,0.0355037
12.196281179,0.0383179
12.202086168,0.0459227
12.207891156,0.0307392
12.213696145,0.0437729
12.219501134,0.0434797
12.225306122,0.0315067
12.231111111,0.0503031
12.236916100,0.0323523
12.242721088,0.0414216
12.248526077,0.0476754
12.254331066,0.0348114
12.260136054,0.0542906
12.265941043,0.0408638
12.271746032,0.0386898
12.277551020,0.0447084
12.283356009,0.0238845
12.289160998,0.0353528
12.294965986,0.0304068
12.300770975,0.0263739
12.306575964,0.0332548
12.312380952,0.0181197
12.318185941,0.022822
12.323990930,0.0226173
12.329795918,0.0159951
12.335600907,0.0257137
12.341405896,0.0172055
12.347210884,0.0186616
12.353015873,0.0185488
12.358820862,0.0127458
12.364625850,0.0139491
12.370430839,0.00867392
12.376235828,0.0112097
12.382040816,0.0077699
12.387845805,0.0135736
12.393650794,0.0146992
12.399455782,0.0144967
12.405260771,0.0215476
12.411065760,0.0137376
12.416870748,0.0355606
12.422675737,0.026917
12.428480726,0.0375361
12.434285714,0.0417734
12.440090703,0.0309669
12.445895692,0.0435565
12.451700680,0.0296555
12.457505669,0.0309298
12.463310658,0.019467
12.469115646,0.0130405
12.474920635,0.0143624
12.480725624,0.0077659
12.486530612,0.0106123
12.492335601,0.00624656
12.498140590,0.00859634
12.503945578,0.00556383
12.509750567,0.00856049
12.515555556,0.00530919
12.521360544,0.0115339
12.527165533,0.00885827
12.532970522,0.0176354
12.538775510,0.0194479
12.544580499,0.0184825
12.550385488,0.0328174
12.556190476,0.0167895
12.561995465,0.038582
12.567800454,0.0260855
12.573605442,0.0354872
12.579410431,0.0453441
12.585215420,0.0267082
12.591020408,0.057308
12.596825397,0.0235687
12.602630385,0.0538282
12.608435374,0.0317072
12.614240363,0.0346496
12.620045351,0.0465493
12.625850340,0.0211179
12.631655329,0.0463095
12.637460317,0.0292059
12.643265306,0.0430628
12.649070295,0.0485944
12.654875283,0.032025
12.660680272,0.0533734
12.666485261,0.0276212
12.672290249,0.0534592
12.678095238,0.0267335
12.683900227,0.0426198
12.689705215,0.0259682
12.695510204,0.0298108
12.701315193,0.0272044
12.707120181,0.0202611
12.712925170,0.0273869
12.718730159,0.0169676
12.724535147,0.0240898
12.730340136,0.0141308
12.736145125,0.015972
12.741950113,0.0107196
12.747755102,0.0123746
12.753560091,0.0126014
12.759365079,0.0128799
12.765170068,0.0133695
12.770975057,0.0117302
12.776780045,0.0143579
12.782585034,0.0123708
12.788390023,0.00842827
12.794195011,0.0106559
12.800000000,0.00753934
12.805804989,0.00970978
12.811609977,0.00629204
12.817414966,0.00905272
12.823219955,0.0071387
12.829024943,0.00995659
12.834829932,0.00748588
12.840634921,0.0109082
12.846439909,0.00832296
12.852244898,0.0120741
12.858049887,0.0154506
12.863854875,0.0247789
12.869659864,0.0247941
12.875464853,0.0226952
12.881269841,0.023952
12.887074830,0.018011
12.892879819,0.0210357
12.898684807,0.0207521
12.904489796,0.0266887
12.910294785,0.0205704
12.916099773,0.0229066
12.921904762,0.016706
12.927709751,0.013794
12.933514739,0.00809148
12.939319728,0.00497106
12.945124717,0.0030726
12.950929705,0.00256607
12.956734694,0.00220814
12.962539683,0.001941
12.968344671,0.0021166
12.974149660,0.0020257
12.979954649,0.00214611
12.985759637,0.00196355
12.991564626,0.00240416
12.997369615,0.00201919
13.003174603,0.00232537
13.008979592,0.00222928
13.014784580,0.00247416
13.020589569,0.00235665
13.026394558,0.00278804
13.032199546,0.00282046
13.038004535,0.00323393
13.043809524,0.00324871
13.049614512,0.00300746
13.055419501,0.00287016
13.061224490,0.00237571
13.067029478,0.00230137
13.072834467,0.00251913
13.078639456,0.00242673
13.084444444,0.00237446
13.090249433,0.00251995
13.096054422,0.00239623
13.101859410,0.0022226
13.107664399,0.00224189
13.113469388,0.00210844
13.119274376,0.00192749
13.125079365,0.00173709
13.130884354,0.00184787
13.136689342,0.00210373
13.142494331,0.00211367
13.148299320,0.00182398
13.154104308,0.00198429
13.159909297,0.00140623
13.165714286,0.00118549
13.171519274,0.00118912
13.177324263,0.000904089
13.183129252,0.000987261
13.188934240,0.000863179
13.194739229,0.00111179
13.200544218,0.0012052
13.206349206,0.0013191
13.212154195,0.00132803
13.217959184,0.00129743
13.223764172,0.00141904
13.229569161,0.0011912
13.235374150,0.00109006
13.241179138,0.00111377
13.246984127,0.00107807
13.252789116,0.00103774
13.258594104,0.000994918
13.264399093,0.00109547
13.270204082,0.00131684
13.276009070,0.00133405
13.281814059,0.00198827
13.287619048,0.00174374
13.293424036,0.00417911
13.299229025,0.00476195
13.305034014,0.00521896
13.310839002,0.00837078
13.316643991,0.0107381
13.322448980,0.00724942
13.328253968,0.00709873
13.334058957,0.0287099
13.339863946,0.0549127
13.345668934,0.0473869
13.351473923,0.0307376
13.357278912,0.0535926
13.363083900,0.0303615
13.368888889,0.0417602
13.374693878,0.0362072
13.380498866,0.0282494
13.386303855,0.034594
13.392108844,0.0164785
13.397913832,0.030319
13.403718821,0.0285142
13.409523810,0.026439
13.415328798,0.0412557
13.421133787,0.0273158
13.426938776,0.0385056
13.432743764,0.0394651
13.438548753,0.0283988
13.444353741,0.0488658
13.450158730,0.0307829
13.455963719,0.0362334
13.461768707,0.0410943
13.467573696,0.0272004
13.473378685,0.0392404
13.479183673,0.0352877
13.484988662,0.0273995
13.490793651,0.0384804
13.496598639,0.0226237
13.502403628,0.029589
13.508208617,0.0174395
13.514013605,0.0165953
13.519818594,0.0107471
13.525623583,0.00950085
13.531428571,0.00959571
13.537233560,0.00764779
13.543038549,0.00860893
13.548843537,0.00637503
13.554648526,0.00380188
13.560453515,0.00257377
13.566258503,0.00128891
13.572063492,0.00163735
13.577868481,0.00150019
13.583673469,0.00263645
13.589478458,0.00637006
13.595283447,0.0251425
13.601088435,0.0317582
13.606893424,0.0402588
13.612698413,0.0301744
13.618503401,0.062242
13.624308390,0.0721168
13.630113379,0.0576105
13.635918367,0.0932637
13.641723356,0.0621631
13.647528345,0.0685671
13.653333333,0.0862339
13.659138322,0.0758717
13.664943311,0.0887898
13.670748299,0.109914
13.676553288,0.0695496
13.682358277,0.106338
13.688163265,0.090586
13.693968254,0.0681552
13.699773243,0.0873903
13.705578231,0.0702905
13.711383220,0.0518019
13.717188209,0.0741483
13.722993197,0.0432093
13.728798186,0.0482957
13.734603175,0.0483796
13.740408163,0.0199678
13.746213152,0.0212281
13.752018141,0.0115436
13.757823129,0.00863273
13.763628118,0.00735542
13.769433107,0.00468875
13.775238095,0.00353298
13.781043084,0.00373987
13.786848073,0.00346763
13.792653061,0.00276865
13.798458050,0.00297221
13.804263039,0.0028336
13.810068027,0.0018395
13.815873016,0.00188138
13.821678005,0.00231032
13.827482993,0.00269106
13.833287982,0.00167257
13.839092971,0.00218136
13.844897959,0.00177407
13.850702948,0.00177382
13.856507937,0.00159905
13.862312925,0.00111019
13.868117914,0.00111465
13.873922902,0.00165579
13.879727891,0.00176371
13.885532880,0.00187598
13.891337868,0.00383172
13.897142857,0.0119115
13.902947846,0.013998
13.908752834,0.00954711
13.914557823,0.00641429
13.920362812,0.00725703
13.926167800,0.00714837
13.931972789,0.0106776
13.937777778,0.0116244
13.943582766,0.0103998
13.949387755,0.0119546
13.955192744,0.0105212
13.960997732,0.0106504
13.966802721,0.011429
13.972607710,0.0134138
13.978412698,0.0102396
13.984217687,0.0205015
13.990022676,0.0186052
13.995827664,0.0396381
14.001632653,0.0397356
14.007437642,0.0332622
14.013242630,0.0404798
14.019047619,0.0354787
14.024852608,0.0295796
14.030657596,0.038586
14.036462585,0.0330291
14.042267574,0.0289645
14.048072562,0.0387439
14.053877551,0.0297541
14.059682540,0.0312613
14.065487528,0.0398638
14.071292517,0.027021
14.077097506,0.0373117
14.082902494,0.0303406
14.088707483,0.0282711
14.094512472,0.0370327
14.100317460,0.0202828
14.106122449,0.0303252
14.111927438,0.0217007
14.117732426,0.021898
14.123537415,0.0273068
14.129342404,0.0182522
14.135147392,0.0270182
14.140952381,0.0154529
14.146757370,0.0276863
14.152562358,0.0189587
14.158367347,0.0267623
14.164172336,0.0291395
14.169977324,0.0201333
14.175782313,0.0302701
14.181587302,0.0183433
14.187392290,0.0337508
14.193197279,0.0188798
14.199002268,0.0327071
14.204807256,0.0190818
14.210612245,0.035582
14.216417234,0.0178576
14.222222222,0.0289306
14.228027211,0.0161483
14.233832200,0.0188301
14.239637188,0.0187328
14.245442177,0.0138912
14.251247166,0.0211153
14.257052154,0.0095412
14.262857143,0.0240031
14.268662132,0.00824102
14.274467120,0.0260015
14.280272109,0.00852375
14.286077098,0.0304288
14.291882086,0.00937791
14.297687075,0.0316047
14.303492063,0.00991469
14.309297052,0.0192346
14.315102041,0.00764393
14.320907029,0.0094281
14.326712018,0.011606
14.332517007,0.00539492
14.338321995,0.00763742
14.344126984,0.0059357
14.349931973,0.00398088
14.355736961,0.00492263
14.361541950,0.00375341
14.367346939,0.00365227
14.373151927,0.00405539
14.378956916,0.00506626
14.384761905,0.00596509
14.390566893,0.00673618
14.396371882,0.00680467
14.402176871,0.0123991
14.407981859,0.00820406
14.413786848,0.0187638
14.419591837,0.00899304
14.425396825,0.0140281
14.431201814,0.00910747
14.437006803,0.0170456
14.442811791,0.0118054
14.448616780,0.0241066
14.454421769,0.0212309
14.460226757,0.0209419
14.466031746,0.0338964
14.471836735,0.0175538
14.477641723,0.0349282
14.483446712,0.025374
14.489251701,0.0238098
14.495056689,0.0350045
14.500861678,0.0185907
14.506666667,0.0372643
14.512471655,0.025565
14.518276644,0.0299581
14.524081633,0.0342467
14.529886621,0.0228731
14.535691610,0.0301959
14.541496599,0.0254238
14.547301587,0.023383
14.553106576,0.0245843
14.558911565,0.0213991
14.564716553,0.0212599
14.570521542,0.0125551
14.576326531,0.0140215
14.582131519,0.00493903
14.587936508,0.0110489
14.593741497,0.00578864
14.599546485,0.0186549
14.605351474,0.0347444
14.611156463,0.0206697
14.616961451,0.0409902
14.622766440,0.0432131
14.628571429,0.0475414
14.634376417,0.0506373
14.640181406,0.0507335
14.645986395,0.0496408
14.651791383,0.0618047
14.657596372,0.045844
14.663401361,0.0631128
14.669206349,0.0621908
14.675011338,0.0621717
14.680816327,0.0709282
14.686621315,0.0483888
14.692426304,0.0482562
14.698231293,0.0479978
14.704036281,0.0251187
14.709841270,0.0400811
14.715646259,0.0204981
14.721451247,0.0335627
14.727256236,0.0211847
14.733061224,0.0281434
14.738866213,0.0164655
14.744671202,0.0262167
14.750476190,0.0134621
14.756281179,0.0258887
14.762086168,0.0127653
14.767891156,0.0199019
14.773696145,0.0141758
14.779501134,0.0178209
14.785306122,0.0213533
14.791111111,0.0155006
14.796916100,0.0259622
14.802721088,0.0162491
14.808526077,0.0203464
14.814331066,0.021738
14.820136054,0.0156809
14.825941043,0.0265436
14.831746032,0.0135897
14.837551020,0.0234661
14.843356009,0.0205789
14.849160998,0.0179245
14.854965986,0.0279325
14.860770975,0.0176381
14.866575964,0.0294137
14.872380952,0.0295118
14.878185941,0.0220869
14.883990930,0.0360002
14.889795918,0.0240793
14.895600907,0.0281837
14.901405896,0.0297318
14.907210884,0.0208848
14.913015873,0.0327045
14.918820862,0.0285024
14.924625850,0.0297947
14.930430839,0.0357888
14.936235828,0.027516
14.942040816,0.0365845
14.947845805,0.0319848
14.953650794,0.0305131
14.959455782,0.0379818
14.965260771,0.0250675
14.971065760,0.0377315
14.976870748,0.0214233
14.982675737,0.032252
14.988480726,0.0233295
14.994285714,0.01889
15.000090703,0.0212099
15.005895692,0.00947538
15.011700680,0.0151539
15.017505669,0.00761642
15.023310658,0.0128061
15.029115646,0.0061634
15.034920635,0.0110141
15.040725624,0.00714289
15.046530612,0.012148
15.052335601,0.00707261
15.058140590,0.0116694
15.063945578,0.00934407
15.069750567,0.013183
15.075555556,0.0105194
15.081360544,0.0131739
15.087165533,0.0125425
15.092970522,0.0148671
15.098775510,0.0143395
15.104580499,0.0144317
15.110385488,0.0147916
15.116190476,0.0130673
15.121995465,0.0170704
15.127800454,0.0138792
15.133605442,0.0123767
15.139410431,0.0154799
15.145215420,0.0113115
15.151020408,0.015319
15.156825397,0.00720344
15.162630385,0.00986399
15.168435374,0.00447665
15.174240363,0.00770586
15.180045351,0.00594177
15.185850340,0.00608574
15.191655329,0.00810165
15.197460317,0.00488331
15.203265306,0.00825339
15.209070295,0.00652548
15.214875283,0.0053505
15.220680272,0.00574742
15.226485261,0.00657341
15.232290249,0.00394158
15.238095238,0.0025851
15.243900227,0.0029256
15.249705215,0.00271552
15.255510204,0.00318528
15.261315193,0.00245087
15.267120181,0.00128062
15.272925170,0.0015785
15.278730159,0.00185259
15.284535147,0.00236462
15.290340136,0.00328013
15.296145125,0.00649353
15.301950113,0.0104709
15.307755102,0.00922508
15.313560091,0.0150041
15.319365079,0.0165414
15.325170068,0.0233888
15.330975057,0.0208517
15.336780045,0.0120287
15.342585034,0.00810253
15.348390023,0.00521177
15.354195011,0.00270816
15.360000000,0.00220352
15.365804989,0.00225254
15.371609977,0.00181465
15.377414966,0.00193158
15.383219955,0.00398329
15.389024943,0.010872
15.394829932,0.0160039
15.400634921,0.0280053
15.406439909,0.0383399
15.412244898,0.0368987
15.418049887,0.020291
15.423854875,0.0121374
15.429659864,0.00648552
15.435464853,0.0056389
15.441269841,0.00490094
15.447074830,0.00526695
15.452879819,0.00337895
15.458684807,0.00376956
15.464489796,0.00566476
15.470294785,0.010063
15.476099773,0.0209318
15.481904762,0.0184465
15.487709751,0.0192079
15.493514739,0.023065
15.499319728,0.0241917
15.505124717,0.0261393
15.510929705,0.0256299
15.516734694,0.0277596
15.522539683,0.0324498
15.528344671,0.0319531
15.534149660,0.0476919
15.539954649,0.0497597
15.545759637,0.0404115
15.551564626,0.082681
15.557369615,0.082202
15.563174603,0.0604003
15.568979592,0.0866248
15.574784580,0.0833956
15.580589569,0.0714978
15.586394558,0.0951451
15.592199546,0.0723142
15.598004535,0.0725419
15.603809524,0.0824325
15.609614512,0.0571235
15.615419501,0.0674972
15.621224490,0.0678055
15.627029478,0.0457057
15.632834467,0.0628544
15.638639456,0.0495407
15.644444444,0.0477251
15.650249433,0.0539736
15.656054422,0.032472
15.661859410,0.0419784
15.667664399,0.0237543
15.673469388,0.0228643
15.679274376,0.0193911
15.685079365,0.0101341
15.690884354,0.0147061
15.696689342,0.0128868
15.702494331,0.0159503
15.708299320,0.0109968
15.714104308,0.0184192
15.719909297,0.0140935
15.725714286,0.0171219
15.731519274,0.0201545
15.737324263,0.00988751
15.743129252,0.020408
15.748934240,0.00809938
15.754739229,0.0179678
15.760544218,0.0110527
15.766349206,0.012199
15.772154195,0.0171895
15.777959184,0.0104717
15.783764172,0.0207162
15.789569161,0.0210114
15.795374150,0.0186416
15.801179138,0.0406333
15.806984127,0.0268474
15.812789116,0.0505211
15.818594104,0.036532
15.824399093,0.0530338
15.830204082,0.0452689
15.836009070,0.0502313
15.841814059,0.0582238
15.847619048,0.0381837
15.853424036,0.0643376
15.859229025,0.0399287
15.865034014,0.0593309
15.870839002,0.0518822
15.876643991,0.0522371
15.882448980,0.0513564
15.888253968,0.0387765
15.894058957,0.0454246
15.899863946,0.0263566
15.905668934,0.0236732
15.911473923,0.0117893
15.917278912,0.0123612
15.923083900,0.00624057
15.928888889,0.00597428
15.934693878,0.00523823
15.940498866,0.00362703
15.946303855,0.00376033
15.952108844,0.00430553
15.957913832,0.00704098
15.963718821,0.00913764
15.969523810,0.0169654
15.975328798,0.0169469
15.981133787,0.0201328
15.986938776,0.0152827
15.992743764,0.0191272
15.998548753,0.021342
16.004353741,0.0160793
16.010158730,0.0193231
16.015963719,0.012587
16.021768707,0.021933
16.027573696,0.0156764
16.033378685,0.0192144
16.039183673,0.0173498
16.044988662,0.0257443
16.050793651,0.0161715
16.056598639,0.0125674
16.062403628,0.0113769
16.068208617,0.00571023
16.074013605,0.00915885
16.079818594,0.00667256
16.085623583,0.010346
16.091428571,0.0115646
16.097233560,0.00664041
16.103038549,0.00917064
16.108843537,0.00678977
16.114648526,0.00984071
16.120453515,0.0103756
16.126258503,0.00903329
16.132063492,0.0070567
16.137868481,0.0074723
16.143673469,0.00979846
16.149478458,0.00669996
16.155283447,0.00649972
16.161088435,0.00554035
16.166893424,0.00447077
16.172698413,0.00416275
16.178503401,0.00282097
16.184308390,0.00306941
16.190113379,0.00276722
16.195918367,0.00317233
16.201723356,0.00255295
16.207528345,0.00236047
16.213333333,0.00204696
16.219138322,0.0016077
16.224943311,0.00156681
16.230748299,0.00133687
16.236553288,0.0013228
16.242358277,0.00129687
16.248163265,0.00143265
16.253968254,0.00132819
16.259773243,0.00164159
16.265578231,0.00136845
16.271383220,0.00105381
16.277188209,0.00134186
16.282993197,0.00114769
16.288798186,0.00146868
16.294603175,0.00116889
16.300408163,0.00164201
16.306213152,0.0014691
16.312018141,0.00131785
16.317823129,0.00147521
16.323628118,0.00123636
16.329433107,0.00112506
16.335238095,0.000884319
16.341043084,0.00078289
16.346848073,0.000768949
16.352653061,0.00107476
16.358458050,0.00114611
16.364263039,0.00117511
16.370068027,0.00108112
16.375873016,0.000934654
16.381678005,0.000932705
16.387482993,0.000636498
16.393287982,0.000892282
16.399092971,0.000722042
16.404897959,0.00103687
16.410702948,0.00117466
16.416507937,0.00122065
16.422312925,0.000992869
16.428117914,0.000866399
16.433922902,0.00133813
16.439727891,0.00120627
16.445532880,0.0013926
16.451337868,0.00106656
16.457142857,0.0011661
16.462947846,0.00106716
16.468752834,0.00125085
16.474557823,0.00157115
16.480362812,0.00099008
16.486167800,0.000967324
16.491972789,0.000731006
16.497777778,0.000854993
16.503582766,0.00068845
16.509387755,0.000604423
16.515192744,0.00073072
16.520997732,0.000806715
16.526802721,0.00114192
16.532607710,0.000980665
16.538412698,0.00102187
16.544217687,0.00100845
16.550022676,0.000924633
16.555827664,0.00105122
16.561632653,0.00084293
16.567437642,0.00100575
16.573242630,0.00111992
16.579047619,0.00134234
16.584852608,0.000786584
16.590657596,0.00105065
16.596462585,0.00103538
16.602267574,0.00113237
16.608072562,0.000877882
16.613877551,0.00109086
16.619682540,0.000695212
16.625487528,0.000985352
16.631292517,0.000553277
16.637097506,0.000778766
16.642902494,0.000816962
16.648707483,0.000958552
16.654512472,0.00100609
16.660317460,0.00081979
16.666122449,0.000915517
16.671927438,0.00104436
16.677732426,0.00104674
16.683537415,0.000717931
16.689342404,0.000897465
16.695147392,0.00115228
16.700952381,0.00100975
16.706757370,0.001116
16.712562358,0.00119691
16.718367347,0.000757966
16.724172336,0.00107237
16.729977324,0.000798946
16.735782313,0.00113658
16.741587302,0.000731693
16.747392290,0.000814285
16.753197279,0.00104226
16.759002268,0.000973597
16.764807256,0.00151034
16.770612245,0.00161983
16.776417234,0.00122788
16.782222222,0.00115843
16.788027211,0.000854907
16.793832200,0.000983594
16.799637188,0.00097939
16.805442177,0.000811488
16.811247166,0.00117726
16.817052154,0.00118745
16.822857143,0.000853504
16.828662132,0.000907095
16.834467120,0.00105349
16.840272109,0.000872264
16.846077098,0.000878184
16.851882086,0.000935365
16.857687075,0.000821058
16.863492063,0.000945377
16.869297052,0.000943067
16.875102041,0.00141685
16.880907029,0.00111248
16.886712018,0.000868108
16.892517007,0.00103101
16.898321995,0.000898233
16.904126984,0.00110686
16.909931973,0.00125525
16.915736961,0.00128411
16.921541950,0.00166992
16.927346939,0.00196386
16.933151927,0.00151032
16.938956916,0.00204698
16.944761905,0.00146611
16.950566893,0.00141227
16.956371882,0.00104896
16.962176871,0.00198633
16.967981859,0.0021846
16.973786848,0.00614366
16.979591837,0.00912072
16.985396825,0.0163919
16.991201814,0.0136779
16.997006803,0.0111481
17.002811791,0.00698277
17.008616780,0.00746146
17.014421769,0.00440344
17.020226757,0.00320223
17.026031746,0.00291144
17.031836735,0.00214214
17.037641723,0.00182876
17.043446712,0.00138657
17.049251701,0.00115231
17.055056689,0.000897328
17.060861678,0.00109111
17.066666667,0.00110491
17.072471655,0.00105736
17.078276644,0.00143693
17.084081633,0.00144358
17.089886621,0.00133378
17.095691610,0.00114304
17.101496599,0.000795903
17.107301587,0.000966154
17.113106576,0.000690502
17.118911565,0.000643128
17.124716553,0.00100496
17.130521542,0.000698293
17.136326531,0.000959374
17.142131519,0.0011094
17.147936508,0.00115441
17.153741497,0.00143459
17.159546485,0.00109744
17.165351474,0.000999197
17.171156463,0.00144513
17.176961451,0.000900694
17.182766440,0.0010593
17.188571429,0.000972193
17.194376417,0.00111133
17.200181406,0.00102344
17.205986395,0.00089234
17.211791383,0.00102918
17.217596372,0.00105867
17.223401361,0.000959833
17.229206349,0.000804631
17.235011338,0.000695444
17.240816327,0.00076961
17.246621315,0.000735427
17.252426304,0.000983295
17.258231293,0.000880455
17.264036281,0.000875798
17.269841270,0.0008331
17.275646259,0.000940666
17.281451247,0.000889587
17.287256236,0.00119078
17.293061224,0.000626592
17.298866213,0.000718916
17.304671202,0.000671212
17.310476190,0.000787766
17.316281179,0.000751071
17.322086168,0.000796523
17.327891156,0.000852039
17.333696145,0.000990574
17.339501134,0.00113935
17.345306122,0.00108057
17.351111111,0.000567789
