0.000000000,7.91505e+10
0.005804989,2.61283e+10
0.011609977,1.22221e+10
0.017414966,5.82654e+9
0.023219955,3.71614e+9
0.029024943,2.23584e+9
0.034829932,1.76949e+9
0.040634921,1.44092e+9
0.046439909,1.3762e+9
0.052244898,1.32808e+9
0.058049887,6.82759e+8
0.063854875,5.5743e+7
0.069659864,1.50517e+7
0.075464853,4.14317e+6
0.081269841,149454
0.087074830,51173.2
0.092879819,38287.9
0.098684807,35485.2
0.104489796,32724.3
0.110294785,31246.5
0.116099773,35681.1
0.121904762,23767.9
0.127709751,26781.5
0.133514739,28596.5
0.139319728,33767.6
0.145124717,34551.9
0.150929705,35242.8
0.156734694,32039
0.162539683,25348
0.168344671,25608.2
0.174149660,31406.2
0.179954649,38605.3
0.185759637,33975.8
0.191564626,29280.2
0.197369615,33626.1
0.203174603,28435.5
0.208979592,27997.1
0.214784580,28078.9
0.220589569,25114
0.226394558,24515.3
0.232199546,25580.8
0.238004535,27985.4
0.243809524,34840.6
0.249614512,34223.6
0.255419501,33158.7
0.261224490,28722.6
0.267029478,30816.2
0.272834467,33304.8
0.278639456,37600.2
0.284444444,31367.8
0.290249433,30459.7
0.296054422,31525.9
0.301859410,28626.6
0.307664399,32836
0.313469388,26866.4
0.319274376,29906.2
0.325079365,36416.5
0.330884354,30377.4
0.336689342,34195.6
0.342494331,28517
0.348299320,32202.4
0.354104308,29535.6
0.359909297,32776.5
0.365714286,34061.8
0.371519274,30943.7
0.377324263,31149.5
0.383129252,29991.7
0.388934240,29446.4
0.394739229,31625.4
0.400544218,33226.2
0.406349206,31893.7
0.412154195,28764.3
0.417959184,32251
0.423764172,33133
0.429569161,31495.1
0.435374150,31181.3
0.441179138,30953.4
0.446984127,27712.5
0.452789116,35800.6
0.458594104,29334.3
0.464399093,26260
0.470204082,31633.4
0.476009070,38031
0.481814059,41535.9
0.487619048,49008.3
0.493424036,43292.1
0.499229025,38774
0.505034014,36048.7
0.510839002,39597.9
0.516643991,35292.6
0.522448980,35188.8
0.528253968,33920
0.534058957,33720.1
0.539863946,31108
0.545668934,31008.9
0.551473923,36211.5
0.557278912,38748.8
0.563083900,40784.1
0.568888889,31572.8
0.574693878,33881.3
0.580498866,31940
0.586303855,36252.6
0.592108844,32641.9
0.597913832,36255.3
0.603718821,32652.8
0.609523810,31106.9
0.615328798,25896.3
0.621133787,23295.5
0.626938776,27232.6
0.632743764,34278.8
0.638548753,32445.6
0.644353741,38474
0.650158730,32382.7
0.655963719,34587.5
0.661768707,26600.9
0.667573696,30827.7
0.673378685,34999
0.679183673,28618.5
0.684988662,27711.8
0.690793651,26138.2
0.696598639,24836
0.702403628,19807.3
0.708208617,17201.1
0.714013605,13785.3
0.719818594,18343.5
0.725623583,32952.6
0.731428571,24953.3
0.737233560,27653.3
0.743038549,30298.4
0.748843537,29260.2
0.754648526,30894
0.760453515,27319.8
0.766258503,27405
0.772063492,33412.8
0.777868481,34055.2
0.783673469,28484.5
0.789478458,27971.8
0.795283447,25189.4
0.801088435,28200.1
0.806893424,24574.3
0.812698413,26423.5
0.818503401,28645.6
0.824308390,25320.9
0.830113379,29065.5
0.835918367,27680.8
0.841723356,34593.8
0.847528345,41482
0.853333333,40748.4
0.859138322,39725.7
0.864943311,30346.8
0.870748299,31119.8
0.876553288,30035.9
0.882358277,29497.3
0.888163265,35286.2
0.893968254,34529
0.899773243,37590.9
0.905578231,35470.6
0.911383220,33756.5
0.917188209,24862.5
0.922993197,35161.4
0.928798186,38404.4
0.934603175,43900.6
0.940408163,35384.2
0.946213152,36858.4
0.952018141,30552.8
0.957823129,37540.5
0.963628118,46562.8
0.969433107,36179
0.975238095,33672.3
0.981043084,29589.9
0.986848073,33813.2
0.992653061,38733.2
0.998458050,48186.1
1.004263039,38643.7
1.010068027,35546
1.015873016,37773.8
1.021678005,33854.3
1.027482993,38868.7
1.033287982,44430.6
1.039092971,39388
1.044897959,32622
1.050702948,34084.9
1.056507937,29476.7
1.062312925,44841.4
1.068117914,37958.6
1.073922902,39376.5
1.079727891,35503.1
1.085532880,42010.8
1.091337868,42770.1
1.097142857,38213.7
1.102947846,36922.8
1.108752834,36095.1
1.114557823,35389.5
1.120362812,34826.7
1.126167800,38266.4
1.131972789,52807.8
1.137777778,47400.8
1.143582766,35293.9
1.149387755,27315.6
1.155192744,32507.6
1.160997732,33284.9
1.166802721,40475.7
1.172607710,44756.5
1.178412698,34399.3
1.184217687,28269.5
1.190022676,27911.1
1.195827664,36028.5
1.201632653,32685.4
1.207437642,50338.8
1.213242630,32013.2
1.219047619,30926.6
1.224852608,30186.3
1.230657596,31909.8
1.236462585,30156.7
1.242267574,45165.3
1.248072562,50131.3
1.253877551,58649.7
1.259682540,56183.7
1.265487528,42014.8
1.271292517,43472.1
1.277097506,35475.6
1.282902494,34735.8
1.288707483,35694.1
1.294512472,34937.7
1.300317460,35540.5
1.306122449,40441.8
1.311927438,39381
1.317732426,38501.2
1.323537415,43585.4
1.329342404,44683.7
1.335147392,36176.9
1.340952381,44580.3
1.346757370,50558.8
1.352562358,43246.3
1.358367347,45015
1.364172336,57030.7
1.369977324,47445
1.375782313,42138.7
1.381587302,44609.1
1.387392290,41549.9
1.393197279,53463.1
1.399002268,45184
1.404807256,47179.1
1.410612245,62374.2
1.416417234,57552.3
1.422222222,53646.3
1.428027211,40799.7
1.433832200,36357.6
1.439637188,38111.7
1.445442177,48473.2
1.451247166,43959.9
1.457052154,36718.2
1.462857143,32367.8
1.468662132,36176.5
1.474467120,51258.3
1.480272109,47864.1
1.486077098,47792.4
1.491882086,45795.6
1.497687075,41374.9
1.503492063,37458.3
1.509297052,48985.7
1.515102041,43860.8
1.520907029,36281
1.526712018,41578.7
1.532517007,45393.6
1.538321995,42283.6
1.544126984,43454.6
1.549931973,41944.1
1.555736961,36849.1
1.561541950,38635.5
1.567346939,41594.4
1.573151927,55353.8
1.578956916,49255.8
1.584761905,58014.2
1.590566893,61495
1.596371882,50748.2
1.602176871,51275.9
1.607981859,43564.9
1.613786848,48626.4
1.619591837,42308.7
1.625396825,51199.7
1.631201814,50533
1.637006803,44644.3
1.642811791,46795.5
1.648616780,39795.3
1.654421769,40305
1.660226757,46377.5
1.666031746,58504.1
1.671836735,58432.5
1.677641723,50293.6
1.683446712,57686.3
1.689251701,54370.2
1.695056689,49240.7
1.700861678,47008.7
1.706666667,63231.5
1.712471655,46607.2
1.718276644,41973.7
1.724081633,42038.2
1.729886621,56327
1.735691610,58808.2
1.741496599,49801.5
1.747301587,45050.8
1.753106576,46033.6
1.758911565,34862.4
1.764716553,33900.1
1.770521542,52376.5
1.776326531,57034
1.782131519,53377.3
1.787936508,54678.1
1.793741497,45026.1
1.799546485,38791.2
1.805351474,46240
1.811156463,53685.9
1.816961451,46327.3
1.822766440,48340.7
1.828571429,54921.2
1.834376417,56738.9
1.840181406,56106.8
1.845986395,61247
1.851791383,66209.6
1.857596372,50480.5
1.863401361,47011.3
1.869206349,52200.9
1.875011338,43543.4
1.880816327,35947.1
1.886621315,31903.6
1.892426304,33726.3
1.898231293,53027.1
1.904036281,38611.8
1.909841270,32348.8
1.915646259,17542
1.921451247,4506.19
1.927256236,2469.75
1.933061224,1984.71
1.938866213,2158.85
1.944671202,1514.52
1.950476190,1420.2
1.956281179,1202.57
1.962086168,1159.96
1.967891156,1073.63
1.973696145,1004.44
1.979501134,1001.82
1.985306122,988.52
1.991111111,920.496
1.996916100,697.107
2.002721088,466.967
2.008526077,380.136
2.014331066,341.016
2.020136054,354.794
2.025941043,371.54
2.031746032,349.864
2.037551020,346.146
2.043356009,377.023
2.049160998,397.03
2.054965986,442.262
2.060770975,452.638
2.066575964,479.477
2.072380952,518.956
2.078185941,545.601
2.083990930,532.105
2.089795918,486.384
2.095600907,445.029
2.101405896,418.178
2.107210884,408.848
2.113015873,414.556
2.118820862,388.207
2.124625850,390.901
2.130430839,377.998
2.136235828,359.873
2.142040816,365.625
2.147845805,373.564
2.153650794,391.02
2.159455782,406.828
2.165260771,448.98
2.171065760,498.415
2.176870748,546.394
2.182675737,586.117
2.188480726,648.385
2.194285714,687.845
2.200090703,728.07
2.205895692,813.944
2.211700680,909.257
2.217505669,985.739
2.223310658,1021.11
2.229115646,1014.58
2.234920635,968.064
2.240725624,969.751
2.246530612,988.238
2.252335601,903.292
2.258140590,794.13
2.263945578,723.862
2.269750567,689.959
2.275555556,616.98
2.281360544,553.875
2.287165533,491.165
2.292970522,438.383
2.298775510,401.16
2.304580499,405.826
2.310385488,414.994
2.316190476,427.651
2.321995465,434.449
2.327800454,447.148
2.333605442,439.756
2.339410431,423.513
2.345215420,399.135
2.351020408,378.441
2.356825397,369.287
2.362630385,350.291
2.368435374,330.146
2.374240363,358.718
2.380045351,357.477
2.385850340,362.137
2.391655329,373.406
2.397460317,401.068
2.403265306,463.557
2.409070295,437.969
2.414875283,480.452
2.420680272,481.295
2.426485261,524.796
2.432290249,548.219
2.438095238,505.467
2.443900227,486.212
2.449705215,521.446
2.455510204,549.706
2.461315193,600.664
2.467120181,792.77
2.472925170,1215.06
2.478730159,1229.76
2.484535147,1252.73
2.490340136,1291.41
2.496145125,1287.48
2.501950113,1229.63
2.507755102,1161.45
2.513560091,1213.59
2.519365079,1259.79
2.525170068,1241.78
2.530975057,1267.77
2.536780045,1261.61
2.542585034,1271.77
2.548390023,1290.8
2.554195011,1298.72
2.560000000,1283.28
2.565804989,1312.09
2.571609977,1295.31
2.577414966,1290.15
2.583219955,1309.48
2.589024943,1286.03
2.594829932,1128.59
2.600634921,921.636
2.606439909,846.679
2.612244898,904.935
2.618049887,918.027
2.623854875,980.99
2.629659864,1089.34
2.635464853,1147.52
2.641269841,1753.02
2.647074830,2328.56
2.652879819,3775.68
2.658684807,3554.92
2.664489796,3132.41
2.670294785,5123.92
2.676099773,7711.84
2.681904762,10269.6
2.687709751,15179.4
2.693514739,17169.2
2.699319728,15187.6
2.705124717,16719.8
2.710929705,20560.4
2.716734694,21084.4
2.722539683,23184.8
2.728344671,22602.9
2.734149660,12386.5
2.739954649,4470.62
2.745759637,2852.72
2.751564626,1509.52
2.757369615,1029.79
2.763174603,909.896
2.768979592,951.285
2.774784580,907.134
2.780589569,915.428
2.786394558,1032.91
2.792199546,1097.47
2.798004535,1355.26
2.803809524,1520.82
2.809614512,1485.45
2.815419501,1568.13
2.821224490,1536.35
2.827029478,1387.82
2.832834467,1395.41
2.838639456,1443.02
2.844444444,1188.74
2.850249433,1012.55
2.856054422,897.946
2.861859410,773.028
2.867664399,701.525
2.873469388,663.283
2.879274376,603.722
2.885079365,597.119
2.890884354,616.92
2.896689342,628.954
2.902494331,620.568
2.908299320,677.309
2.914104308,728.233
2.919909297,809.468
2.925714286,945.999
2.931519274,1031.86
2.937324263,1284.11
2.943129252,1843.02
2.948934240,2449.42
2.954739229,3190.77
2.960544218,3867.22
2.966349206,4101.86
2.972154195,3841.33
2.977959184,2559.5
2.983764172,2041.56
2.989569161,1928.33
2.995374150,2981.04
3.001179138,5271.51
3.006984127,8017.48
3.012789116,8694.04
3.018594104,10946.9
3.024399093,13404.7
3.030204082,13711.2
3.036009070,16974.7
3.041814059,23643.5
3.047619048,21081.9
3.053424036,6551.23
3.059229025,2917.22
3.065034014,3122.38
3.070839002,3083.01
3.076643991,2278.53
3.082448980,2865.97
3.088253968,4199.31
3.094058957,6703.06
3.099863946,6804.62
3.105668934,7146.9
3.111473923,8340.02
3.117278912,3647.92
3.123083900,1227.77
3.128888889,615.155
3.134693878,466.757
3.140498866,425.734
3.146303855,380.252
3.152108844,331.478
3.157913832,353.38
3.163718821,345.472
3.169523810,315.422
3.175328798,327.7
3.181133787,332.894
3.186938776,329.832
3.192743764,371.628
3.198548753,396.306
3.204353741,372.454
3.210158730,372.296
3.215963719,393.519
3.221768707,419.225
3.227573696,393.15
3.233378685,426.395
3.239183673,411.82
3.244988662,402.262
3.250793651,412.939
3.256598639,441.94
3.262403628,451.505
3.268208617,462.953
3.274013605,492.57
3.279818594,524.283
3.285623583,517.779
3.291428571,460.179
3.297233560,458.504
3.303038549,589.236
3.308843537,773.928
3.314648526,1153.45
3.320453515,1666.74
3.326258503,1941.92
3.332063492,2413.09
3.337868481,3528.23
3.343673469,5284.16
3.349478458,5451.26
3.355283447,6031.42
3.361088435,5942.28
3.366893424,5862.05
3.372698413,5824.38
3.378503401,6447.81
3.384308390,4610.82
3.390113379,4535.2
3.395918367,4366.35
3.401723356,1992.71
3.407528345,1154.43
3.413333333,826.937
3.419138322,776.421
3.424943311,864.039
3.430748299,1027.58
3.436553288,1190.54
3.442358277,1320.81
3.448163265,1363.53
3.453968254,1642.39
3.459773243,1789.47
3.465578231,2324.64
3.471383220,2588.29
3.477188209,3172.97
3.482993197,3064.5
3.488798186,4255.69
3.494603175,3742.41
3.500408163,3802.1
3.506213152,4003.52
3.512018141,3662.08
3.517823129,3321.16
3.523628118,3219.39
3.529433107,2572.82
3.535238095,2433.2
3.541043084,2176.64
3.546848073,2321.24
3.552653061,2319.85
3.558458050,2003.64
3.564263039,1581.03
3.570068027,1467.82
3.575873016,1720.85
3.581678005,1586.97
3.587482993,1286.2
3.593287982,1098.56
3.599092971,1003.07
3.604897959,950.313
3.610702948,904.441
3.616507937,863.617
3.622312925,792.613
3.628117914,820.682
3.633922902,707.229
3.639727891,748.227
3.645532880,707.837
3.651337868,728.872
3.657142857,889.616
3.662947846,807.626
3.668752834,772.577
3.674557823,788.233
3.680362812,722.384
3.686167800,698.975
3.691972789,605.36
3.697777778,656.242
3.703582766,826.863
3.709387755,822.412
3.715192744,855.336
3.720997732,891.42
3.726802721,822.582
3.732607710,818.573
3.738412698,865.202
3.744217687,805.771
3.750022676,857.506
3.755827664,856.7
3.761632653,856.087
3.767437642,833.097
3.773242630,842.201
3.779047619,937.898
3.784852608,947.343
3.790657596,942.443
3.796462585,1059.89
3.802267574,1042.99
3.808072562,1030.17
3.813877551,1093.57
3.819682540,1003.15
3.825487528,1106.47
3.831292517,1068.51
3.837097506,974.671
3.842902494,1018.17
3.848707483,1003.53
3.854512472,979.085
3.860317460,1019.24
3.866122449,947.006
3.871927438,1081.6
3.877732426,1034.46
3.883537415,1078.54
3.889342404,1326.4
3.895147392,1781.71
3.900952381,2049.05
3.906757370,2401.05
3.912562358,3373.43
3.918367347,4033.54
3.924172336,4460.65
3.929977324,4693.79
3.935782313,5348.45
3.941587302,6108.3
3.947392290,7713.85
3.953197279,9857.58
3.959002268,13487.7
3.964807256,17152.6
3.970612245,21921.5
3.976417234,28293.1
3.982222222,32344.5
3.988027211,31641.3
3.993832200,32460.5
3.999637188,33753.1
4.005442177,28679.6
4.011247166,38332.2
4.017052154,39110.4
4.022857143,44032.4
4.028662132,43345.3
4.034467120,41827
4.040272109,35120.2
4.046077098,41927.8
4.051882086,42006.5
4.057687075,43332.4
4.063492063,42190.3
4.069297052,48592.1
4.075102041,50454.6
4.080907029,42421.7
4.086712018,48151.7
4.092517007,42525.4
4.098321995,41340.5
4.104126984,36269.5
4.109931973,28433.5
4.115736961,36997.9
4.121541950,39059.1
4.127346939,31890.1
4.133151927,42294.7
4.138956916,43871.9
4.144761905,51499.6
4.150566893,48734.5
4.156371882,23862.5
4.162176871,9636.25
4.167981859,6441.17
4.173786848,4936.14
4.179591837,3528.95
4.185396825,3051.2
4.191201814,2490.31
4.197006803,2455.43
4.202811791,2175.18
4.208616780,2332.33
4.214421769,2052.45
4.220226757,1321.72
4.226031746,805.43
4.231836735,595.644
4.237641723,486.608
4.243446712,366.764
4.249251701,359.741
4.255056689,344.965
4.260861678,329.034
4.266666667,351.388
4.272471655,356.637
4.278276644,367.526
4.284081633,364.556
4.289886621,423.181
4.295691610,576.881
4.301496599,861.767
4.307301587,1298.91
4.313106576,1638.45
4.318911565,1945.95
4.324716553,2092.44
4.330521542,2491.34
4.336326531,2944.85
4.342131519,3841.49
4.347936508,4148.8
4.353741497,3969.16
4.359546485,3834.39
4.365351474,4104.66
4.371156463,3812.62
4.376961451,2874.61
4.382766440,1947.94
4.388571429,1321.41
4.394376417,1134.05
4.400181406,885.607
4.405986395,754.415
4.411791383,698.989
4.417596372,700.259
4.423401361,884.474
4.429206349,1205.54
4.435011338,2013.05
4.440816327,2245.62
4.446621315,2406.38
4.452426304,2445.4
4.458231293,2967.35
4.464036281,3444.06
4.469841270,4355
4.475646259,6330.32
4.481451247,8914.69
4.487256236,10690.7
4.493061224,11460.2
4.498866213,10283
4.504671202,11833.6
4.510476190,12432.3
4.516281179,8084.93
4.522086168,5691.34
4.527891156,4605.15
4.533696145,3279.22
4.539501134,1962.73
4.545306122,1674.02
4.551111111,1665.27
4.556916100,1850.02
4.562721088,1887.19
4.568526077,2026.88
4.574331066,2337.17
4.580136054,2019.2
4.585941043,1645.04
4.591746032,1099.94
4.597551020,832.506
4.603356009,696.71
4.609160998,693.943
4.614965986,777.608
4.620770975,754.548
4.626575964,703.95
4.632380952,798.783
4.638185941,864.137
4.643990930,923.435
4.649795918,1160.26
4.655600907,1318.65
4.661405896,1327.81
4.667210884,1378.57
4.673015873,1377.11
4.678820862,1434.61
4.684625850,1332.31
4.690430839,1377.21
4.696235828,1417.78
4.702040816,1262.12
4.707845805,1027.69
4.713650794,950.644
4.719455782,864.067
4.725260771,837.723
4.731065760,875.668
4.736870748,896.201
4.742675737,847.703
4.748480726,946.961
4.754285714,1058.49
4.760090703,1126.06
4.765895692,1382.05
4.771700680,1701.86
4.777505669,1679.25
4.783310658,1929.59
4.789115646,1824.47
4.794920635,1770.72
4.800725624,1956.74
4.806530612,1797.79
4.812335601,1991.66
4.818140590,2162.2
4.823945578,2247.77
4.829750567,2955.67
4.835555556,3066.44
4.841360544,4387.43
4.847165533,6051.06
4.852970522,8111.91
4.858775510,16063.3
4.864580499,10719.2
4.870385488,5970.34
4.876190476,3065.37
4.881995465,1367.79
4.887800454,1316.03
4.893605442,1472.6
4.899410431,1445.43
4.905215420,1552.82
4.911020408,1390.64
4.916825397,1582.56
4.922630385,1416.81
4.928435374,1301.17
4.934240363,1152.3
4.940045351,884.17
4.945850340,1114.09
4.951655329,1057.36
4.957460317,1305.18
4.963265306,1409.29
4.969070295,1220.79
4.974875283,1261.53
4.980680272,1149.97
4.986485261,1140.19
4.992290249,1112.32
4.998095238,879.891
5.003900227,928.831
5.009705215,812.778
5.015510204,800.625
5.021315193,855.117
5.027120181,911.148
5.032925170,1034.09
5.038730159,969.932
5.044535147,1092.86
5.050340136,1037.5
5.056145125,814.653
5.061950113,879.895
5.067755102,683.692
5.073560091,844.299
5.079365079,785.182
5.085170068,925.771
5.090975057,1029.32
5.096780045,953.379
5.102585034,1161.73
5.108390023,1100.93
5.114195011,1300.99
5.120000000,1416.79
5.125804989,1774.68
5.131609977,2209.21
5.137414966,2263.21
5.143219955,2548.24
5.149024943,2456.44
5.154829932,2459.25
5.160634921,2696.62
5.166439909,2338.69
5.172244898,2715.65
5.178049887,2436.77
5.183854875,2725.63
5.189659864,2653.41
5.195464853,2987.61
5.201269841,3266.27
5.207074830,4806.69
5.212879819,5789.19
5.218684807,9249.57
5.224489796,13591.2
5.230294785,19044.4
5.236099773,30347.6
5.241904762,27185.1
5.247709751,25679.8
5.253514739,34397.9
5.259319728,39613.4
5.265124717,35079.7
5.270929705,26916.9
5.276734694,27515.6
5.282539683,30458.4
5.288344671,8543.36
5.294149660,6345.87
5.299954649,11460.5
5.305759637,3335.02
5.311564626,2051.12
5.317369615,3190.48
5.323174603,4299.55
5.328979592,3221.45
5.334784580,4684.73
5.340589569,5565.29
5.346394558,2703.27
5.352199546,1648.03
5.358004535,1033.94
5.363809524,871.388
5.369614512,802.045
5.375419501,753.879
5.381224490,754.414
5.387029478,718.557
5.392834467,634.771
5.398639456,593.192
5.404444444,573.473
5.410249433,531.706
5.416054422,557.878
5.421859410,577.912
5.427664399,553.734
5.433469388,554.684
5.439274376,584.432
5.445079365,580.697
5.450884354,544.727
5.456689342,524.553
5.462494331,556.767
5.468299320,617.281
5.474104308,778.681
5.479909297,1014.54
5.485714286,1104.37
5.491519274,1234.36
5.497324263,1385.57
5.503129252,1789.28
5.508934240,2161.33
5.514739229,3220.73
5.520544218,4282.54
5.526349206,6744.36
5.532154195,7760.68
5.537959184,9329.41
5.543764172,8926.15
5.549569161,6904.44
5.555374150,6245.48
5.561179138,7192.67
5.566984127,7473.69
5.572789116,7127.64
5.578594104,8104.3
5.584399093,8502.55
5.590204082,10143.5
5.596009070,13092.5
5.601814059,13245.7
5.607619048,13267.7
5.613424036,15160.7
5.619229025,14340.6
5.625034014,13352
5.630839002,10958.4
5.636643991,8927.06
5.642448980,6043.33
5.648253968,1261.03
5.654058957,783.947
5.659863946,583.224
5.665668934,614.412
5.671473923,602.133
5.677278912,558.348
5.683083900,608.978
5.688888889,594.951
5.694693878,596.578
5.700498866,627.667
5.706303855,594.494
5.712108844,683.419
5.717913832,667.934
5.723718821,636.102
5.729523810,711.982
5.735328798,620.008
5.741133787,708.249
5.746938776,706.896
5.752743764,661.549
5.758548753,744.329
5.764353741,699.169
5.770158730,758.041
5.775963719,788.155
5.781768707,760.213
5.787573696,886.92
5.793378685,868.774
5.799183673,896.435
5.804988662,1046.19
5.810793651,1091.29
5.816598639,1404.08
5.822403628,1783.62
5.828208617,2838.15
5.834013605,2958.71
5.839818594,3820.32
5.845623583,4051.34
5.851428571,4703.6
5.857233560,2330
5.863038549,1437.58
5.868843537,1274.29
5.874648526,1082
5.880453515,1046.03
5.886258503,1193.63
5.892063492,1180.96
5.897868481,1185.3
5.903673469,1207.72
5.909478458,1078.72
5.915283447,1118.22
5.921088435,1048.45
5.926893424,1045.47
5.932698413,1098.8
5.938503401,1036.31
5.944308390,1114.59
5.950113379,1004.13
5.955918367,1053.6
5.961723356,1079.51
5.967528345,1032.37
5.973333333,1153.74
5.979138322,1036.02
5.984943311,1115.41
5.990748299,1065.93
5.996553288,1005.75
6.002358277,1110.94
6.008163265,977.165
6.013968254,1158.51
6.019773243,1102.48
6.025578231,1103.68
6.031383220,1211.26
6.037188209,1807.11
6.042993197,2464.37
6.048798186,3218.05
6.054603175,3452.32
6.060408163,3830.05
6.066213152,4624.78
6.072018141,6140.37
6.077823129,7604.24
6.083628118,9594.46
6.089433107,10998.1
6.095238095,15076.3
6.101043084,21049.8
6.106848073,26013.6
6.112653061,26689.9
6.118458050,26328.5
6.124263039,26585.4
6.130068027,27325.9
6.135873016,33763.6
6.141678005,36420.3
6.147482993,38276.3
6.153287982,43583.9
6.159092971,45209.5
6.164897959,31473.4
6.170702948,35234.3
6.176507937,36156.3
6.182312925,36072.4
6.188117914,39290.8
6.193922902,29700.8
6.199727891,32692.4
6.205532880,37854
6.211337868,36734.6
6.217142857,45796.4
6.222947846,42527.9
6.228752834,40554.4
6.234557823,37150.5
6.240362812,36787.2
6.246167800,49295.9
6.251972789,47100.7
6.257777778,46663
6.263582766,15509.7
6.269387755,3529.1
6.275192744,2069.45
6.280997732,2017.67
6.286802721,2277.65
6.292607710,2495.59
6.298412698,3006.64
6.304217687,1552.03
6.310022676,857.187
6.315827664,888.821
6.321632653,830.569
6.327437642,870.026
6.333242630,841.835
6.339047619,775.559
6.344852608,806.851
6.350657596,772.789
6.356462585,723.404
6.362267574,726.062
6.368072562,659.828
6.373877551,643.625
6.379682540,619.011
6.385487528,604.786
6.391292517,607.484
6.397097506,570.062
6.402902494,530.024
6.408707483,512.365
6.414512472,513.912
6.420317460,537.265
6.426122449,616.373
6.431927438,605.004
6.437732426,662.461
6.443537415,892.413
6.449342404,1494.76
6.455147392,1962.64
6.460952381,2112.51
6.466757370,1479.77
6.472562358,1321.6
6.478367347,1452.8
6.484172336,1263.87
6.489977324,873.727
6.495782313,826.119
6.501587302,855.541
6.507392290,1048.1
6.513197279,1026.28
6.519002268,730.939
6.524807256,786.371
6.530612245,760.514
6.536417234,836.878
6.542222222,945.954
6.548027211,743.804
6.553832200,635.181
6.559637188,552.413
6.565442177,686.621
6.571247166,752.512
6.577052154,726.32
6.582857143,748.317
6.588662132,630.349
6.594467120,706.433
6.600272109,787.185
6.606077098,764.47
6.611882086,848.221
6.617687075,795.207
6.623492063,854.263
6.629297052,918.99
6.635102041,915.701
6.640907029,1201.82
6.646712018,1305.72
6.652517007,1491.91
6.658321995,1670.96
6.664126984,2061.45
6.669931973,2345.4
6.675736961,3102.65
6.681541950,3557.35
6.687346939,5660.71
6.693151927,5479.6
6.698956916,6643.09
6.704761905,8570.79
6.710566893,11067.9
6.716371882,13404.9
6.722176871,13144.6
6.727981859,9726.89
6.733786848,5612.04
6.739591837,3537.44
6.745396825,1834.71
6.751201814,1689.6
6.757006803,1300.69
6.762811791,1119.7
6.768616780,1097.89
6.774421769,1074.5
6.780226757,1181.39
6.786031746,1110.82
6.791836735,1179.56
6.797641723,1257.51
6.803446712,1184.18
6.809251701,1314.58
6.815056689,1205.86
6.820861678,1110
6.826666667,1169.44
6.832471655,1123.45
6.838276644,1318.07
6.844081633,1271.63
6.849886621,1341.69
6.855691610,1586.25
6.861496599,2155.09
6.867301587,2579.48
6.873106576,2435.22
6.878911565,2535.83
6.884716553,2623.07
6.890521542,2471.01
6.896326531,2743.98
6.902131519,2550.67
6.907936508,2788.31
6.913741497,2630.39
6.919546485,2706.71
6.925351474,2960.19
6.931156463,3956.9
6.936961451,3103.95
6.942766440,3143.31
6.948571429,5280.55
6.954376417,7605.23
6.960181406,11547.9
6.965986395,14247.2
6.971791383,20282.4
6.977596372,22565.3
6.983401361,23450.6
6.989206349,26519.8
6.995011338,38837.7
7.000816327,28022.6
7.006621315,20933.8
7.012426304,20597.5
7.018231293,15981.8
7.024036281,14040.9
7.029841270,16202.1
7.035646259,15801.7
7.041451247,15195.3
7.047256236,14011.2
7.053061224,15082
7.058866213,12275.2
7.064671202,12602.5
7.070476190,13783.9
7.076281179,11020.8
7.082086168,9329.82
7.087891156,11053.9
7.093696145,12026.6
7.099501134,13026.5
7.105306122,14295.3
7.111111111,11905.4
7.116916100,12055.3
7.122721088,13033.4
7.128526077,12856.5
7.134331066,14257
7.140136054,15329.9
7.145941043,11657.3
7.151746032,12404.9
7.157551020,12715.5
7.163356009,13099.9
7.169160998,14938.2
7.174965986,11659.8
7.180770975,11363.1
7.186575964,12971.7
7.192380952,12126
7.198185941,11107.6
7.203990930,11068.6
7.209795918,9152.24
7.215600907,9015.57
7.221405896,8768.79
7.227210884,9074.46
7.233015873,10002.8
7.238820862,10034.8
7.244625850,9557.22
7.250430839,9043.89
7.256235828,8790.14
7.262040816,8641.55
7.267845805,8857.18
7.273650794,9065.78
7.279455782,8559.25
7.285260771,8409.62
7.291065760,9034.07
7.296870748,10381.7
7.302675737,8745.9
7.308480726,6735.39
7.314285714,7016.84
7.320090703,8344.77
7.325895692,9293.06
7.331700680,10000.2
7.337505669,11124.3
7.343310658,13362.5
7.349115646,13527.7
7.354920635,13695.3
7.360725624,13889
7.366530612,19526.7
7.372335601,25311.1
7.378140590,30579.3
7.383945578,33980.6
7.389750567,32902.7
7.395555556,38075.8
7.401360544,49662.4
7.407165533,47368.2
7.412970522,39670.5
7.418775510,38020.9
7.424580499,36355.4
7.430385488,35155.6
7.436190476,40934.9
7.441995465,48374.2
7.447800454,36988.9
7.453605442,9415.54
7.459410431,7854.63
7.465215420,13239.7
7.471020408,2722.24
7.476825397,1144.16
7.482630385,899.271
7.488435374,744.482
7.494240363,690.041
7.500045351,702.821
7.505850340,690.145
7.511655329,761.317
7.517460317,997.698
7.523265306,1234.59
7.529070295,1403.99
7.534875283,1401.47
7.540680272,1657.71
7.546485261,2095.38
7.552290249,2231.61
7.558095238,2359.43
7.563900227,3180.18
7.569705215,4464.21
7.575510204,5256.19
7.581315193,5964.4
7.587120181,6433.62
7.592925170,6267.97
7.598730159,6395.31
7.604535147,5718.42
7.610340136,5890.95
7.616145125,7014.48
7.621950113,7526.41
7.627755102,8161.83
7.633560091,7938.99
7.639365079,8578.66
7.645170068,7339.59
7.650975057,3864.92
7.656780045,2408.75
7.662585034,2312.19
7.668390023,2056.36
7.674195011,1999.48
7.680000000,1836.53
7.685804989,1580.97
7.691609977,1431.62
7.697414966,1308.23
7.703219955,1102.41
7.709024943,860.404
7.714829932,748.113
7.720634921,650.881
7.726439909,568.609
7.732244898,483.474
7.738049887,415.062
7.743854875,443.396
7.749659864,410.661
7.755464853,483.69
7.761269841,590.405
7.767074830,850.058
7.772879819,1375.51
7.778684807,1799.05
7.784489796,1764.14
7.790294785,1814.39
7.796099773,1939.46
7.801904762,2005.21
7.807709751,2110.23
7.813514739,2536.33
7.819319728,3691.61
7.825124717,4490.71
7.830929705,4492.38
7.836734694,4433.73
7.842539683,2602.22
7.848344671,2009.69
7.854149660,1824.91
7.859954649,852.579
7.865759637,1054.52
7.871564626,1630.98
7.877369615,1399.23
7.883174603,1115.3
7.888979592,921.607
7.894784580,734.246
7.900589569,624.302
7.906394558,528.365
7.912199546,472.137
7.918004535,449.357
7.923809524,439.428
7.929614512,436.068
7.935419501,406.049
7.941224490,382.81
7.947029478,391.259
7.952834467,380.327
7.958639456,377.837
7.964444444,380.576
7.970249433,382.73
7.976054422,414.447
7.981859410,423.347
7.987664399,417.722
7.993469388,461.373
7.999274376,469.512
8.005079365,468.744
8.010884354,465.187
8.016689342,484.013
8.022494331,548.255
8.028299320,626.964
8.034104308,764.096
8.039909297,1047.5
8.045714286,1664.14
8.051519274,3217.37
8.057324263,4228.14
8.063129252,4318.54
8.068934240,5217.48
8.074739229,6464.26
8.080544218,7819.3
8.086349206,10638.8
8.092154195,11548.3
8.097959184,12963.5
8.103764172,12537.3
8.109569161,14525.8
8.115374150,18238.1
8.121179138,20731.8
8.126984127,20977.7
8.132789116,12618.1
8.138594104,2981.6
8.144399093,2414.24
8.150204082,3503.55
8.156009070,3456.11
8.161814059,3066.41
8.167619048,3548.59
8.173424036,3395.85
8.179229025,4153.98
8.185034014,4860.88
8.190839002,5150.29
8.196643991,5773.89
8.202448980,4701.13
8.208253968,3255.36
8.214058957,1699.64
8.219863946,1041.84
8.225668934,608.179
8.231473923,571.652
8.237278912,553.863
8.243083900,560.1
8.248888889,593.824
8.254693878,591.531
8.260498866,577.166
8.266303855,564.992
8.272108844,592.145
8.277913832,603.047
8.283718821,639.888
8.289523810,645.878
8.295328798,634.911
8.301133787,617.256
8.306938776,644.022
8.312743764,631.645
8.318548753,699.176
8.324353741,820.595
8.330158730,967.921
8.335963719,1382.5
8.341768707,1400.93
8.347573696,1385.26
8.353378685,1691.99
8.359183673,3548.28
8.364988662,5653.95
8.370793651,7501.86
8.376598639,8811.88
8.382403628,9478.96
8.388208617,7631.36
8.394013605,7707.3
8.399818594,9071.66
8.405623583,9242.88
8.411428571,8361.73
8.417233560,8744.55
8.423038549,6310.04
8.428843537,2574.51
8.434648526,1382.32
8.440453515,1375.35
8.446258503,1315.88
8.452063492,1410.28
8.457868481,1363.58
8.463673469,1299.31
8.469478458,1375.91
8.475283447,1376.68
8.481088435,1554.87
8.486893424,1473.78
8.492698413,1712.82
8.498503401,1520.07
8.504308390,1997.26
8.510113379,2241.85
8.515918367,2639.69
8.521723356,2861.35
8.527528345,4346.12
8.533333333,3691.47
8.539138322,4163.73
8.544943311,4202.51
8.550748299,5051.98
8.556553288,4705.88
8.562358277,5770.11
8.568163265,5096.29
8.573968254,5052.35
8.579773243,3372.12
8.585578231,3820.71
8.591383220,7370.8
8.597188209,11989.5
8.602993197,13529.5
8.608798186,11833.1
8.614603175,4625.65
8.620408163,3726.85
8.626213152,6170.59
8.632018141,4781.1
8.637823129,2502.22
8.643628118,2540.97
8.649433107,1862.98
8.655238095,1605.21
8.661043084,1232.75
8.666848073,1162.57
8.672653061,1174.96
8.678458050,1473.89
8.684263039,1863.38
8.690068027,2090.61
8.695873016,2284.66
8.701678005,2152.26
8.707482993,2027.22
8.713287982,2189.99
8.719092971,2212.17
8.724897959,2467.75
8.730702948,2751.54
8.736507937,3760.32
8.742312925,4644.95
8.748117914,8965.6
8.753922902,14350.2
8.759727891,22818.2
8.765532880,29723.5
8.771337868,31187.1
8.777142857,12590.5
8.782947846,2194.94
8.788752834,1314.38
8.794557823,1327.08
8.800362812,1838.77
8.806167800,1985.32
8.811972789,2713.89
8.817777778,2150.16
8.823582766,2605.8
8.829387755,1944.45
8.835192744,1641.44
8.840997732,1369.12
8.846802721,1114.36
8.852607710,1128.49
8.858412698,1056.63
8.864217687,1171.73
8.870022676,1248.64
8.875827664,1346.73
8.881632653,2090.46
8.887437642,2648
8.893242630,4032.37
8.899047619,4398.46
8.904852608,8882.72
8.910657596,17430.1
8.916462585,20140.4
8.922267574,20585.9
8.928072562,29142.5
8.933877551,15017
8.939682540,3056.41
8.945487528,1787.96
8.951292517,2172.52
8.957097506,1693.97
8.962902494,1188.66
8.968707483,978.769
8.974512472,897.499
8.980317460,809.154
8.986122449,803.096
8.991927438,804.52
8.997732426,806.579
9.003537415,752.248
9.009342404,794.085
9.015147392,756.148
9.020952381,738.152
9.026757370,737.664
9.032562358,770.128
9.038367347,762.032
9.044172336,775.424
9.049977324,784.73
9.055782313,762.148
9.061587302,706.798
9.067392290,762.257
9.073197279,765.97
9.079002268,701.65
9.084807256,705.905
9.090612245,747.755
9.096417234,794.045
9.102222222,998.08
9.108027211,1111.76
9.113832200,1491.31
9.119637188,1776.98
9.125442177,2299.39
9.131247166,3408.31
9.137052154,4450.86
9.142857143,6130.42
9.148662132,7249.32
9.154467120,7418.34
9.160272109,8670.2
9.166077098,9589.16
9.171882086,9277.49
9.177687075,9179.32
9.183492063,10098
9.189297052,10253.4
9.195102041,10529.4
9.200907029,9745.41
9.206712018,8152.88
9.212517007,9784.6
9.218321995,8998.1
9.224126984,7333.54
9.229931973,2285.52
9.235736961,1216.12
9.241541950,874.831
9.247346939,760.694
9.253151927,709.552
9.258956916,718.924
9.264761905,778.799
9.270566893,796.712
9.276371882,741.903
9.282176871,761.442
9.287981859,760.356
9.293786848,825.59
9.299591837,826.84
9.305396825,774.611
9.311201814,787.469
9.317006803,754.798
9.322811791,784.463
9.328616780,787.177
9.334421769,769.076
9.340226757,732.343
9.346031746,781.982
9.351836735,738.746
9.357641723,767.137
9.363446712,789.062
9.369251701,765.858
9.375056689,897.669
9.380861678,878.737
9.386666667,794.698
9.392471655,814.812
9.398276644,846.636
9.404081633,945.073
9.409886621,1017.18
9.415691610,914.716
9.421496599,1019.02
9.427301587,1129.49
9.433106576,1252.6
9.438911565,1439.7
9.444716553,1590.02
9.450521542,1752.84
9.456326531,1888.32
9.462131519,1839.9
9.467936508,1961.04
9.473741497,1901.29
9.479546485,1854.05
9.485351474,2028.78
9.491156463,1924.25
9.496961451,2174.56
9.502766440,2056.86
9.508571429,2409.76
9.514376417,2594.02
9.520181406,2778.4
9.525986395,3032.46
9.531791383,2927.21
9.537596372,3439.63
9.543401361,2780.15
9.549206349,2829.71
9.555011338,1998.06
9.560816327,1780.95
9.566621315,1504.68
9.572426304,1241.9
9.578231293,1163.3
9.584036281,1004.21
9.589841270,929.561
9.595646259,828.229
9.601451247,771.678
9.607256236,780.623
9.613061224,840.266
9.618866213,798.773
9.624671202,808
9.630476190,751.566
9.636281179,808.975
9.642086168,769.723
9.647891156,751.129
9.653696145,838.67
9.659501134,758.275
9.665306122,801.361
9.671111111,843.586
9.676916100,794.135
9.682721088,918.628
9.688526077,859.093
9.694331066,890.685
9.700136054,953.475
9.705941043,813.861
9.711746032,871.879
9.717551020,897.238
9.723356009,899.93
9.729160998,935.132
9.734965986,915.516
9.740770975,927.37
9.746575964,1029.78
9.752380952,1015.65
9.758185941,1159.82
9.763990930,1242.43
9.769795918,1766.54
9.775600907,2278.12
9.781405896,2617.66
9.787210884,2952.37
9.793015873,2688.3
9.798820862,3061.57
9.804625850,3062.82
9.810430839,2945.61
9.816235828,3114.52
9.822040816,2680.31
9.827845805,2738.3
9.833650794,2706.47
9.839455782,2432.31
9.845260771,2526.34
9.851065760,2248.66
9.856870748,1737.06
9.862675737,1175.39
9.868480726,947.066
9.874285714,919.268
9.880090703,896.183
9.885895692,791.465
9.891700680,831.537
9.897505669,789.642
9.903310658,756.389
9.909115646,787.717
9.914920635,771.78
9.920725624,758.121
9.926530612,764.111
9.932335601,742.114
9.938140590,726.415
9.943945578,736.633
9.949750567,662.407
9.955555556,731.009
9.961360544,835.581
9.967165533,1831.8
9.972970522,2664.13
9.978775510,2544.9
9.984580499,2911.87
9.990385488,3084.13
9.996190476,3281.08
10.001995465,3649.11
10.007800454,3360.85
10.013605442,2697.67
10.019410431,1513.42
10.025215420,1058.9
10.031020408,851.65
10.036825397,842.674
10.042630385,827.386
10.048435374,796.399
10.054240363,867.719
10.060045351,885.517
10.065850340,860.37
10.071655329,807.756
10.077460317,779.263
10.083265306,810.483
10.089070295,822.782
10.094875283,828.446
10.100680272,828.508
10.106485261,757.987
10.112290249,718.739
10.118095238,699.644
10.123900227,634.148
10.129705215,587.777
10.135510204,610.221
10.141315193,635.568
10.147120181,644.552
10.152925170,670.32
10.158730159,710.779
10.164535147,731.501
10.170340136,884.241
10.176145125,1076.33
10.181950113,1421.48
10.187755102,2227.77
10.193560091,2816.05
10.199365079,4011.69
10.205170068,5233.29
10.210975057,6610.32
10.216780045,11124.3
10.222585034,16433.6
10.228390023,10187.9
10.234195011,7291.71
10.240000000,8479.89
10.245804989,10119.1
10.251609977,12761
10.257414966,11921.2
10.263219955,11900.8
10.269024943,10585.6
10.274829932,10302.6
10.280634921,11524.3
10.286439909,11155.7
10.292244898,10799.4
10.298049887,11103.3
10.303854875,10365.2
10.309659864,9608.25
10.315464853,10825.3
10.321269841,11059.8
10.327074830,11978.4
10.332879819,8966.72
10.338684807,8673.06
10.344489796,5501.63
10.350294785,3944.88
10.356099773,3159.14
10.361904762,2749.65
10.367709751,2922.1
10.373514739,2162.8
10.379319728,1689.89
10.385124717,1428.68
10.390929705,1369.49
10.396734694,1521.09
10.402539683,1755.14
10.408344671,1730.66
10.414149660,1967.46
10.419954649,1845.36
10.425759637,1656.44
10.431564626,2269.47
10.437369615,2031.64
10.443174603,1172.66
10.448979592,972.338
10.454784580,840.874
10.460589569,790.921
10.466394558,755.947
10.472199546,677.632
10.478004535,614.711
10.483809524,686.874
10.489614512,636.651
10.495419501,570.22
10.501224490,563.502
10.507029478,584.622
10.512834467,577.762
10.518639456,574.526
10.524444444,622.484
10.530249433,623.702
10.536054422,583.974
10.541859410,633.87
10.547664399,710.39
10.553469388,752.073
10.559274376,781.717
10.565079365,847.328
10.570884354,850.124
10.576689342,958.369
10.582494331,1010.43
10.588299320,969.206
10.594104308,1101.56
10.599909297,1172.9
10.605714286,1171.29
10.611519274,1311.7
10.617324263,1259.98
10.623129252,1453.06
10.628934240,1550.78
10.634739229,1558.89
10.640544218,1655.47
10.646349206,1568
10.652154195,1681.81
10.657959184,1638.18
10.663764172,1666.99
10.669569161,1554.43
10.675374150,1672.1
10.681179138,1837.65
10.686984127,1770.97
10.692789116,1940.37
10.698594104,1856.49
10.704399093,2242.77
10.710204082,2001.12
10.716009070,2432.25
10.721814059,2302.04
10.727619048,2464.59
10.733424036,2355.17
10.739229025,3036.03
10.745034014,3123.16
10.750839002,5127.18
10.756643991,4616.56
10.762448980,5513.88
10.768253968,9634.6
10.774058957,5807.53
10.779863946,2630.36
10.785668934,3805.74
10.791473923,8951.47
10.797278912,12340.7
10.803083900,16262.2
10.808888889,18186.7
10.814693878,29532.9
10.820498866,32880
10.826303855,30395.9
10.832108844,14115.9
10.837913832,4377.6
10.843718821,3728.95
10.849523810,3326.62
10.855328798,2783.99
10.861133787,1430.06
10.866938776,1182.58
10.872743764,1321.43
10.878548753,1362.75
10.884353741,1326.12
10.890158730,1437.39
10.895963719,1358.86
10.901768707,1374.78
10.907573696,1781.04
10.913378685,2165.29
10.919183673,2364.65
10.924988662,2195.5
10.930793651,2199.3
10.936598639,2311.89
10.942403628,2101.59
10.948208617,2529.09
10.954013605,2465.36
10.959818594,3040.74
10.965623583,3223.4
10.971428571,4011.11
10.977233560,3854.98
10.983038549,2460.82
10.988843537,1617.74
10.994648526,1167.94
11.000453515,1122.32
11.006258503,1303.38
11.012063492,1195.79
11.017868481,1218.08
11.023673469,1344.07
11.029478458,1401.76
11.035283447,1821.24
11.041088435,1998.17
11.046893424,2812.74
11.052698413,3408.05
11.058503401,8215.53
11.064308390,13745.1
11.070113379,18201.9
11.075918367,18704.9
11.081723356,15031.9
11.087528345,2969.89
11.093333333,1595.59
11.099138322,1532.44
11.104943311,1685.09
11.110748299,2942.45
11.116553288,2431.49
11.122358277,2194.07
11.128163265,2386.38
11.133968254,1900.62
11.139773243,1406.06
11.145578231,1173.84
11.151383220,1054.54
11.157188209,910.251
11.162993197,771.129
11.168798186,527.405
11.174603175,541.6
11.180408163,589.958
11.186213152,612.683
11.192018141,758.581
11.197823129,852.43
11.203628118,948.976
11.209433107,1221.94
11.215238095,1431.58
11.221043084,1740.56
11.226848073,2055.74
11.232653061,2107.67
11.238458050,2723.18
11.244263039,2744.87
11.250068027,2938.59
11.255873016,2864.75
11.261678005,2435.43
11.267482993,1907.69
11.273287982,1550.5
11.279092971,1158.69
11.284897959,913.016
11.290702948,910.044
11.296507937,904.137
11.302312925,1061.58
11.308117914,1326.29
11.313922902,1518.52
11.319727891,1840.81
11.325532880,1943.3
11.331337868,2103.02
11.337142857,2678.08
11.342947846,2675.39
11.348752834,3223.23
11.354557823,2761.13
11.360362812,2816.49
11.366167800,2831.58
11.371972789,2703.95
11.377777778,2768.52
11.383582766,2658.47
11.389387755,2483.97
11.395192744,2533.17
11.400997732,2194.64
11.406802721,1797.05
11.412607710,1643.67
11.418412698,1639.75
11.424217687,1693.71
11.430022676,1516.33
11.435827664,2489.46
11.441632653,3673.67
11.447437642,4324.93
11.453242630,5180.61
11.459047619,5180.62
11.464852608,5211.32
11.470657596,5088.01
11.476462585,5867.28
11.482267574,7781.47
11.488072562,8400.35
11.493877551,9016.11
11.499682540,8752.53
11.505487528,7502.1
11.511292517,8295.95
11.517097506,8551.17
11.522902494,8044.91
11.528707483,6865.05
11.534512472,5798.7
11.540317460,4036.09
11.546122449,2674.01
11.551927438,1515.92
11.557732426,677.208
11.563537415,523.165
11.569342404,531.791
11.575147392,567.591
11.580952381,625.68
11.586757370,599.497
11.592562358,593.789
11.598367347,538.511
11.604172336,517.851
11.609977324,585.136
11.615782313,554.15
11.621587302,548.017
11.627392290,569.337
11.633197279,502.827
11.639002268,507.824
11.644807256,556.161
11.650612245,563.008
11.656417234,639.449
11.662222222,691.272
11.668027211,684.711
11.673832200,714.277
11.679637188,703.741
11.685442177,686.346
11.691247166,883.758
11.697052154,947.13
11.702857143,1829.49
11.708662132,2261.68
11.714467120,3381.77
11.720272109,4711.98
11.726077098,5734.89
11.731882086,7047.3
11.737687075,9632.07
11.743492063,10258.4
11.749297052,10198.7
11.755102041,11691.6
11.760907029,13729.5
11.766712018,15058.7
11.772517007,17207.4
11.778321995,20034.2
11.784126984,21226.3
11.789931973,20085
11.795736961,8961.29
11.801541950,2397.99
11.807346939,1980.17
11.813151927,1352.27
11.818956916,1488.18
11.824761905,1420.2
11.830566893,1647.72
11.836371882,1611.62
11.842176871,2031.67
11.847981859,2029.21
11.853786848,2586.08
11.859591837,2582.14
11.865396825,4255.5
11.871201814,3536.35
11.877006803,4950.74
11.882811791,4057.47
11.888616780,4600.25
11.894421769,4541.28
11.900226757,3806.22
11.906031746,4612.19
11.911836735,3421.74
11.917641723,4056.01
11.923446712,3315.59
11.929251701,3338.05
11.935056689,2884.76
11.940861678,2496.28
11.946666667,2664.87
11.952471655,2183.4
11.958276644,2272.43
11.964081633,1673.06
11.969886621,1106.78
11.975691610,872.279
11.981496599,786.1
11.987301587,711.37
11.993106576,767.941
11.998911565,692.531
12.004716553,703.216
12.010521542,747.788
12.016326531,722.978
12.022131519,719.37
12.027936508,722.33
12.033741497,703.82
12.039546485,758.753
12.045351474,740.807
12.051156463,722.454
12.056961451,699.154
12.062766440,713.985
12.068571429,719.227
12.074376417,630.941
12.080181406,639.146
12.085986395,677.094
12.091791383,1019.84
12.097596372,1513.76
12.103401361,1824.29
12.109206349,2207.72
12.115011338,2184.19
12.120816327,2339.57
12.126621315,2665.61
12.132426304,1888.15
12.138231293,1185.36
12.144036281,909.158
12.149841270,924.092
12.155646259,894.629
12.161451247,904.619
12.167256236,958.877
12.173061224,988.763
12.178866213,1087.3
12.184671202,1170.18
12.190476190,1095.09
12.196281179,1166.53
12.202086168,1149.47
12.207891156,1034.5
12.213696145,1094.27
12.219501134,996.845
12.225306122,921.077
12.231111111,1042.49
12.236916100,981.983
12.242721088,1214.93
12.248526077,1138.38
12.254331066,1299.29
12.260136054,1288.7
12.265941043,1309.31
12.271746032,1447.03
12.277551020,1878.12
12.283356009,2693.46
12.289160998,3527.69
12.294965986,4290.01
12.300770975,6938.39
12.306575964,9889.47
12.312380952,16409.2
12.318185941,21745.4
12.323990930,17505.7
12.329795918,18590.7
12.335600907,16418.8
12.341405896,6404.61
12.347210884,5697.17
12.353015873,7931.27
12.358820862,13131
12.364625850,13056.1
12.370430839,10781.9
12.376235828,10527
12.382040816,9614.32
12.387845805,9508.52
12.393650794,7733.42
12.399455782,8024.23
12.405260771,7188.13
12.411065760,6497.98
12.416870748,6351.45
12.422675737,4733.32
12.428480726,3720.97
12.434285714,3674.67
12.440090703,3875.53
12.445895692,3517.09
12.451700680,4142.6
12.457505669,2488.35
12.463310658,1799.17
12.469115646,1749.62
12.474920635,2067.11
12.480725624,2442.44
12.486530612,2887.31
12.492335601,3278.72
12.498140590,2527.66
12.503945578,1382.27
12.509750567,1395.62
12.515555556,1121.6
12.521360544,1311.09
12.527165533,1161.61
12.532970522,1478.57
12.538775510,1411.53
12.544580499,1162.12
12.550385488,1232.32
12.556190476,1145.32
12.561995465,1323.35
12.567800454,1232.44
12.573605442,1390.26
12.579410431,1367.48
12.585215420,1483.43
12.591020408,1558.57
12.596825397,1441.87
12.602630385,1565.35
12.608435374,1466.17
12.614240363,1537.66
12.620045351,1514.07
12.625850340,1580.39
12.631655329,1740.9
12.637460317,1582.23
12.643265306,2065.58
12.649070295,2103.17
12.654875283,2858.42
12.660680272,3179.43
12.666485261,3919.11
12.672290249,4118.73
12.678095238,4651.23
12.683900227,5996.96
12.689705215,6533.21
12.695510204,7045.28
12.701315193,7339.91
12.707120181,7459.72
12.712925170,7115.1
12.718730159,8381.09
12.724535147,9678.62
12.730340136,8392.74
12.736145125,8022.13
12.741950113,7596.25
12.747755102,3197.53
12.753560091,1810.98
12.759365079,1541.97
12.765170068,1295.27
12.770975057,1327.99
12.776780045,1215.41
12.782585034,1190.17
12.788390023,1314.05
12.794195011,1354.84
12.800000000,1494.69
12.805804989,1435.06
12.811609977,1380.52
12.817414966,1453.97
12.823219955,1863.7
12.829024943,1424.95
12.834829932,1209.09
12.840634921,1064.31
12.846439909,955.436
12.852244898,1014.25
12.858049887,1187.51
12.863854875,1424.7
12.869659864,1354.68
12.875464853,1149.13
12.881269841,1543.67
12.887074830,2071.54
12.892879819,2343.32
12.898684807,2457.81
12.904489796,2188.22
12.910294785,1144.75
12.916099773,797.775
12.921904762,821.683
12.927709751,878.588
12.933514739,951.13
12.939319728,1180.74
12.945124717,1308.6
12.950929705,2261.69
12.956734694,2784.9
12.962539683,3827.49
12.968344671,3670.34
12.974149660,4599.03
12.979954649,4079.4
12.985759637,5110.62
12.991564626,3839.94
12.997369615,2817.04
13.003174603,2825.41
13.008979592,2259.2
13.014784580,2371.54
13.020589569,2295.46
13.026394558,2019.08
13.032199546,1102.84
13.038004535,892.252
13.043809524,771.761
13.049614512,802.367
13.055419501,708.19
13.061224490,720.996
13.067029478,702
13.072834467,692.004
13.078639456,704.578
13.084444444,617.706
13.090249433,653.492
13.096054422,674.802
13.101859410,629.197
13.107664399,697.808
13.113469388,676.665
13.119274376,734.297
13.125079365,786.68
13.130884354,755.865
13.136689342,819.918
13.142494331,779.475
13.148299320,958.22
13.154104308,1209.74
13.159909297,2304.99
13.165714286,3295.4
13.171519274,6692.3
13.177324263,8137.3
13.183129252,7482.19
13.188934240,8187.73
13.194739229,12151.1
13.200544218,11235.4
13.206349206,13530
13.212154195,13336.9
13.217959184,14140.3
13.223764172,17017.4
13.229569161,7540.99
13.235374150,1822.13
13.241179138,1326.84
13.246984127,1024.35
13.252789116,1043.67
13.258594104,1072.56
13.264399093,1056.22
13.270204082,1363.11
13.276009070,1600.67
13.281814059,3061.6
13.287619048,4765.45
13.293424036,6938.02
13.299229025,12238.3
13.305034014,15513.2
13.310839002,16193.2
13.316643991,19533.2
13.322448980,12947.8
13.328253968,4646.12
13.334058957,1268.21
13.339863946,998.722
13.345668934,2031.94
13.351473923,3274.95
13.357278912,3478.66
13.363083900,2163.1
13.368888889,1532.39
13.374693878,1209.31
13.380498866,896.705
13.386303855,634.531
13.392108844,637.898
13.397913832,591.7
13.403718821,722.093
13.409523810,697.256
13.415328798,935.266
13.421133787,1035.32
13.426938776,1655.69
13.432743764,2069.61
13.438548753,2101.44
13.444353741,2192.66
13.450158730,2032.04
13.455963719,2174.47
13.461768707,2103.72
13.467573696,2019.43
13.473378685,2204.76
13.479183673,1917.25
13.484988662,1682.48
13.490793651,1404.55
13.496598639,1220.91
13.502403628,1398.38
13.508208617,1366.02
13.514013605,1405.19
13.519818594,1485.24
13.525623583,1405.66
13.531428571,1476.84
13.537233560,1308.77
13.543038549,1356.89
13.548843537,1356.05
13.554648526,1410.09
13.560453515,1403.36
13.566258503,1298.6
13.572063492,1395.98
13.577868481,1244.02
13.583673469,1323.81
13.589478458,1370.05
13.595283447,1784.87
13.601088435,1962.46
13.606893424,1872.78
13.612698413,2146.98
13.618503401,1859.06
13.624308390,1535.99
13.630113379,1387.49
13.635918367,1182.86
13.641723356,1201.94
13.647528345,1070.35
13.653333333,1061.4
13.659138322,1031.16
13.664943311,952.601
13.670748299,1070.87
13.676553288,1053.24
13.682358277,1088.69
13.688163265,970.302
13.693968254,945.12
13.699773243,923.666
13.705578231,869.527
13.711383220,971.659
13.717188209,890.465
13.722993197,854.103
13.728798186,865.413
13.734603175,867.099
13.740408163,992.464
13.746213152,898.172
13.752018141,847.991
13.757823129,911.833
13.763628118,921.422
13.769433107,920.763
13.775238095,773.716
13.781043084,875.083
13.786848073,663.994
13.792653061,711.302
13.798458050,640.732
13.804263039,1047.08
13.810068027,1280.76
13.815873016,1206.67
13.821678005,1500.01
13.827482993,1764.85
13.833287982,2346.75
13.839092971,2294.09
13.844897959,3094.41
13.850702948,3089.27
13.856507937,4395.36
13.862312925,4215.53
13.868117914,5188.71
13.873922902,4288.02
13.879727891,5824.16
13.885532880,8737.79
13.891337868,7622.97
13.897142857,8482.71
13.902947846,8523.04
13.908752834,9720.3
13.914557823,13060.4
13.920362812,15714.4
13.926167800,15737.5
13.931972789,21239.1
13.937777778,23081.1
13.943582766,22169.1
13.949387755,22890.8
13.955192744,20561.5
13.960997732,16611.3
13.966802721,13799
13.972607710,12267
13.978412698,10259.7
13.984217687,5191.22
13.990022676,2544.93
13.995827664,1384.96
14.001632653,1190.2
14.007437642,1038.95
14.013242630,1151.58
14.019047619,1032.04
14.024852608,1231.63
14.030657596,1140.2
14.036462585,1264.35
14.042267574,1289.05
14.048072562,1242.35
14.053877551,1354.78
14.059682540,1264.04
14.065487528,1134.13
14.071292517,933.755
14.077097506,989.499
14.082902494,1005.63
14.088707483,1250.66
14.094512472,1497.23
14.100317460,1805.97
14.106122449,2664.81
14.111927438,4560.41
14.117732426,5363.32
14.123537415,10735.3
14.129342404,12889.9
14.135147392,17442.9
14.140952381,15421.2
14.146757370,15947
14.152562358,18260.7
14.158367347,23383.5
14.164172336,8341.03
14.169977324,4479.07
14.175782313,5971.48
14.181587302,6793.4
14.187392290,8689.33
14.193197279,14363.9
14.199002268,10192.5
14.204807256,8624.61
14.210612245,8100.63
14.216417234,7808.96
14.222222222,7704.07
14.228027211,7990.4
14.233832200,10551.4
14.239637188,13696.5
14.245442177,14573.8
14.251247166,14553.6
14.257052154,13362.2
14.262857143,14832.7
14.268662132,15897.4
14.274467120,21087.3
14.280272109,21625.4
14.286077098,21686.5
14.291882086,18924.1
14.297687075,18484.7
14.303492063,22779
14.309297052,20157.9
14.315102041,20578.9
14.320907029,25087.3
14.326712018,28708
14.332517007,25403.4
14.338321995,17721.8
14.344126984,13381.5
14.349931973,13764.9
14.355736961,12306.2
14.361541950,14112.7
14.367346939,9930.56
14.373151927,3874.36
14.378956916,1381.5
14.384761905,1155.7
14.390566893,903.725
14.396371882,1181.45
14.402176871,1993.08
14.407981859,3405.27
14.413786848,4370.79
14.419591837,4762.15
14.425396825,10116.6
14.431201814,15229.6
14.437006803,20534.6
14.442811791,23942.2
14.448616780,21840.8
14.454421769,18379.7
14.460226757,19735.1
14.466031746,19565.8
14.471836735,31163.4
14.477641723,30349.4
14.483446712,33025
14.489251701,43898.3
14.495056689,5986.39
14.500861678,2198.32
14.506666667,2324.03
14.512471655,3078.25
14.518276644,2288.11
14.524081633,1651.26
14.529886621,1669.7
14.535691610,1799.89
14.541496599,2642.21
14.547301587,2044.14
14.553106576,1145.74
14.558911565,1105.2
14.564716553,947.466
14.570521542,1067.02
14.576326531,1190.13
14.582131519,1145.95
14.587936508,1252.01
14.593741497,1192.77
14.599546485,1227.67
14.605351474,1159.34
14.611156463,1089.03
14.616961451,1257.57
14.622766440,1167.29
14.628571429,1301.92
14.634376417,1219.72
14.640181406,1253.53
14.645986395,1386.81
14.651791383,1426.46
14.657596372,1702.2
14.663401361,1717.69
14.669206349,1986.46
14.675011338,2062.08
14.680816327,2112.16
14.686621315,2406.52
14.692426304,2222.58
14.698231293,2594.73
14.704036281,2401.08
14.709841270,2389.49
14.715646259,2251.33
14.721451247,1771.92
14.727256236,2256.83
14.733061224,2481.7
14.738866213,2695.71
14.744671202,3741.21
14.750476190,5289.13
14.756281179,7947.04
14.762086168,4370.03
14.767891156,2996.77
14.773696145,3628.7
14.779501134,8317.13
14.785306122,8021.95
14.791111111,6608.83
14.796916100,4770.04
14.802721088,4805.58
14.808526077,5085.49
14.814331066,4913.2
14.820136054,6269.87
14.825941043,5524.76
14.831746032,1432.51
14.837551020,1101.82
14.843356009,934.893
14.849160998,1071.31
14.854965986,965.944
14.860770975,1074.2
14.866575964,1036.71
14.872380952,1087.13
14.878185941,1160.46
14.883990930,1036.59
14.889795918,1137.82
14.895600907,1063.82
14.901405896,1087.79
14.907210884,1123.73
14.913015873,907.425
14.918820862,1012.06
14.924625850,862.34
14.930430839,1059.34
14.936235828,930.607
14.942040816,1278.18
14.947845805,1136.96
14.953650794,1970.7
14.959455782,1756.94
14.965260771,2561.72
14.971065760,5411.52
14.976870748,3671.7
14.982675737,3739.21
14.988480726,7450.45
14.994285714,13688
15.000090703,19932.8
15.005895692,26779.8
15.011700680,21236.8
15.017505669,21991.7
15.023310658,24726.3
15.029115646,27744.4
15.034920635,30921.4
15.040725624,34626.9
15.046530612,34512.8
15.052335601,32622.6
15.058140590,34521.8
15.063945578,38647.8
15.069750567,30230.9
15.075555556,30244.3
15.081360544,39588.6
15.087165533,40467
15.092970522,40725.4
15.098775510,37961.4
15.104580499,49424.7
15.110385488,46568.9
15.116190476,49949.5
15.121995465,49101.1
15.127800454,51121
15.133605442,57545.1
15.139410431,44724.4
15.145215420,34853.1
15.151020408,36638.8
15.156825397,45633.3
15.162630385,20163.6
15.168435374,6006.59
15.174240363,3721.74
15.180045351,3477.66
15.185850340,3449.36
15.191655329,3758.92
15.197460317,4979.81
15.203265306,4608.32
15.209070295,3457.08
15.214875283,2885.15
15.220680272,1353.98
15.226485261,928.596
15.232290249,996.007
15.238095238,1179.26
15.243900227,1587.9
15.249705215,1506.7
15.255510204,1056.33
15.261315193,781.975
15.267120181,664.038
15.272925170,574.758
15.278730159,638.695
15.284535147,755.096
15.290340136,777.682
15.296145125,682.115
15.301950113,690.087
15.307755102,791.498
15.313560091,762.062
15.319365079,843.664
15.325170068,773.922
15.330975057,762.75
15.336780045,741.763
15.342585034,711.319
15.348390023,700.452
15.354195011,631.343
15.360000000,1149.06
15.365804989,1514.05
15.371609977,1751
15.377414966,2193.76
15.383219955,2825.45
15.389024943,2634.81
15.394829932,2395.7
15.400634921,4254.19
15.406439909,3971.46
15.412244898,4223.8
15.418049887,4571.5
15.423854875,5840.42
15.429659864,5112.42
15.435464853,8323.19
15.441269841,18622.9
15.447074830,28696.2
15.452879819,28859.5
15.458684807,29142.3
15.464489796,24705.6
15.470294785,25984.6
15.476099773,3859.57
15.481904762,1850.63
15.487709751,2005.1
15.493514739,1341.98
15.499319728,1394.79
15.505124717,2602.62
15.510929705,2852.72
15.516734694,3735.66
15.522539683,3785.02
15.528344671,4825.66
15.534149660,3053.61
15.539954649,2484.02
15.545759637,4359.34
15.551564626,3485.14
15.557369615,4074.12
15.563174603,4031.55
15.568979592,2670.92
15.574784580,1867.64
15.580589569,2710.11
15.586394558,2428.75
15.592199546,2536.25
15.598004535,3706.08
15.603809524,4656.85
15.609614512,4334.88
15.615419501,4650.8
15.621224490,5096.97
15.627029478,5258.13
15.632834467,5876.45
15.638639456,6248.1
15.644444444,6427.77
15.650249433,6613.23
15.656054422,6031.43
15.661859410,6629.54
15.667664399,8375.24
15.673469388,10962.9
15.679274376,12368.4
15.685079365,12272.9
15.690884354,12156.5
15.696689342,13897.8
15.702494331,16879.4
15.708299320,20081.7
15.714104308,19590.7
15.719909297,18030.6
15.725714286,17747.8
15.731519274,15033.6
15.737324263,18148.6
15.743129252,17398.8
15.748934240,17144.9
15.754739229,14474.6
15.760544218,14889.7
15.766349206,21448.3
15.772154195,23248.4
15.777959184,25778.4
15.783764172,22198.4
15.789569161,24744.6
15.795374150,23243.1
15.801179138,22972.2
15.806984127,26643.7
15.812789116,24456.8
15.818594104,22002.9
15.824399093,26045.5
15.830204082,25931
15.836009070,23569.4
15.841814059,28171.9
15.847619048,25279.7
15.853424036,28278.4
15.859229025,20803.1
15.865034014,17523.9
15.870839002,21182.2
15.876643991,32260
15.882448980,33942.8
15.888253968,37058.9
15.894058957,36857
15.899863946,48629.5
15.905668934,37401.7
15.911473923,49040.1
15.917278912,42275.9
15.923083900,53328.6
15.928888889,59471.3
15.934693878,65473.8
15.940498866,57930.2
15.946303855,50576.9
15.952108844,55835.3
15.957913832,60351.2
15.963718821,38752.6
15.969523810,42338.7
15.975328798,41524.4
15.981133787,37877.9
15.986938776,48490.5
15.992743764,51962.9
15.998548753,46169.3
16.004353741,38868.7
16.010158730,33732
16.015963719,41815.4
16.021768707,39822.9
16.027573696,37206.3
16.033378685,36087.9
16.039183673,33062.3
16.044988662,32070.7
16.050793651,28143.4
16.056598639,29094.4
16.062403628,35872.6
16.068208617,37881.7
16.074013605,33571.2
16.079818594,27277.6
16.085623583,29548.4
16.091428571,34755.5
16.097233560,33920.4
16.103038549,28269.6
16.108843537,28463.9
16.114648526,31910.5
16.120453515,30507.5
16.126258503,27132.2
16.132063492,26122.2
16.137868481,29839.4
16.143673469,28757
16.149478458,28965.5
16.155283447,26336.3
16.161088435,23724
16.166893424,21429.6
16.172698413,21720.5
16.178503401,21324.5
16.184308390,27774.6
16.190113379,28461.2
16.195918367,30582.1
16.201723356,32098.6
16.207528345,33597.4
16.213333333,32952.4
16.219138322,33165.1
16.224943311,30601.8
16.230748299,29245.3
16.236553288,29960.1
16.242358277,31972.3
16.248163265,24187.9
16.253968254,28978
16.259773243,27601
16.265578231,31382.7
16.271383220,30293.3
16.277188209,32084
16.282993197,28662.5
16.288798186,27147.6
16.294603175,31915.3
16.300408163,32355
16.306213152,30987.5
16.312018141,32356.4
16.317823129,31757.3
16.323628118,29904.8
16.329433107,35716.9
16.335238095,31615.4
16.341043084,31521
16.346848073,26633.7
16.352653061,26414.9
16.358458050,25765.1
16.364263039,26580.5
16.370068027,28054.4
16.375873016,25698.4
16.381678005,33746.1
16.387482993,31295.2
16.393287982,25814.3
16.399092971,24741.8
16.404897959,27084.9
16.410702948,22736.4
16.416507937,28458.8
16.422312925,25693.8
16.428117914,32456.4
16.433922902,23863.7
16.439727891,20172.3
16.445532880,26487.8
16.451337868,26076.1
16.457142857,32355.5
16.462947846,39472.7
16.468752834,36188.5
16.474557823,33014.6
16.480362812,38497
16.486167800,35792.6
16.491972789,35699.6
16.497777778,31216.3
16.503582766,28330.8
16.509387755,28368.1
16.515192744,44051
16.520997732,32473
16.526802721,26047.9
16.532607710,25381.6
16.538412698,31431.5
16.544217687,34370.4
16.550022676,32504.1
16.555827664,36202.1
16.561632653,26561.5
16.567437642,30074.1
16.573242630,28390.6
16.579047619,33373.2
16.584852608,29848.2
16.590657596,36077.2
16.596462585,33477
16.602267574,33780.1
16.608072562,34522.5
16.613877551,38581.9
16.619682540,38086.6
16.625487528,27998.1
16.631292517,25563.3
16.637097506,18682.4
16.642902494,26664.4
16.648707483,30686.2
16.654512472,33903.8
16.660317460,42355.2
16.666122449,43781.4
16.671927438,41396.9
16.677732426,38779.5
16.683537415,32598.3
16.689342404,33537.3
16.695147392,33919.1
16.700952381,42678.9
16.706757370,40765.7
16.712562358,40268.7
16.718367347,39672
16.724172336,38514.9
16.729977324,40038.8
16.735782313,34909.9
16.741587302,36559.2
16.747392290,43738.1
16.753197279,38961.3
16.759002268,50719.9
16.764807256,35210.4
16.770612245,30440.1
